../src/app.wat.patched:317643:4: error: start function must be nullary
  (start 572)
   ^^^^^
../src/app.wat.patched:274:5: error: type mismatch in call, expected [i32, i32] but got [i32]
    call $import_js_debug
    ^^^^
../src/app.wat.patched:285:7: error: type mismatch in call, expected [i32, f64, f64, f64, f64, f64] but got [i32, i32, i32]
      call 535
      ^^^^
../src/app.wat.patched:298:13: error: type mismatch in call, expected [i32, i32] but got []
            call 287
            ^^^^
../src/app.wat.patched:333:15: error: type mismatch in call, expected [i32, f64, f64, f64, f64, f64] but got [i32, i32, i32]
              call 535
              ^^^^
../src/app.wat.patched:348:13: error: type mismatch in call, expected [i32, i32] but got []
            call 287
            ^^^^
../src/app.wat.patched:1606:7: error: type mismatch in call, expected [i32, i32, i32, i32, i32] but got [i32, i32]
      call 510
      ^^^^
../src/app.wat.patched:1826:27: error: type mismatch in call, expected [i32, f64, f64, i32] but got [... i32, i32, i32, i32]
                          call 246
                          ^^^^
../src/app.wat.patched:1837:25: error: type mismatch at end of `if true` branch, expected [] but got [i32]
                        end
                        ^^^
../src/app.wat.patched:1914:23: error: type mismatch in call, expected [i32, f64, f64, i32] but got [... i32, i32, i32, i32]
                      call 246
                      ^^^^
../src/app.wat.patched:1921:21: error: type mismatch at end of `if true` branch, expected [] but got [i32]
                    end
                    ^^^
../src/app.wat.patched:1971:15: error: type mismatch at end of block, expected [] but got [i32, i32]
              end
              ^^^
../src/app.wat.patched:1997:17: error: type mismatch in call, expected [i32, i32, i32] but got [i32, i32]
                call 325
                ^^^^
../src/app.wat.patched:2038:13: error: type mismatch at end of block, expected [] but got [i32, i32]
            end
            ^^^
../src/app.wat.patched:2060:15: error: type mismatch in call, expected [i32, f64, f64, i32] but got [... i32, i32, i32, i32]
              call 246
              ^^^^
../src/app.wat.patched:2067:13: error: type mismatch at end of `if true` branch, expected [] but got [i32]
            end
            ^^^
../src/app.wat.patched:2338:21: error: type mismatch in call, expected [i32, f64, f64, f64, f64, f64] but got [i32, i32, i32, i32, i32, i32]
                    call 535
                    ^^^^
../src/app.wat.patched:2414:31: error: type mismatch in call, expected [i32, i32, i32] but got [i32]
                              call 302
                              ^^^^
../src/app.wat.patched:2537:31: error: type mismatch in call, expected [i32, i32, i32] but got [i32]
                              call 302
                              ^^^^
../src/app.wat.patched:2733:21: error: type mismatch in call, expected [i32, i32, i32, i32] but got [... f64, f64, f64, f64]
                    call 537
                    ^^^^
../src/app.wat.patched:2770:49: error: type mismatch in call, expected [i32, i32, i32] but got [i32]
                                                call 302
                                                ^^^^
../src/app.wat.patched:2800:49: error: type mismatch in call, expected [i32, i32, i32] but got [i32]
                                                call 302
                                                ^^^^
../src/app.wat.patched:2834:49: error: type mismatch in call, expected [i32, i32, i32] but got [i32]
                                                call 302
                                                ^^^^
../src/app.wat.patched:2866:49: error: type mismatch in call, expected [i32, i32, i32] but got [i32]
                                                call 302
                                                ^^^^
../src/app.wat.patched:2915:49: error: type mismatch in call, expected [i32, i32] but got [i32]
                                                call 405
                                                ^^^^
../src/app.wat.patched:2916:47: error: type mismatch at end of `if true` branch, expected [] but got [i32]
                                              end
                                              ^^^
../src/app.wat.patched:2954:49: error: type mismatch in call, expected [i32, i32] but got [i32]
                                                call 405
                                                ^^^^
../src/app.wat.patched:2955:47: error: type mismatch at end of `if true` branch, expected [] but got [i32]
                                              end
                                              ^^^
../src/app.wat.patched:2997:49: error: type mismatch in call, expected [i32, i32] but got [i32]
                                                call 405
                                                ^^^^
../src/app.wat.patched:2998:47: error: type mismatch at end of `if true` branch, expected [] but got [i32]
                                              end
                                              ^^^
../src/app.wat.patched:3040:49: error: type mismatch in call, expected [i32, i32] but got [i32]
                                                call 405
                                                ^^^^
../src/app.wat.patched:3041:47: error: type mismatch at end of `if true` branch, expected [] but got [i32]
                                              end
                                              ^^^
../src/app.wat.patched:3185:21: error: type mismatch in call, expected [i32, i32, i32] but got [i32, i32]
                    call 352
                    ^^^^
../src/app.wat.patched:3211:23: error: type mismatch in call, expected [i32, i32, i32] but got [i32]
                      call 302
                      ^^^^
../src/app.wat.patched:3295:23: error: type mismatch in call, expected [i32, i32] but got [i32]
                      call 405
                      ^^^^
../src/app.wat.patched:3296:21: error: type mismatch at end of `if true` branch, expected [] but got [i32]
                    end
                    ^^^
../src/app.wat.patched:3334:23: error: type mismatch in call, expected [i32, i32] but got [i32]
                      call 405
                      ^^^^
../src/app.wat.patched:3335:21: error: type mismatch at end of `if true` branch, expected [] but got [i32]
                    end
                    ^^^
../src/app.wat.patched:3449:9: error: type mismatch in call, expected [f64, i32, i32] but got []
        call 233
        ^^^^
../src/app.wat.patched:3450:9: error: type mismatch in local.tee, expected [i32] but got [f64]
        local.tee 2
        ^^^^^^^^^
../src/app.wat.patched:3464:7: error: type mismatch at end of `if true` branch, expected [] but got [... i32, i32, i32, i32]
      end
      ^^^
../src/app.wat.patched:3467:5: error: type mismatch at end of `if false` branch, expected [] but got [i32]
    end
    ^^^
../src/app.wat.patched:3880:11: error: type mismatch in call, expected [i32, i32, i32, i32, i32, i32] but got [i32, i32, i32]
          call 531
          ^^^^
../src/app.wat.patched:5147:27: error: type mismatch in call, expected [i32, i32, i32] but got [i32]
                          call 302
                          ^^^^
../src/app.wat.patched:5257:35: error: type mismatch in call, expected [i32, i32] but got [i32]
                                  call 405
                                  ^^^^
../src/app.wat.patched:5519:31: error: type mismatch in call, expected [i32, i32, i32] but got [i32]
                              call 302
                              ^^^^
../src/app.wat.patched:5633:39: error: type mismatch in call, expected [i32, i32] but got [i32]
                                      call 405
                                      ^^^^
../src/app.wat.patched:6193:35: error: type mismatch in call, expected [i32, i32] but got [i32, i64]
                                  call 211
                                  ^^^^
../src/app.wat.patched:6199:37: error: type mismatch in call, expected [i32, i32, i32] but got [i32]
                                    call 302
                                    ^^^^
../src/app.wat.patched:6258:37: error: type mismatch in call, expected [i32, i32, i32] but got [i32, i32]
                                    call 302
                                    ^^^^
../src/app.wat.patched:6317:39: error: type mismatch in call, expected [f64, i32, i32] but got []
                                      call 233
                                      ^^^^
../src/app.wat.patched:6318:39: error: type mismatch in local.tee, expected [i32] but got [f64]
                                      local.tee 3
                                      ^^^^^^^^^
../src/app.wat.patched:6327:41: error: type mismatch in call, expected [f64, i32, i32] but got []
                                        call 233
                                        ^^^^
../src/app.wat.patched:6328:41: error: type mismatch in local.tee, expected [i32] but got [f64]
                                        local.tee 7
                                        ^^^^^^^^^
../src/app.wat.patched:6338:39: error: type mismatch at end of `if true` branch, expected [] but got [... i32, i32, i32, i32]
                                      end
                                      ^^^
../src/app.wat.patched:6350:41: error: type mismatch in call, expected [f64, i32, i32] but got []
                                        call 233
                                        ^^^^
../src/app.wat.patched:6351:41: error: type mismatch in local.tee, expected [i32] but got [f64]
                                        local.tee 7
                                        ^^^^^^^^^
../src/app.wat.patched:6362:39: error: type mismatch at end of `if true` branch, expected [] but got [... i32, i32, i32, i32]
                                      end
                                      ^^^
../src/app.wat.patched:6374:41: error: type mismatch in call, expected [f64, i32, i32] but got []
                                        call 233
                                        ^^^^
../src/app.wat.patched:6375:41: error: type mismatch in local.tee, expected [i32] but got [f64]
                                        local.tee 7
                                        ^^^^^^^^^
../src/app.wat.patched:6385:39: error: type mismatch at end of `if true` branch, expected [] but got [... i32, i32, i32, i32]
                                      end
                                      ^^^
../src/app.wat.patched:6397:41: error: type mismatch in call, expected [f64, i32, i32] but got []
                                        call 233
                                        ^^^^
../src/app.wat.patched:6398:41: error: type mismatch in local.tee, expected [i32] but got [f64]
                                        local.tee 7
                                        ^^^^^^^^^
../src/app.wat.patched:6412:39: error: type mismatch at end of `if true` branch, expected [] but got [... i32, i32, i32, i32]
                                      end
                                      ^^^
../src/app.wat.patched:6428:41: error: type mismatch in call, expected [f64, i32, i32] but got []
                                        call 233
                                        ^^^^
../src/app.wat.patched:6429:41: error: type mismatch in local.tee, expected [i32] but got [f64]
                                        local.tee 7
                                        ^^^^^^^^^
../src/app.wat.patched:6441:39: error: type mismatch at end of `if true` branch, expected [] but got [... i32, i32, i32, i32]
                                      end
                                      ^^^
../src/app.wat.patched:6453:41: error: type mismatch in call, expected [f64, i32, i32] but got []
                                        call 233
                                        ^^^^
../src/app.wat.patched:6454:41: error: type mismatch in local.tee, expected [i32] but got [f64]
                                        local.tee 7
                                        ^^^^^^^^^
../src/app.wat.patched:6468:39: error: type mismatch at end of `if true` branch, expected [] but got [... i32, i32, i32, i32]
                                      end
                                      ^^^
../src/app.wat.patched:6480:41: error: type mismatch in call, expected [f64, i32, i32] but got []
                                        call 233
                                        ^^^^
../src/app.wat.patched:6481:41: error: type mismatch in local.tee, expected [i32] but got [f64]
                                        local.tee 7
                                        ^^^^^^^^^
../src/app.wat.patched:6491:39: error: type mismatch at end of `if true` branch, expected [] but got [... i32, i32, i32, i32]
                                      end
                                      ^^^
../src/app.wat.patched:6503:41: error: type mismatch in call, expected [f64, i32, i32] but got []
                                        call 233
                                        ^^^^
../src/app.wat.patched:6504:41: error: type mismatch in local.tee, expected [i32] but got [f64]
                                        local.tee 7
                                        ^^^^^^^^^
../src/app.wat.patched:6516:39: error: type mismatch at end of `if true` branch, expected [] but got [... i32, i32, i32, i32]
                                      end
                                      ^^^
../src/app.wat.patched:6532:49: error: type mismatch in call, expected [i32, i32, i32] but got [i32]
                                                call 302
                                                ^^^^
../src/app.wat.patched:6537:49: error: type mismatch in call, expected [i32, i32, i32] but got [i32]
                                                call 302
                                                ^^^^
../src/app.wat.patched:6560:49: error: type mismatch in call, expected [i32, i32, i32] but got [i32]
                                                call 302
                                                ^^^^
../src/app.wat.patched:6591:49: error: type mismatch in call, expected [i32, i32, i32] but got [i32]
                                                call 302
                                                ^^^^
../src/app.wat.patched:6620:49: error: type mismatch in call, expected [i32, i32, i32] but got [i32]
                                                call 302
                                                ^^^^
../src/app.wat.patched:6643:49: error: type mismatch in call, expected [i32, i32, i32] but got [i32]
                                                call 302
                                                ^^^^
../src/app.wat.patched:6673:49: error: type mismatch in call, expected [i32, i32, i32] but got [i32]
                                                call 302
                                                ^^^^
../src/app.wat.patched:6703:49: error: type mismatch in call, expected [i32, i32, i32] but got [i32]
                                                call 302
                                                ^^^^
../src/app.wat.patched:6736:49: error: type mismatch in call, expected [i32, i32, i32] but got [i32]
                                                call 302
                                                ^^^^
../src/app.wat.patched:6880:55: error: type mismatch in call, expected [i32, i32] but got [i32]
                                                      call 405
                                                      ^^^^
../src/app.wat.patched:6881:53: error: type mismatch at end of `if true` branch, expected [] but got [i32]
                                                    end
                                                    ^^^
../src/app.wat.patched:6923:55: error: type mismatch in call, expected [i32, i32] but got [i32]
                                                      call 405
                                                      ^^^^
../src/app.wat.patched:6924:53: error: type mismatch at end of `if true` branch, expected [] but got [i32]
                                                    end
                                                    ^^^
../src/app.wat.patched:6967:55: error: type mismatch in call, expected [i32, i32] but got [i32]
                                                      call 405
                                                      ^^^^
../src/app.wat.patched:6968:53: error: type mismatch at end of `if true` branch, expected [] but got [i32]
                                                    end
                                                    ^^^
../src/app.wat.patched:7006:55: error: type mismatch in call, expected [i32, i32] but got [i32]
                                                      call 405
                                                      ^^^^
../src/app.wat.patched:7007:53: error: type mismatch at end of `if true` branch, expected [] but got [i32]
                                                    end
                                                    ^^^
../src/app.wat.patched:7045:55: error: type mismatch in call, expected [i32, i32] but got [i32]
                                                      call 405
                                                      ^^^^
../src/app.wat.patched:7046:53: error: type mismatch at end of `if true` branch, expected [] but got [i32]
                                                    end
                                                    ^^^
../src/app.wat.patched:7084:55: error: type mismatch in call, expected [i32, i32] but got [i32]
                                                      call 405
                                                      ^^^^
../src/app.wat.patched:7085:53: error: type mismatch at end of `if true` branch, expected [] but got [i32]
                                                    end
                                                    ^^^
../src/app.wat.patched:7123:55: error: type mismatch in call, expected [i32, i32] but got [i32]
                                                      call 405
                                                      ^^^^
../src/app.wat.patched:7124:53: error: type mismatch at end of `if true` branch, expected [] but got [i32]
                                                    end
                                                    ^^^
../src/app.wat.patched:7163:53: error: type mismatch in call, expected [i32, i32] but got [i32]
                                                    call 405
                                                    ^^^^
../src/app.wat.patched:7164:51: error: type mismatch at end of `if false` branch, expected [] but got [i32]
                                                  end
                                                  ^^^
../src/app.wat.patched:7203:51: error: type mismatch in call, expected [i32, i32] but got [i32]
                                                  call 405
                                                  ^^^^
../src/app.wat.patched:7204:49: error: type mismatch at end of `if false` branch, expected [] but got [i32]
                                                end
                                                ^^^
../src/app.wat.patched:7272:43: error: type mismatch in call, expected [i32, i32] but got [i32]
                                          call 0
                                          ^^^^
../src/app.wat.patched:7273:43: error: type mismatch in local.tee, expected [i32] but got []
                                          local.tee 4
                                          ^^^^^^^^^
../src/app.wat.patched:7278:45: error: type mismatch in call, expected [i32, i32, i32, i32, i32, i32, i32] but got [i32]
                                            call 69
                                            ^^^^
../src/app.wat.patched:7279:45: error: type mismatch in local.set, expected [i32] but got []
                                            local.set 2
                                            ^^^^^^^^^
../src/app.wat.patched:7449:39: error: type mismatch in call, expected [i32, i32, i32] but got [i32]
                                      call 302
                                      ^^^^
../src/app.wat.patched:7483:47: error: type mismatch in call, expected [i32, i32, i32] but got [i32]
                                              call 302
                                              ^^^^
../src/app.wat.patched:7599:51: error: type mismatch in call, expected [i32, i32, i32] but got [i32]
                                                  call 302
                                                  ^^^^
../src/app.wat.patched:7653:57: error: type mismatch in call, expected [i32, i32, i32] but got [i32]
                                                        call 302
                                                        ^^^^
../src/app.wat.patched:7704:55: error: type mismatch in call, expected [i32, i32, i32] but got [i32, i32]
                                                      call 352
                                                      ^^^^
../src/app.wat.patched:7741:53: error: type mismatch in call, expected [i32, i32, i32] but got [i32, i32]
                                                    call 352
                                                    ^^^^
../src/app.wat.patched:7774:51: error: type mismatch in call, expected [i32, i32, i32] but got [i32, i32]
                                                  call 352
                                                  ^^^^
../src/app.wat.patched:7899:41: error: type mismatch at end of loop, expected [] but got [i32]
                                        end
                                        ^^^
../src/app.wat.patched:7975:21: error: type mismatch in call, expected [i32, i32] but got [i32]
                    call 405
                    ^^^^
../src/app.wat.patched:7976:19: error: type mismatch at end of `if true` branch, expected [] but got [i32]
                  end
                  ^^^
../src/app.wat.patched:8021:17: error: type mismatch in call, expected [i32, i32] but got [i32]
                call 405
                ^^^^
../src/app.wat.patched:8022:15: error: type mismatch at end of loop, expected [] but got [i32]
              end
              ^^^
../src/app.wat.patched:8028:13: error: type mismatch at end of `if false` branch, expected [] but got [i32, i32]
            end
            ^^^
../src/app.wat.patched:8776:13: error: type mismatch in call, expected [i32, i32] but got [i32]
            call 405
            ^^^^
../src/app.wat.patched:8777:11: error: type mismatch at end of block, expected [] but got [i32]
          end
          ^^^
../src/app.wat.patched:9097:13: error: type mismatch in call, expected [i32, i32, i32] but got [i32]
            call 302
            ^^^^
../src/app.wat.patched:9138:13: error: type mismatch in call, expected [i32, i32] but got [i32]
            call 405
            ^^^^
../src/app.wat.patched:9141:11: error: type mismatch at end of block, expected [] but got [i32]
          end
          ^^^
../src/app.wat.patched:9448:7: error: type mismatch in call, expected [i32, f64, f64, i32] but got [... i32, i32, i32, i32]
      call 246
      ^^^^
../src/app.wat.patched:9450:7: error: type mismatch at end of `if true` branch, expected [] but got [i32]
      i32.load offset=8
      ^^^^^^^^
../src/app.wat.patched:9978:29: error: type mismatch in call, expected [i32, i32] but got [... i64, i64]
                            call 426
                            ^^^^
../src/app.wat.patched:10125:31: error: type mismatch in call, expected [i32, i32, i32, i32] but got [i32, i32, i32]
                              call 268
                              ^^^^
../src/app.wat.patched:10193:19: error: type mismatch in call, expected [i32, i32, i32] but got [i32]
                  call 302
                  ^^^^
../src/app.wat.patched:10206:21: error: type mismatch in call, expected [i32, i32, i32, i32] but got [i32, i32, i32]
                    call 308
                    ^^^^
../src/app.wat.patched:10207:19: error: type mismatch at end of `if true` branch, expected [] but got [i32]
                  end
                  ^^^
../src/app.wat.patched:10312:15: error: type mismatch in call, expected [i32, i32] but got [... i64, i64]
              call 426
              ^^^^
../src/app.wat.patched:10507:15: error: type mismatch in call, expected [i32, i32] but got [i32]
              call 405
              ^^^^
../src/app.wat.patched:10661:5: error: type mismatch at end of function, expected [] but got [i32]
    i32.sub)
    ^^^^^^^
../src/app.wat.patched:10890:5: error: type mismatch at end of function, expected [] but got [i32, i32]
    i64.xor)
    ^^^^^^^
../src/app.wat.patched:11069:11: error: type mismatch in call, expected [i32, i32, i32] but got [i32]
          call 302
          ^^^^
../src/app.wat.patched:11260:17: error: type mismatch at end of `if true` branch, expected [] but got [... i32, i32, i32, i32]
                end
                ^^^
../src/app.wat.patched:11285:17: error: type mismatch at end of `if true` branch, expected [] but got [i32, i32, i32, i32]
                end
                ^^^
../src/app.wat.patched:11501:17: error: type mismatch at end of `if true` branch, expected [] but got [i32, i32, i32, i32]
                end
                ^^^
../src/app.wat.patched:11617:9: error: type mismatch at end of `if true` branch, expected [] but got [i32, i32, i32, i32]
        end
        ^^^
../src/app.wat.patched:11808:9: error: type mismatch at end of `if true` branch, expected [] but got [i32, i32, i32, i32]
        end
        ^^^
../src/app.wat.patched:12248:21: error: type mismatch in call, expected [i32, i32] but got [i32]
                    call 405
                    ^^^^
../src/app.wat.patched:12600:19: error: type mismatch in call, expected [i32, i32] but got [i32]
                  call 405
                  ^^^^
../src/app.wat.patched:13156:9: error: type mismatch at end of block, expected [] but got [i32]
        end
        ^^^
../src/app.wat.patched:13218:5: error: type mismatch at end of function, expected [] but got [i32, i32, i32, i32]
    call 353)
    ^^^^
../src/app.wat.patched:13330:25: error: type mismatch in call, expected [i32, i32] but got [i32]
                        call 405
                        ^^^^
../src/app.wat.patched:13331:23: error: type mismatch at end of block, expected [] but got [i32]
                      end
                      ^^^
../src/app.wat.patched:13388:21: error: type mismatch in call, expected [i32, i32] but got [i32]
                    call 405
                    ^^^^
../src/app.wat.patched:13389:19: error: type mismatch at end of `if true` branch, expected [] but got [i32]
                  end
                  ^^^
../src/app.wat.patched:13431:21: error: type mismatch in call, expected [i32, i32] but got [i32]
                    call 405
                    ^^^^
../src/app.wat.patched:13432:19: error: type mismatch at end of `if true` branch, expected [] but got [i32]
                  end
                  ^^^
../src/app.wat.patched:13607:11: error: type mismatch in call, expected [i32] but got [... f64]
          call 381
          ^^^^
../src/app.wat.patched:13609:11: error: type mismatch in f64.add, expected [f64, f64] but got [i32, f64]
          f64.add
          ^^^^^^^
../src/app.wat.patched:13623:11: error: type mismatch in call, expected [i32] but got [... f64]
          call 221
          ^^^^
../src/app.wat.patched:13624:9: error: type mismatch at end of `if true` branch, expected [] but got [... i32, i32, i32, f64]
        end
        ^^^
../src/app.wat.patched:13702:7: error: type mismatch in call, expected [i32, i32] but got [i32]
      call 421
      ^^^^
../src/app.wat.patched:14458:23: error: type mismatch in call, expected [i32, i32] but got [f64]
                      call 344
                      ^^^^
../src/app.wat.patched:14459:23: error: type mismatch in local.set, expected [f64] but got []
                      local.set 48
                      ^^^^^^^^^
../src/app.wat.patched:14461:23: error: type mismatch in call, expected [i32] but got [f64]
                      call 381
                      ^^^^
../src/app.wat.patched:14462:23: error: type mismatch in local.set, expected [f64] but got []
                      local.set 37
                      ^^^^^^^^^
../src/app.wat.patched:14514:23: error: type mismatch in call, expected [i32] but got [f64]
                      call 381
                      ^^^^
../src/app.wat.patched:14515:23: error: type mismatch in local.set, expected [f64] but got []
                      local.set 41
                      ^^^^^^^^^
../src/app.wat.patched:14517:23: error: type mismatch in call, expected [i32, i32] but got [f64]
                      call 344
                      ^^^^
../src/app.wat.patched:14518:23: error: type mismatch in local.set, expected [f64] but got []
                      local.set 43
                      ^^^^^^^^^
../src/app.wat.patched:14613:23: error: type mismatch in call, expected [i32, i32, i32] but got [i32]
                      call 302
                      ^^^^
../src/app.wat.patched:14663:23: error: type mismatch in call, expected [i32] but got [f64]
                      call 381
                      ^^^^
../src/app.wat.patched:14664:23: error: type mismatch in local.set, expected [f64] but got []
                      local.set 41
                      ^^^^^^^^^
../src/app.wat.patched:14671:23: error: type mismatch in call, expected [i32, i32] but got [... f64, f64]
                      call 344
                      ^^^^
../src/app.wat.patched:14672:23: error: type mismatch in local.tee, expected [f64] but got [i32]
                      local.tee 34
                      ^^^^^^^^^
../src/app.wat.patched:14673:23: error: type mismatch in f64.mul, expected [f64, f64] but got [f64]
                      f64.mul
                      ^^^^^^^
../src/app.wat.patched:14680:23: error: type mismatch in f64.store, expected [i32, f64] but got [f64]
                      f64.store offset=56
                      ^^^^^^^^^
../src/app.wat.patched:15123:33: error: type mismatch in call, expected [i32, i32, i32] but got [i32]
                                call 302
                                ^^^^
../src/app.wat.patched:15179:37: error: type mismatch in call, expected [i32, i32] but got [i32, f64]
                                    call 344
                                    ^^^^
../src/app.wat.patched:15180:37: error: type mismatch in f64.store, expected [i32, f64] but got []
                                    f64.store
                                    ^^^^^^^^^
../src/app.wat.patched:15183:37: error: type mismatch in call, expected [i32] but got [... f64]
                                    call 381
                                    ^^^^
../src/app.wat.patched:15184:37: error: type mismatch in f64.store, expected [i32, f64] but got [i32]
                                    f64.store
                                    ^^^^^^^^^
../src/app.wat.patched:15201:37: error: type mismatch in call, expected [i32, i32] but got [i32, f64]
                                    call 344
                                    ^^^^
../src/app.wat.patched:15202:37: error: type mismatch in f64.store, expected [i32, f64] but got []
                                    f64.store
                                    ^^^^^^^^^
../src/app.wat.patched:15207:37: error: type mismatch in call, expected [i32] but got [... f64]
                                    call 381
                                    ^^^^
../src/app.wat.patched:15208:37: error: type mismatch in f64.store, expected [i32, f64] but got [i32]
                                    f64.store
                                    ^^^^^^^^^
../src/app.wat.patched:15256:33: error: type mismatch in call, expected [i32, i32] but got [i32, f64]
                                call 344
                                ^^^^
../src/app.wat.patched:15257:33: error: type mismatch in f64.store, expected [i32, f64] but got []
                                f64.store offset=8
                                ^^^^^^^^^
../src/app.wat.patched:15260:33: error: type mismatch in call, expected [i32] but got [... f64]
                                call 381
                                ^^^^
../src/app.wat.patched:15261:33: error: type mismatch in f64.store, expected [i32, f64] but got [i32]
                                f64.store
                                ^^^^^^^^^
../src/app.wat.patched:15358:31: error: type mismatch in call, expected [i32, i32, i32] but got [i32]
                              call 302
                              ^^^^
../src/app.wat.patched:15407:35: error: type mismatch in call, expected [i32, i32] but got [i32, f64]
                                  call 344
                                  ^^^^
../src/app.wat.patched:15408:35: error: type mismatch in f64.store, expected [i32, f64] but got []
                                  f64.store
                                  ^^^^^^^^^
../src/app.wat.patched:15411:35: error: type mismatch in call, expected [i32] but got [... f64]
                                  call 381
                                  ^^^^
../src/app.wat.patched:15412:35: error: type mismatch in f64.store, expected [i32, f64] but got [i32]
                                  f64.store
                                  ^^^^^^^^^
../src/app.wat.patched:15429:35: error: type mismatch in call, expected [i32, i32] but got [i32, f64]
                                  call 344
                                  ^^^^
../src/app.wat.patched:15430:35: error: type mismatch in f64.store, expected [i32, f64] but got []
                                  f64.store
                                  ^^^^^^^^^
../src/app.wat.patched:15439:35: error: type mismatch in call, expected [i32] but got [... f64]
                                  call 381
                                  ^^^^
../src/app.wat.patched:15440:35: error: type mismatch in f64.store, expected [i32, f64] but got [i32]
                                  f64.store
                                  ^^^^^^^^^
../src/app.wat.patched:15483:31: error: type mismatch in call, expected [i32, i32] but got [i32, f64]
                              call 344
                              ^^^^
../src/app.wat.patched:15484:31: error: type mismatch in f64.store, expected [i32, f64] but got []
                              f64.store offset=8
                              ^^^^^^^^^
../src/app.wat.patched:15487:31: error: type mismatch in call, expected [i32] but got [... f64]
                              call 381
                              ^^^^
../src/app.wat.patched:15488:31: error: type mismatch in f64.store, expected [i32, f64] but got [i32]
                              f64.store
                              ^^^^^^^^^
../src/app.wat.patched:15586:29: error: type mismatch in call, expected [i32, i32, i32] but got [i32]
                            call 302
                            ^^^^
../src/app.wat.patched:15648:31: error: type mismatch in call, expected [i32, i32] but got [i32, f64]
                              call 344
                              ^^^^
../src/app.wat.patched:15649:31: error: type mismatch in f64.store, expected [i32, f64] but got []
                              f64.store
                              ^^^^^^^^^
../src/app.wat.patched:15656:31: error: type mismatch in call, expected [i32] but got [... f64]
                              call 381
                              ^^^^
../src/app.wat.patched:15657:31: error: type mismatch in f64.store, expected [i32, f64] but got [i32]
                              f64.store
                              ^^^^^^^^^
../src/app.wat.patched:15672:31: error: type mismatch in call, expected [i32, i32] but got [... f64, f64]
                              call 344
                              ^^^^
../src/app.wat.patched:15673:31: error: type mismatch in f64.mul, expected [f64, f64] but got [i32]
                              f64.mul
                              ^^^^^^^
../src/app.wat.patched:15674:31: error: type mismatch in f64.store, expected [i32, f64] but got [f64]
                              f64.store
                              ^^^^^^^^^
../src/app.wat.patched:15680:31: error: type mismatch in call, expected [i32] but got [... f64]
                              call 381
                              ^^^^
../src/app.wat.patched:15681:31: error: type mismatch in f64.mul, expected [f64, f64] but got [i32, f64]
                              f64.mul
                              ^^^^^^^
../src/app.wat.patched:15682:31: error: type mismatch in f64.store, expected [i32, f64] but got [f64]
                              f64.store
                              ^^^^^^^^^
../src/app.wat.patched:15725:27: error: type mismatch in call, expected [i32, i32, i32] but got [i32]
                          call 302
                          ^^^^
../src/app.wat.patched:15732:27: error: type mismatch in call, expected [i32] but got [f64]
                          call 381
                          ^^^^
../src/app.wat.patched:15733:27: error: type mismatch in local.set, expected [f64] but got []
                          local.set 36
                          ^^^^^^^^^
../src/app.wat.patched:15735:27: error: type mismatch in call, expected [i32, i32] but got [f64]
                          call 344
                          ^^^^
../src/app.wat.patched:15736:27: error: type mismatch in local.set, expected [f64] but got []
                          local.set 33
                          ^^^^^^^^^
../src/app.wat.patched:15976:19: error: type mismatch in call, expected [i32, i32, i32, i32] but got [i32, i32]
                  call 432
                  ^^^^
../src/app.wat.patched:16099:23: error: type mismatch in call, expected [i32, i32, i32] but got [i32]
                      call 302
                      ^^^^
../src/app.wat.patched:16138:25: error: type mismatch in call, expected [i32, i32, i32, i32] but got [i32, i32]
                        call 432
                        ^^^^
../src/app.wat.patched:16254:29: error: type mismatch in call, expected [i32, f64, f64, i32] but got [... i32, i32, i32, i32]
                            call 246
                            ^^^^
../src/app.wat.patched:16258:27: error: type mismatch at end of `if true` branch, expected [] but got [i32]
                          end
                          ^^^
../src/app.wat.patched:16293:19: error: type mismatch at end of `if true` branch, expected [] but got [i32]
                  end
                  ^^^
../src/app.wat.patched:16294:19: error: type mismatch in local.set, expected [i32] but got []
                  local.set 10
                  ^^^^^^^^^
../src/app.wat.patched:16335:21: error: type mismatch in call, expected [i32, i32] but got [i32]
                    call 405
                    ^^^^
../src/app.wat.patched:16336:19: error: type mismatch at end of `if true` branch, expected [] but got [i32]
                  end
                  ^^^
../src/app.wat.patched:16580:11: error: type mismatch in call, expected [i32, i32] but got [f64]
          call 344
          ^^^^
../src/app.wat.patched:16581:11: error: type mismatch in local.set, expected [f64] but got []
          local.set 32
          ^^^^^^^^^
../src/app.wat.patched:16586:11: error: type mismatch in call, expected [i32] but got [... f64]
          call 381
          ^^^^
../src/app.wat.patched:16588:11: error: type mismatch in f64.add, expected [f64, f64] but got [i32, f64]
          f64.add
          ^^^^^^^
../src/app.wat.patched:16602:11: error: type mismatch in call, expected [i32] but got [... f64]
          call 221
          ^^^^
../src/app.wat.patched:16603:9: error: type mismatch at end of `if true` branch, expected [] but got [... i32, i32, i32, f64]
        end
        ^^^
../src/app.wat.patched:16639:5: error: type mismatch at end of function, expected [] but got [i32, i32, i32]
    call 353)
    ^^^^
../src/app.wat.patched:16765:41: error: type mismatch in call, expected [i32, i32] but got [i32]
                                        call 405
                                        ^^^^
../src/app.wat.patched:16766:39: error: type mismatch at end of `if true` branch, expected [] but got [i32]
                                      end
                                      ^^^
../src/app.wat.patched:16808:41: error: type mismatch in call, expected [i32, i32] but got [i32]
                                        call 405
                                        ^^^^
../src/app.wat.patched:16809:39: error: type mismatch at end of `if true` branch, expected [] but got [i32]
                                      end
                                      ^^^
../src/app.wat.patched:16855:41: error: type mismatch in call, expected [i32, i32] but got [i32]
                                        call 405
                                        ^^^^
../src/app.wat.patched:16856:39: error: type mismatch at end of `if true` branch, expected [] but got [i32]
                                      end
                                      ^^^
../src/app.wat.patched:16898:41: error: type mismatch in call, expected [i32, i32] but got [i32]
                                        call 405
                                        ^^^^
../src/app.wat.patched:16899:39: error: type mismatch at end of `if true` branch, expected [] but got [i32]
                                      end
                                      ^^^
../src/app.wat.patched:16941:41: error: type mismatch in call, expected [i32, i32] but got [i32]
                                        call 405
                                        ^^^^
../src/app.wat.patched:16942:39: error: type mismatch at end of `if true` branch, expected [] but got [i32]
                                      end
                                      ^^^
../src/app.wat.patched:16994:41: error: type mismatch in call, expected [i32, i32] but got [i32]
                                        call 405
                                        ^^^^
../src/app.wat.patched:16995:39: error: type mismatch at end of `if true` branch, expected [] but got [i32]
                                      end
                                      ^^^
../src/app.wat.patched:17057:35: error: type mismatch in call, expected [i32, i32] but got [i32]
                                  call 405
                                  ^^^^
../src/app.wat.patched:17058:33: error: type mismatch at end of `if false` branch, expected [] but got [i32]
                                end
                                ^^^
../src/app.wat.patched:17486:19: error: type mismatch in call, expected [i32, i32] but got [i32]
                  call 405
                  ^^^^
../src/app.wat.patched:17487:17: error: type mismatch at end of `if true` branch, expected [] but got [i32]
                end
                ^^^
../src/app.wat.patched:17596:25: error: type mismatch in call, expected [i32, i32] but got [i32]
                        call 405
                        ^^^^
../src/app.wat.patched:17597:23: error: type mismatch at end of `if true` branch, expected [] but got [i32]
                      end
                      ^^^
../src/app.wat.patched:17768:33: error: type mismatch in call, expected [i32, i32, i32] but got [i32]
                                call 302
                                ^^^^
../src/app.wat.patched:17822:33: error: type mismatch in call, expected [i32, i32] but got [... i64, i32]
                                call 372
                                ^^^^
../src/app.wat.patched:17834:33: error: type mismatch in call, expected [i32, i32] but got [... i64, i32]
                                call 418
                                ^^^^
../src/app.wat.patched:17840:33: error: type mismatch at end of `if true` branch, expected [] but got [i32]
                                select
                                ^^^^^^
../src/app.wat.patched:17934:33: error: type mismatch in call, expected [i32, i32] but got [i32]
                                call 405
                                ^^^^
../src/app.wat.patched:17935:31: error: type mismatch at end of block, expected [] but got [i32]
                              end
                              ^^^
../src/app.wat.patched:24310:9: error: type mismatch in call, expected [i32, i32, f64, f64] but got [i32, f64, i32, i32]
        call 434
        ^^^^
../src/app.wat.patched:24311:9: error: type mismatch in return, expected [i32] but got [f64]
        return
        ^^^^^^
../src/app.wat.patched:24318:7: error: type mismatch in call, expected [i32, i32] but got [... f64, i32]
      call 218
      ^^^^
../src/app.wat.patched:24328:5: error: type mismatch in call, expected [i32, i64, i32] but got [... f64, i32, i32]
    call 451)
    ^^^^
../src/app.wat.patched:24523:11: error: type mismatch in call, expected [i32] but got [... f64]
          call 278
          ^^^^
../src/app.wat.patched:24606:11: error: type mismatch in call, expected [i32, i32] but got [... f64, i32]
          call 57
          ^^^^
../src/app.wat.patched:24686:25: error: type mismatch in call, expected [i32, i32] but got [i32]
                        call 405
                        ^^^^
../src/app.wat.patched:24687:23: error: type mismatch at end of `if true` branch, expected [] but got [i32]
                      end
                      ^^^
../src/app.wat.patched:24736:19: error: type mismatch in call, expected [i32, i32] but got [i32]
                  call 405
                  ^^^^
../src/app.wat.patched:24806:37: error: type mismatch in call, expected [i32, i32, i32, i32, i32, i32] but got []
                                    call 389
                                    ^^^^
../src/app.wat.patched:24810:35: error: type mismatch in call, expected [i32, i32] but got [i32]
                                  call 193
                                  ^^^^
../src/app.wat.patched:24811:35: error: type mismatch in i32.eqz, expected [i32] but got []
                                  i32.eqz
                                  ^^^^^^^
../src/app.wat.patched:24877:37: error: type mismatch in call, expected [i32, i32] but got [i32]
                                    call 405
                                    ^^^^
../src/app.wat.patched:24878:35: error: type mismatch at end of `if true` branch, expected [] but got [i32]
                                  end
                                  ^^^
../src/app.wat.patched:24965:39: error: type mismatch in call, expected [i32, i32] but got [i32]
                                      call 405
                                      ^^^^
../src/app.wat.patched:24966:37: error: type mismatch at end of `if true` branch, expected [] but got [i32]
                                    end
                                    ^^^
../src/app.wat.patched:25058:41: error: type mismatch in call, expected [i32, i32] but got [i32]
                                        call 405
                                        ^^^^
../src/app.wat.patched:25165:15: error: type mismatch in call, expected [i32, i32, i32] but got [i32, i32]
              call 302
              ^^^^
../src/app.wat.patched:25177:15: error: type mismatch in f64.mul, expected [f64, f64] but got [f64]
              f64.mul
              ^^^^^^^
../src/app.wat.patched:25337:7: error: type mismatch at end of `if true` branch, expected [] but got [f64]
      f64.mul
      ^^^^^^^
../src/app.wat.patched:25340:5: error: type mismatch at end of `if false` branch, expected [] but got [f64]
    end)
    ^^^
../src/app.wat.patched:25651:5: error: type mismatch at end of `if true` branch, expected [] but got [... i32, i32, i32, i32]
    end
    ^^^
../src/app.wat.patched:25667:5: error: type mismatch in call, expected [i32, f64, f64, f64, f64, f64] but got [i32, i32, i32]
    call 535
    ^^^^
../src/app.wat.patched:25681:5: error: type mismatch in call, expected [i32, f64, f64, f64, f64, f64] but got [i32, i32, i32]
    call 535
    ^^^^
../src/app.wat.patched:25776:5: error: type mismatch in call, expected [i32, f64, f64, f64, f64, f64] but got [i32, i32, i32]
    call 535
    ^^^^
../src/app.wat.patched:25790:5: error: type mismatch in call, expected [i32, f64, f64, f64, f64, f64] but got [i32, i32, i32]
    call 535
    ^^^^
../src/app.wat.patched:25901:7: error: type mismatch in call, expected [i32, f64, f64, f64, f64, f64] but got [i32, i32, i32]
      call 535
      ^^^^
../src/app.wat.patched:25915:7: error: type mismatch in call, expected [i32, f64, f64, f64, f64, f64] but got [i32, i32, i32]
      call 535
      ^^^^
../src/app.wat.patched:26017:5: error: type mismatch at end of function, expected [] but got [i32]
    local.get 0)
    ^^^^^^^^^
../src/app.wat.patched:26424:7: error: type mismatch in call, expected [i32, f64, f64, f64, f64, f64] but got [i32, i32, i32]
      call 535
      ^^^^
../src/app.wat.patched:26436:7: error: type mismatch in call, expected [i32, f64, f64, f64, f64, f64] but got [i32, i32, i32]
      call 535
      ^^^^
../src/app.wat.patched:26549:7: error: type mismatch in call, expected [i32, f64, f64, f64, f64, f64] but got [i32, i32, i32]
      call 535
      ^^^^
../src/app.wat.patched:26561:7: error: type mismatch in call, expected [i32, f64, f64, f64, f64, f64] but got [i32, i32, i32]
      call 535
      ^^^^
../src/app.wat.patched:26769:7: error: type mismatch in call, expected [i32, i32, i32, i32, i32] but got [i32, i32, f32, f32, f32]
      call 34
      ^^^^
../src/app.wat.patched:26780:5: error: type mismatch at end of `if true` branch, expected [] but got [i32]
    end
    ^^^
../src/app.wat.patched:26795:7: error: type mismatch in call, expected [i32, i32, i32, i32, i32, i32, i32, i32, i32, i32] but got [i32, i32, f32, f32]
      call 118
      ^^^^
../src/app.wat.patched:26823:7: error: type mismatch in call, expected [i32, i32, i32, i32, i32, i32, i32, i32, i32, i32] but got [i32, i32, f32, f32]
      call 118
      ^^^^
../src/app.wat.patched:26957:5: error: type mismatch at end of function, expected [] but got [... i32, i32, i32, i32]
    call 173)
    ^^^^
../src/app.wat.patched:27024:19: error: type mismatch in call, expected [i32, f64, f64, f64, f64] but got [i32, i32]
                  call 95
                  ^^^^
../src/app.wat.patched:27088:17: error: type mismatch at end of `if true` branch, expected [] but got [i32, i32, i32, i32]
                end
                ^^^
../src/app.wat.patched:27109:17: error: type mismatch at end of `if true` branch, expected [] but got [i32, i32, i32, i32]
                end
                ^^^
../src/app.wat.patched:27329:17: error: type mismatch at end of `if true` branch, expected [] but got [i32, i32, i32, i32]
                end
                ^^^
../src/app.wat.patched:27390:15: error: type mismatch in call, expected [i32, f64, f64, f64, f64] but got [i32, i32]
              call 95
              ^^^^
../src/app.wat.patched:27460:13: error: type mismatch in call, expected [i32, f64, f64, f64, f64] but got [i32, i32]
            call 95
            ^^^^
../src/app.wat.patched:27750:9: error: type mismatch at end of `if true` branch, expected [] but got [i32, i32, i32, i32]
        end
        ^^^
../src/app.wat.patched:27846:37: error: type mismatch in call, expected [i32, i32] but got [i32]
                                    call 405
                                    ^^^^
../src/app.wat.patched:27847:35: error: type mismatch at end of `if true` branch, expected [] but got [i32]
                                  end
                                  ^^^
../src/app.wat.patched:27889:37: error: type mismatch in call, expected [i32, i32] but got [i32]
                                    call 405
                                    ^^^^
../src/app.wat.patched:27890:35: error: type mismatch at end of `if true` branch, expected [] but got [i32]
                                  end
                                  ^^^
../src/app.wat.patched:27959:23: error: type mismatch in call, expected [i32, i32] but got [i32]
                      call 405
                      ^^^^
../src/app.wat.patched:27960:21: error: type mismatch at end of block, expected [] but got [i32]
                    end
                    ^^^
../src/app.wat.patched:28001:23: error: type mismatch in call, expected [i32, i32] but got [i32]
                      call 405
                      ^^^^
../src/app.wat.patched:28002:21: error: type mismatch at end of `if true` branch, expected [] but got [i32]
                    end
                    ^^^
../src/app.wat.patched:28046:23: error: type mismatch in call, expected [i32, i32] but got [i32]
                      call 405
                      ^^^^
../src/app.wat.patched:28047:21: error: type mismatch at end of `if true` branch, expected [] but got [i32]
                    end
                    ^^^
../src/app.wat.patched:28095:23: error: type mismatch in call, expected [i32, i32] but got [i32]
                      call 405
                      ^^^^
../src/app.wat.patched:28096:21: error: type mismatch at end of `if true` branch, expected [] but got [i32]
                    end
                    ^^^
../src/app.wat.patched:28159:5: error: type mismatch at end of `if true` branch, expected [] but got [... i32, i32, i32, i32]
    end
    ^^^
../src/app.wat.patched:28188:5: error: type mismatch at end of function, expected [] but got [i32]
    select)
    ^^^^^^
../src/app.wat.patched:28283:7: error: type mismatch in call, expected [i32, i32, i32, i32] but got [... f64, f64, f64, f64]
      call 537
      ^^^^
../src/app.wat.patched:28429:5: error: type mismatch at end of `if true` branch, expected [] but got [i32, i32, i32]
    end
    ^^^
../src/app.wat.patched:28499:5: error: type mismatch in call, expected [i32, i32, f64] but got [i32, i32]
    call 544
    ^^^^
../src/app.wat.patched:28542:5: error: type mismatch in call, expected [i32, i32, i32, f32, f32, i32] but got [i32, i64, i32]
    call 450
    ^^^^
../src/app.wat.patched:28613:5: error: type mismatch at end of function, expected [] but got [i32, i32]
    i32.store offset=4)
    ^^^^^^^^^
../src/app.wat.patched:28616:5: error: type mismatch in call, expected [f64, i32, i32] but got []
    call 233
    ^^^^
../src/app.wat.patched:28617:5: error: type mismatch in local.tee, expected [i32] but got [f64]
    local.tee 5
    ^^^^^^^^^
../src/app.wat.patched:28618:5: error: type mismatch in call, expected [i32, i32] but got [i32]
    call 151
    ^^^^
../src/app.wat.patched:28624:7: error: type mismatch in call, expected [f64, i32, i32] but got []
      call 233
      ^^^^
../src/app.wat.patched:28625:7: error: type mismatch in local.tee, expected [i32] but got [f64]
      local.tee 4
      ^^^^^^^^^
../src/app.wat.patched:28635:5: error: type mismatch at end of `if true` branch, expected [] but got [... i32, i32, i32, i32]
    end
    ^^^
../src/app.wat.patched:28646:5: error: type mismatch in call, expected [i32, i32] but got [... f64, f64]
    call 141
    ^^^^
../src/app.wat.patched:28652:7: error: type mismatch in call, expected [f64, i32, i32] but got []
      call 233
      ^^^^
../src/app.wat.patched:28653:7: error: type mismatch in local.tee, expected [i32] but got [f64]
      local.tee 6
      ^^^^^^^^^
../src/app.wat.patched:28663:5: error: type mismatch at end of `if true` branch, expected [] but got [... i32, i32, i32, i32]
    end
    ^^^
../src/app.wat.patched:28664:5: error: type mismatch in call, expected [f64, i32, i32] but got []
    call 233
    ^^^^
../src/app.wat.patched:28665:5: error: type mismatch in local.tee, expected [i32] but got [f64]
    local.tee 4
    ^^^^^^^^^
../src/app.wat.patched:28671:5: error: type mismatch in call, expected [i32, i32, f64, f64] but got [... i32, i32, i32, i32]
    call 31
    ^^^^
../src/app.wat.patched:28692:7: error: type mismatch in call, expected [i32, i32] but got [i32]
      call 57
      ^^^^
../src/app.wat.patched:28716:7: error: type mismatch in call, expected [i32, i32] but got [i32]
      call 57
      ^^^^
../src/app.wat.patched:28725:5: error: type mismatch at end of function, expected [] but got [i32]
    i32.store)
    ^^^^^^^^^
../src/app.wat.patched:28849:5: error: type mismatch in call, expected [i32, i32, i32, i32] but got [i32, i32, i32]
    call 394)
    ^^^^
../src/app.wat.patched:28849:5: error: type mismatch in implicit return, expected [i32] but got []
    call 394)
    ^^^^
../src/app.wat.patched:29018:11: error: type mismatch in call, expected [i32, i32, i32, f32, f32, i32] but got [i32, i64, i32]
          call 450
          ^^^^
../src/app.wat.patched:29141:5: error: type mismatch at end of block, expected [] but got [i32, i32, i32]
    end)
    ^^^
../src/app.wat.patched:29217:5: error: type mismatch in call, expected [i32, i32, i32, i32] but got [... f64, f64, f64, i32]
    call 413
    ^^^^
../src/app.wat.patched:29218:5: error: type mismatch in local.set, expected [i64] but got [... i32]
    local.set 12
    ^^^^^^^^^
../src/app.wat.patched:29333:5: error: type mismatch in call, expected [i32, i32] but got [... i32, i64]
    call 211
    ^^^^
../src/app.wat.patched:29375:11: error: type mismatch in call, expected [i32, i32, i32, i32, i32, i32, i32, i32] but got [f64]
          call 358
          ^^^^
../src/app.wat.patched:29376:11: error: type mismatch in local.tee, expected [f64] but got []
          local.tee 6
          ^^^^^^^^^
../src/app.wat.patched:29400:11: error: type mismatch in call, expected [i32, i32, i32, i32] but got [f64]
          call 235
          ^^^^
../src/app.wat.patched:29401:11: error: type mismatch in br, expected [f64] but got [i32]
          br 2 (;@1;)
          ^^
../src/app.wat.patched:29406:9: error: type mismatch in call, expected [i32, i32, i32, i32] but got [f64, f64]
        call 457
        ^^^^
../src/app.wat.patched:29407:7: error: type mismatch in block, expected [f64] but got [i32]
      end
      ^^^
../src/app.wat.patched:29413:7: error: type mismatch in call, expected [i32, i32, i32, i32] but got [f64, f64]
      call 457
      ^^^^
../src/app.wat.patched:29418:7: error: type mismatch in select, expected [f64, f64, i32] but got [i32, f64, i32]
      select
      ^^^^^^
../src/app.wat.patched:29471:11: error: type mismatch in call, expected [i32, i32, i32, i32, i32, i32, i32, i32] but got [f64]
          call 358
          ^^^^
../src/app.wat.patched:29472:11: error: type mismatch in local.tee, expected [f64] but got []
          local.tee 2
          ^^^^^^^^^
../src/app.wat.patched:29488:11: error: type mismatch in call, expected [i32, i32, i32, i32] but got [f64]
          call 235
          ^^^^
../src/app.wat.patched:29489:11: error: type mismatch in br, expected [f64] but got [i32]
          br 2 (;@1;)
          ^^
../src/app.wat.patched:29493:9: error: type mismatch in call, expected [i32, i32, i32, i32] but got [f64, f64]
        call 457
        ^^^^
../src/app.wat.patched:29494:7: error: type mismatch in block, expected [f64] but got [i32]
      end
      ^^^
../src/app.wat.patched:29500:7: error: type mismatch in call, expected [i32, i32, i32, i32] but got [f64, f64]
      call 457
      ^^^^
../src/app.wat.patched:29505:7: error: type mismatch in select, expected [f64, f64, i32] but got [i32, f64, i32]
      select
      ^^^^^^
../src/app.wat.patched:29534:13: error: type mismatch in call, expected [i32, i32, i32, i32, i32, i32, i32] but got [i32, i32, i32]
            call 525
            ^^^^
../src/app.wat.patched:29729:11: error: type mismatch in call, expected [i32, i32] but got [i32]
          call 405
          ^^^^
../src/app.wat.patched:29730:9: error: type mismatch at end of block, expected [] but got [i32]
        end
        ^^^
../src/app.wat.patched:30005:81: error: type mismatch in call, expected [i32, i32, i32] but got [i32]
...                                                                     call 302
                                                                        ^^^^
../src/app.wat.patched:30125:79: error: type mismatch in call, expected [i32, i32, i32] but got [f64]
...                                                                     call 441
                                                                        ^^^^
../src/app.wat.patched:30275:77: error: type mismatch in call, expected [i32, i32] but got [i32, i64]
...                                                                     call 211
                                                                        ^^^^
../src/app.wat.patched:30321:83: error: type mismatch in call, expected [i32, i32, i32, i32, i32, i32, i32, i32] but got [f64]
...                                                                     call 358
                                                                        ^^^^
../src/app.wat.patched:30322:83: error: type mismatch in local.tee, expected [f64] but got []
...                                                                  local.tee 3
                                                                     ^^^^^^^^^
../src/app.wat.patched:30340:83: error: type mismatch in call, expected [i32, i32, i32, i32] but got [f64]
...                                                                     call 235
                                                                        ^^^^
../src/app.wat.patched:30341:83: error: type mismatch in br, expected [f64] but got [i32]
...                                                                 br 2 (;@37;)
                                                                    ^^
../src/app.wat.patched:30345:81: error: type mismatch in call, expected [i32, i32, i32, i32] but got [f64, f64]
...                                                                     call 457
                                                                        ^^^^
../src/app.wat.patched:30346:79: error: type mismatch in block, expected [f64] but got [i32]
...                                                                          end
                                                                             ^^^
../src/app.wat.patched:30351:79: error: type mismatch in call, expected [i32, i32, i32, i32] but got [f64, f64]
...                                                                     call 457
                                                                        ^^^^
../src/app.wat.patched:30356:79: error: type mismatch in select, expected [f64, f64, i32] but got [i32, f64, i32]
...                                                                       select
                                                                          ^^^^^^
../src/app.wat.patched:30377:77: error: type mismatch in call, expected [i32, i32, i32, i32] but got [... f64, f64, f64, f64]
...                                                                     call 537
                                                                        ^^^^
../src/app.wat.patched:30408:79: error: type mismatch in call, expected [i32, i32] but got [i32, i64]
...                                                                     call 211
                                                                        ^^^^
../src/app.wat.patched:30450:85: error: type mismatch in call, expected [i32, i32, i32, i32, i32, i32, i32, i32] but got [f64]
...                                                                     call 358
                                                                        ^^^^
../src/app.wat.patched:30451:85: error: type mismatch in local.tee, expected [f64] but got []
...                                                                 local.tee 11
                                                                    ^^^^^^^^^
../src/app.wat.patched:30469:85: error: type mismatch in call, expected [i32, i32, i32, i32] but got [f64]
...                                                                     call 235
                                                                        ^^^^
../src/app.wat.patched:30470:85: error: type mismatch in br, expected [f64] but got [i32]
...                                                                 br 2 (;@38;)
                                                                    ^^
../src/app.wat.patched:30474:83: error: type mismatch in call, expected [i32, i32, i32, i32] but got [f64, f64]
...                                                                     call 457
                                                                        ^^^^
../src/app.wat.patched:30475:81: error: type mismatch in block, expected [f64] but got [i32]
...                                                                          end
                                                                             ^^^
../src/app.wat.patched:30481:81: error: type mismatch in call, expected [i32, i32, i32, i32] but got [f64, f64]
...                                                                     call 457
                                                                        ^^^^
../src/app.wat.patched:30486:81: error: type mismatch in select, expected [f64, f64, i32] but got [i32, f64, i32]
...                                                                       select
                                                                          ^^^^^^
../src/app.wat.patched:30585:77: error: type mismatch in call, expected [i32, i32, i32] but got [i32]
...                                                                     call 302
                                                                        ^^^^
../src/app.wat.patched:30684:75: error: type mismatch in call, expected [i32, i32] but got [i32, i64]
...                                                                     call 211
                                                                        ^^^^
../src/app.wat.patched:30730:81: error: type mismatch in call, expected [i32, i32, i32, i32, i32, i32, i32, i32] but got [f64]
...                                                                     call 358
                                                                        ^^^^
../src/app.wat.patched:30731:81: error: type mismatch in local.tee, expected [f64] but got []
...                                                                  local.tee 3
                                                                     ^^^^^^^^^
../src/app.wat.patched:30749:81: error: type mismatch in call, expected [i32, i32, i32, i32] but got [f64]
...                                                                     call 235
                                                                        ^^^^
../src/app.wat.patched:30750:81: error: type mismatch in br, expected [f64] but got [i32]
...                                                                 br 2 (;@36;)
                                                                    ^^
../src/app.wat.patched:30754:79: error: type mismatch in call, expected [i32, i32, i32, i32] but got [f64, f64]
...                                                                     call 457
                                                                        ^^^^
../src/app.wat.patched:30755:77: error: type mismatch in block, expected [f64] but got [i32]
                                                                            end
                                                                            ^^^
../src/app.wat.patched:30760:77: error: type mismatch in call, expected [i32, i32, i32, i32] but got [f64, f64]
...                                                                     call 457
                                                                        ^^^^
../src/app.wat.patched:30765:77: error: type mismatch in select, expected [f64, f64, i32] but got [i32, f64, i32]
...                                                                       select
                                                                          ^^^^^^
../src/app.wat.patched:30774:75: error: type mismatch in call, expected [i32, i32, i32, i32] but got [... f64, f64, f64, i32]
...                                                                     call 413
                                                                        ^^^^
../src/app.wat.patched:30775:75: error: type mismatch in local.set, expected [i64] but got [... i32]
...                                                                 local.set 30
                                                                    ^^^^^^^^^
../src/app.wat.patched:30826:75: error: type mismatch in call, expected [i32, i32, f64] but got [... f64, i32, i32]
...                                                                     call 544
                                                                        ^^^^
../src/app.wat.patched:31135:75: error: type mismatch in call, expected [i32, i32, i32] but got [i32]
...                                                                     call 302
                                                                        ^^^^
../src/app.wat.patched:31165:79: error: type mismatch in call, expected [i32, i32, i32] but got [i32]
...                                                                     call 302
                                                                        ^^^^
../src/app.wat.patched:31315:73: error: type mismatch in call, expected [i32, i32] but got [i32, i64]
                                                                        call 211
                                                                        ^^^^
../src/app.wat.patched:31378:79: error: type mismatch in call, expected [i32, i32, i32, i32] but got [f64]
...                                                                     call 235
                                                                        ^^^^
../src/app.wat.patched:31379:79: error: type mismatch in br, expected [f64] but got [i32]
...                                                                 br 2 (;@35;)
                                                                    ^^
../src/app.wat.patched:31383:77: error: type mismatch in call, expected [i32, i32, i32, i32] but got [f64, f64]
...                                                                     call 457
                                                                        ^^^^
../src/app.wat.patched:31384:75: error: type mismatch in block, expected [f64] but got [i32]
                                                                          end
                                                                          ^^^
../src/app.wat.patched:31389:75: error: type mismatch in call, expected [i32, i32, i32, i32] but got [f64, f64]
...                                                                     call 457
                                                                        ^^^^
../src/app.wat.patched:31398:75: error: type mismatch in select, expected [f64, f64, i32] but got [i32, f64, i32]
                                                                          select
                                                                          ^^^^^^
../src/app.wat.patched:31529:73: error: type mismatch in call, expected [i32, i32, i32] but got [i32]
                                                                        call 302
                                                                        ^^^^
../src/app.wat.patched:31648:71: error: type mismatch in call, expected [i32, f64, f64, f64, i32, f32, f32, i32, i32] but got [i32, i32]
                                                                      call 217
                                                                      ^^^^
../src/app.wat.patched:31813:69: error: type mismatch in call, expected [i32, f64, f64, f64, i32, f32, f32, i32, i32] but got [i32, i32]
                                                                    call 217
                                                                    ^^^^
../src/app.wat.patched:31871:69: error: type mismatch in call, expected [i32, i32, i32] but got [i32]
                                                                    call 302
                                                                    ^^^^
../src/app.wat.patched:31955:67: error: type mismatch in call, expected [i32, i32, i32, i32] but got [... f64, f64, f64, i32]
                                                                  call 413
                                                                  ^^^^
../src/app.wat.patched:31958:67: error: type mismatch in i64.ne, expected [i64, i64] but got [... i32, i64]
                                                                  i64.ne
                                                                  ^^^^^^
../src/app.wat.patched:32009:69: error: type mismatch in call, expected [i32, i32] but got [i32]
                                                                    call 454
                                                                    ^^^^
../src/app.wat.patched:32068:69: error: type mismatch in call, expected [i32, i32, i32] but got [i32]
                                                                    call 302
                                                                    ^^^^
../src/app.wat.patched:32184:67: error: type mismatch in call, expected [i32, f64, f64, f64, f64, i32, i32, i32, i32, f32, f32] but got [i32, i32]
                                                                  call 445
                                                                  ^^^^
../src/app.wat.patched:32270:67: error: type mismatch in call, expected [i32, i32, i32] but got [i32]
                                                                  call 302
                                                                  ^^^^
../src/app.wat.patched:32429:65: error: type mismatch in call, expected [i32, i32, f64] but got [i32, i32]
                                                                call 544
                                                                ^^^^
../src/app.wat.patched:32653:35: error: type mismatch in call, expected [i32, i32, f64] but got [i32, i32]
                                  call 544
                                  ^^^^
../src/app.wat.patched:32863:37: error: type mismatch in call, expected [i32, i32] but got [i32]
                                    call 454
                                    ^^^^
../src/app.wat.patched:32973:37: error: type mismatch in call, expected [i32, i32, i32] but got [i32]
                                    call 302
                                    ^^^^
../src/app.wat.patched:33038:35: error: type mismatch at end of block, expected [] but got [i32]
                                  end
                                  ^^^
../src/app.wat.patched:33268:41: error: type mismatch in call, expected [i32, i32, i32, i32] but got [... f64, f64, f64, i32]
                                        call 413
                                        ^^^^
../src/app.wat.patched:33269:41: error: type mismatch in local.set, expected [i64] but got [... i32]
                                        local.set 29
                                        ^^^^^^^^^
../src/app.wat.patched:33412:41: error: type mismatch in call, expected [i32, i32] but got [... i32, i64]
                                        call 211
                                        ^^^^
../src/app.wat.patched:33456:47: error: type mismatch in call, expected [i32, i32, i32, i32, i32, i32, i32, i32] but got [f64]
                                              call 358
                                              ^^^^
../src/app.wat.patched:33457:47: error: type mismatch in local.tee, expected [f64] but got []
                                              local.tee 18
                                              ^^^^^^^^^
../src/app.wat.patched:33477:47: error: type mismatch in call, expected [i32, i32, i32, i32] but got [f64]
                                              call 235
                                              ^^^^
../src/app.wat.patched:33478:47: error: type mismatch in br, expected [f64] but got [i32]
                                              br 2 (;@19;)
                                              ^^
../src/app.wat.patched:33482:45: error: type mismatch in call, expected [i32, i32, i32, i32] but got [f64, f64]
                                            call 457
                                            ^^^^
../src/app.wat.patched:33483:43: error: type mismatch in block, expected [f64] but got [i32]
                                          end
                                          ^^^
../src/app.wat.patched:33488:43: error: type mismatch in call, expected [i32, i32, i32, i32] but got [f64, f64]
                                          call 457
                                          ^^^^
../src/app.wat.patched:33493:43: error: type mismatch in select, expected [f64, f64, i32] but got [i32, f64, i32]
                                          select
                                          ^^^^^^
../src/app.wat.patched:33605:47: error: type mismatch in call, expected [i32, i32, i32, i32, i32, i32, i32, i32] but got [f64]
                                              call 358
                                              ^^^^
../src/app.wat.patched:33606:47: error: type mismatch in local.tee, expected [f64] but got []
                                              local.tee 6
                                              ^^^^^^^^^
../src/app.wat.patched:33630:47: error: type mismatch in call, expected [i32, i32, i32, i32] but got [f64]
                                              call 235
                                              ^^^^
../src/app.wat.patched:33631:47: error: type mismatch in br, expected [f64] but got [i32]
                                              br 2 (;@19;)
                                              ^^
../src/app.wat.patched:33635:45: error: type mismatch in call, expected [i32, i32, i32, i32] but got [f64, f64]
                                            call 457
                                            ^^^^
../src/app.wat.patched:33636:43: error: type mismatch in block, expected [f64] but got [i32]
                                          end
                                          ^^^
../src/app.wat.patched:33641:43: error: type mismatch in call, expected [i32, i32, i32, i32] but got [f64, f64]
                                          call 457
                                          ^^^^
../src/app.wat.patched:33646:43: error: type mismatch in select, expected [f64, f64, i32] but got [i32, f64, i32]
                                          select
                                          ^^^^^^
../src/app.wat.patched:33787:45: error: type mismatch in call, expected [i32, i32, i32, i32] but got [i32]
                                            call 498
                                            ^^^^
../src/app.wat.patched:33886:43: error: type mismatch in call, expected [i32, i32, i32, i32] but got [i32]
                                          call 498
                                          ^^^^
../src/app.wat.patched:34190:39: error: type mismatch at end of block, expected [] but got [i32, f64]
                                      end
                                      ^^^
../src/app.wat.patched:34290:39: error: type mismatch in call, expected [i32, i32, f64] but got [i32, i32]
                                      call 544
                                      ^^^^
../src/app.wat.patched:34305:39: error: type mismatch in call, expected [i32, i32, i32, i32] but got [... f64, f64, f64, i32]
                                      call 413
                                      ^^^^
../src/app.wat.patched:34306:39: error: type mismatch in local.set, expected [i64] but got [... i32]
                                      local.set 29
                                      ^^^^^^^^^
../src/app.wat.patched:34393:45: error: type mismatch in call, expected [i32, i32] but got [... i32, i64]
                                            call 211
                                            ^^^^
../src/app.wat.patched:34437:53: error: type mismatch in call, expected [i32, i32, i32, i32, i32, i32, i32, i32] but got [f64]
                                                    call 358
                                                    ^^^^
../src/app.wat.patched:34438:53: error: type mismatch in local.tee, expected [f64] but got []
                                                    local.tee 3
                                                    ^^^^^^^^^
../src/app.wat.patched:34461:53: error: type mismatch in call, expected [i32, i32, i32, i32] but got [f64]
                                                    call 235
                                                    ^^^^
../src/app.wat.patched:34462:53: error: type mismatch in br, expected [f64] but got [i32]
                                                    br 2 (;@22;)
                                                    ^^
../src/app.wat.patched:34466:51: error: type mismatch in call, expected [i32, i32, i32, i32] but got [f64, f64]
                                                  call 457
                                                  ^^^^
../src/app.wat.patched:34467:49: error: type mismatch in block, expected [f64] but got [i32]
                                                end
                                                ^^^
../src/app.wat.patched:34472:49: error: type mismatch in call, expected [i32, i32, i32, i32] but got [f64, f64]
                                                call 457
                                                ^^^^
../src/app.wat.patched:34477:49: error: type mismatch in select, expected [f64, f64, i32] but got [i32, f64, i32]
                                                select
                                                ^^^^^^
../src/app.wat.patched:34531:43: error: type mismatch in call, expected [i32, i32] but got [i32, i64]
                                          call 211
                                          ^^^^
../src/app.wat.patched:34588:47: error: type mismatch in call, expected [i32, i32, i32, i32, i32, i32, i32, i32] but got [f64]
                                              call 358
                                              ^^^^
../src/app.wat.patched:34589:47: error: type mismatch in local.tee, expected [f64] but got []
                                              local.tee 6
                                              ^^^^^^^^^
../src/app.wat.patched:34608:47: error: type mismatch in call, expected [i32, i32, i32, i32] but got [f64]
                                              call 235
                                              ^^^^
../src/app.wat.patched:34609:47: error: type mismatch in br, expected [f64] but got [i32]
                                              br 2 (;@19;)
                                              ^^
../src/app.wat.patched:34613:45: error: type mismatch in call, expected [i32, i32, i32, i32] but got [f64, f64]
                                            call 457
                                            ^^^^
../src/app.wat.patched:34614:43: error: type mismatch in block, expected [f64] but got [i32]
                                          end
                                          ^^^
../src/app.wat.patched:34619:43: error: type mismatch in call, expected [i32, i32, i32, i32] but got [f64, f64]
                                          call 457
                                          ^^^^
../src/app.wat.patched:34625:43: error: type mismatch in select, expected [f64, f64, i32] but got [i32, f64, i32]
                                          select
                                          ^^^^^^
../src/app.wat.patched:34727:41: error: type mismatch in call, expected [i32, i32, i32, i32, i32, i32, i32, i32] but got [f64]
                                        call 358
                                        ^^^^
../src/app.wat.patched:34728:41: error: type mismatch in local.tee, expected [f64] but got []
                                        local.tee 3
                                        ^^^^^^^^^
../src/app.wat.patched:34746:41: error: type mismatch in call, expected [i32, i32, i32, i32] but got [f64]
                                        call 235
                                        ^^^^
../src/app.wat.patched:34747:41: error: type mismatch in br, expected [f64] but got [i32]
                                        br 2 (;@16;)
                                        ^^
../src/app.wat.patched:34755:39: error: type mismatch in call, expected [i32, i32, i32, i32] but got [f64, f64]
                                      call 457
                                      ^^^^
../src/app.wat.patched:34756:37: error: type mismatch in block, expected [f64] but got [i32]
                                    end
                                    ^^^
../src/app.wat.patched:34761:37: error: type mismatch in call, expected [i32, i32, i32, i32] but got [f64, f64]
                                    call 457
                                    ^^^^
../src/app.wat.patched:34767:37: error: type mismatch in select, expected [f64, f64, i32] but got [i32, f64, i32]
                                    select
                                    ^^^^^^
../src/app.wat.patched:34853:51: error: type mismatch in call, expected [i32, i32, i32] but got [i32]
                                                  call 302
                                                  ^^^^
../src/app.wat.patched:34944:47: error: type mismatch in call, expected [i32, i32, i32] but got [i32, i32]
                                              call 302
                                              ^^^^
../src/app.wat.patched:35058:51: error: type mismatch in call, expected [i32, i32] but got [i32]
                                                  call 405
                                                  ^^^^
../src/app.wat.patched:35249:53: error: type mismatch in call, expected [i32, i32] but got [i32]
                                                    call 405
                                                    ^^^^
../src/app.wat.patched:35250:51: error: type mismatch at end of `if true` branch, expected [] but got [i32]
                                                  end
                                                  ^^^
../src/app.wat.patched:35301:49: error: type mismatch in call, expected [i32, i32] but got [i32]
                                                call 405
                                                ^^^^
../src/app.wat.patched:35302:47: error: type mismatch at end of `if true` branch, expected [] but got [i32]
                                              end
                                              ^^^
../src/app.wat.patched:35445:31: error: type mismatch in call, expected [i32, i32, f64] but got [i32, i32]
                              call 544
                              ^^^^
../src/app.wat.patched:35750:31: error: type mismatch in call, expected [i32] but got [f64]
                              call 499
                              ^^^^
../src/app.wat.patched:35751:31: error: type mismatch in local.set, expected [f64] but got []
                              local.set 16
                              ^^^^^^^^^
../src/app.wat.patched:35758:31: error: type mismatch in call, expected [i32] but got [... f64]
                              call 499
                              ^^^^
../src/app.wat.patched:35759:31: error: type mismatch in local.tee, expected [f64] but got [i32]
                              local.tee 4
                              ^^^^^^^^^
../src/app.wat.patched:35787:31: error: type mismatch in select, expected [i32, i32, i32] but got [i32, i32]
                              select
                              ^^^^^^
../src/app.wat.patched:35831:31: error: type mismatch in call, expected [i32] but got [... f64]
                              call 499
                              ^^^^
../src/app.wat.patched:35832:31: error: type mismatch in local.tee, expected [f64] but got [... i32]
                              local.tee 4
                              ^^^^^^^^^
../src/app.wat.patched:35860:31: error: type mismatch in i32.or, expected [i32, i32] but got [i32]
                              i32.or
                              ^^^^^^
../src/app.wat.patched:37307:35: error: type mismatch in call, expected [i32, i32, i32, i32] but got [... f64, f64, f64, i32]
                                  call 413
                                  ^^^^
../src/app.wat.patched:37308:35: error: type mismatch in local.set, expected [i64] but got [... i32]
                                  local.set 29
                                  ^^^^^^^^^
../src/app.wat.patched:37386:33: error: type mismatch at end of block, expected [] but got [i32, f64]
                                end
                                ^^^
../src/app.wat.patched:37758:35: error: type mismatch in call, expected [i32] but got [f64]
                                  call 499
                                  ^^^^
../src/app.wat.patched:37759:35: error: type mismatch in local.set, expected [f64] but got []
                                  local.set 4
                                  ^^^^^^^^^
../src/app.wat.patched:37767:35: error: type mismatch in call, expected [i32] but got [... f64]
                                  call 499
                                  ^^^^
../src/app.wat.patched:37768:35: error: type mismatch in local.tee, expected [f64] but got [... i32]
                                  local.tee 3
                                  ^^^^^^^^^
../src/app.wat.patched:37797:35: error: type mismatch in select, expected [i32, i32, i32] but got [i64, i32, i32]
                                  select
                                  ^^^^^^
../src/app.wat.patched:37835:35: error: type mismatch in call, expected [i32] but got [... f64]
                                  call 499
                                  ^^^^
../src/app.wat.patched:37836:35: error: type mismatch in local.tee, expected [f64] but got [... i32]
                                  local.tee 2
                                  ^^^^^^^^^
../src/app.wat.patched:37861:35: error: type mismatch in select, expected [i32, i32, i32] but got [i64, i32, i32]
                                  select
                                  ^^^^^^
../src/app.wat.patched:37865:35: error: type mismatch in i64.or, expected [i64, i64] but got [i64]
                                  i64.or
                                  ^^^^^^
../src/app.wat.patched:37866:35: error: type mismatch in i64.or, expected [i64, i64] but got [i64]
                                  i64.or
                                  ^^^^^^
../src/app.wat.patched:38184:37: error: type mismatch in call, expected [i32, i32, i32, i32] but got [... f64, f64, f64, i32]
                                    call 413
                                    ^^^^
../src/app.wat.patched:38185:37: error: type mismatch in local.set, expected [i64] but got [... i32]
                                    local.set 29
                                    ^^^^^^^^^
../src/app.wat.patched:38244:35: error: type mismatch at end of block, expected [] but got [i32, f64]
                                  end
                                  ^^^
../src/app.wat.patched:38406:33: error: type mismatch in call, expected [i32] but got [f64]
                                call 499
                                ^^^^
../src/app.wat.patched:38407:33: error: type mismatch in local.set, expected [f64] but got []
                                local.set 17
                                ^^^^^^^^^
../src/app.wat.patched:38415:33: error: type mismatch in call, expected [i32] but got [... f64]
                                call 499
                                ^^^^
../src/app.wat.patched:38416:33: error: type mismatch in local.tee, expected [f64] but got [i32]
                                local.tee 2
                                ^^^^^^^^^
../src/app.wat.patched:38441:33: error: type mismatch in select, expected [i32, i32, i32] but got [i32, i32]
                                select
                                ^^^^^^
../src/app.wat.patched:38490:33: error: type mismatch in call, expected [i32] but got [... f64]
                                call 499
                                ^^^^
../src/app.wat.patched:38491:33: error: type mismatch in local.tee, expected [f64] but got [... i32]
                                local.tee 2
                                ^^^^^^^^^
../src/app.wat.patched:38524:33: error: type mismatch in i32.store, expected [i32, i32] but got [i32]
                                i32.store
                                ^^^^^^^^^
../src/app.wat.patched:38597:39: error: type mismatch in call, expected [i32, i32, i32] but got [i32]
                                      call 302
                                      ^^^^
../src/app.wat.patched:38696:39: error: type mismatch in call, expected [i32, f64, f64, f64, i32, f32, f32, i32, i32] but got [i32, i32]
                                      call 217
                                      ^^^^
../src/app.wat.patched:39078:37: error: type mismatch in call, expected [i32, i32] but got [i32]
                                    call 405
                                    ^^^^
../src/app.wat.patched:39217:39: error: type mismatch in call, expected [i32, i32] but got [i32, i64]
                                      call 211
                                      ^^^^
../src/app.wat.patched:39291:45: error: type mismatch in call, expected [i32, i32, i32, i32] but got [f64]
                                            call 235
                                            ^^^^
../src/app.wat.patched:39292:45: error: type mismatch in br, expected [f64] but got [i32]
                                            br 2 (;@18;)
                                            ^^
../src/app.wat.patched:39296:43: error: type mismatch in call, expected [i32, i32, i32, i32] but got [f64, f64]
                                          call 457
                                          ^^^^
../src/app.wat.patched:39297:41: error: type mismatch in block, expected [f64] but got [i32]
                                        end
                                        ^^^
../src/app.wat.patched:39303:41: error: type mismatch in call, expected [i32, i32, i32, i32] but got [f64, f64]
                                        call 457
                                        ^^^^
../src/app.wat.patched:39308:41: error: type mismatch in select, expected [f64, f64, i32] but got [i32, f64, i32]
                                        select
                                        ^^^^^^
../src/app.wat.patched:39356:37: error: type mismatch in call, expected [i32, i32] but got [i32, i64]
                                    call 211
                                    ^^^^
../src/app.wat.patched:39407:41: error: type mismatch in call, expected [i32, i32, i32, i32, i32, i32, i32, i32] but got [f64]
                                        call 358
                                        ^^^^
../src/app.wat.patched:39408:41: error: type mismatch in local.tee, expected [f64] but got []
                                        local.tee 10
                                        ^^^^^^^^^
../src/app.wat.patched:39429:41: error: type mismatch in call, expected [i32, i32, i32, i32] but got [f64]
                                        call 235
                                        ^^^^
../src/app.wat.patched:39430:41: error: type mismatch in br, expected [f64] but got [i32]
                                        br 2 (;@16;)
                                        ^^
../src/app.wat.patched:39434:39: error: type mismatch in call, expected [i32, i32, i32, i32] but got [f64, f64]
                                      call 457
                                      ^^^^
../src/app.wat.patched:39435:37: error: type mismatch in block, expected [f64] but got [i32]
                                    end
                                    ^^^
../src/app.wat.patched:39444:37: error: type mismatch in call, expected [i32, i32, i32, i32] but got [f64, f64]
                                    call 457
                                    ^^^^
../src/app.wat.patched:39449:37: error: type mismatch in select, expected [f64, f64, i32] but got [i32, f64, i32]
                                    select
                                    ^^^^^^
../src/app.wat.patched:39537:37: error: type mismatch in call, expected [i32, i32, i32, i32, i32, i32, i32, i32] but got [f64]
                                    call 358
                                    ^^^^
../src/app.wat.patched:39538:37: error: type mismatch in local.tee, expected [f64] but got []
                                    local.tee 3
                                    ^^^^^^^^^
../src/app.wat.patched:39557:37: error: type mismatch in call, expected [i32, i32, i32, i32] but got [f64]
                                    call 235
                                    ^^^^
../src/app.wat.patched:39558:37: error: type mismatch in br, expected [f64] but got [i32]
                                    br 2 (;@14;)
                                    ^^
../src/app.wat.patched:39562:35: error: type mismatch in call, expected [i32, i32, i32, i32] but got [f64, f64]
                                  call 457
                                  ^^^^
../src/app.wat.patched:39563:33: error: type mismatch in block, expected [f64] but got [i32]
                                end
                                ^^^
../src/app.wat.patched:39572:33: error: type mismatch in call, expected [i32, i32, i32, i32] but got [f64, f64]
                                call 457
                                ^^^^
../src/app.wat.patched:39577:33: error: type mismatch in select, expected [f64, f64, i32] but got [i32, f64, i32]
                                select
                                ^^^^^^
../src/app.wat.patched:39711:31: error: type mismatch in call, expected [i32, i32, i32, i32, i32, i32, i32, i32] but got [f64]
                              call 358
                              ^^^^
../src/app.wat.patched:39712:31: error: type mismatch in local.tee, expected [f64] but got []
                              local.tee 11
                              ^^^^^^^^^
../src/app.wat.patched:39730:31: error: type mismatch in call, expected [i32, i32, i32, i32] but got [f64]
                              call 235
                              ^^^^
../src/app.wat.patched:39731:31: error: type mismatch in br, expected [f64] but got [i32]
                              br 2 (;@11;)
                              ^^
../src/app.wat.patched:39744:27: error: type mismatch in call, expected [i32, i32, i32, i32] but got [f64, f64]
                          call 457
                          ^^^^
../src/app.wat.patched:39749:27: error: type mismatch in select, expected [f64, f64, i32] but got [i32, f64, i32]
                          select
                          ^^^^^^
../src/app.wat.patched:39894:21: error: type mismatch in call, expected [i32, i32, f64] but got [i32, i32]
                    call 544
                    ^^^^
../src/app.wat.patched:39932:25: error: type mismatch in call, expected [i32, i32, i32] but got [f64]
                        call 441
                        ^^^^
../src/app.wat.patched:40016:21: error: type mismatch in call, expected [i32, i32, f64] but got [i32, i32]
                    call 544
                    ^^^^
../src/app.wat.patched:40104:21: error: type mismatch in call, expected [i32, i32, f64] but got [i32, i32]
                    call 544
                    ^^^^
../src/app.wat.patched:40146:23: error: type mismatch in call, expected [i32, i32, i32] but got [f64, i32, i32]
                      call 352
                      ^^^^
../src/app.wat.patched:40173:27: error: type mismatch in call, expected [i32, i32, i32] but got [f64]
                          call 441
                          ^^^^
../src/app.wat.patched:40189:23: error: type mismatch in f64.add, expected [f64, f64] but got [f64]
                      f64.add
                      ^^^^^^^
../src/app.wat.patched:40391:21: error: type mismatch at end of block, expected [] but got [i32]
                    end
                    ^^^
../src/app.wat.patched:40491:15: error: type mismatch at end of block, expected [] but got [i32]
              end
              ^^^
../src/app.wat.patched:40492:15: error: type mismatch in i32.store, expected [i32, i32] but got []
              i32.store
              ^^^^^^^^^
../src/app.wat.patched:40510:15: error: type mismatch in call, expected [i32, i32, i32, i32] but got [i32, i32]
              call 242
              ^^^^
../src/app.wat.patched:40965:13: error: type mismatch at end of block, expected [] but got [i32, i32]
            end
            ^^^
../src/app.wat.patched:41004:21: error: type mismatch in f64.add, expected [f64, f64] but got [... i32, f64]
                    f64.add
                    ^^^^^^^
../src/app.wat.patched:41025:19: error: type mismatch in f64.add, expected [f64, f64] but got [... i32, f64]
                  f64.add
                  ^^^^^^^
../src/app.wat.patched:41049:17: error: type mismatch in call, expected [i32, i32, i32] but got [i32]
                call 302
                ^^^^
../src/app.wat.patched:41112:13: error: type mismatch at end of block, expected [] but got [i32]
            end
            ^^^
../src/app.wat.patched:41123:13: error: type mismatch in br_if, expected [i32] but got []
            br_if 0 (;@4;)
            ^^^^^
../src/app.wat.patched:41125:9: error: type mismatch at end of block, expected [] but got [i32, i32]
        end
        ^^^
../src/app.wat.patched:41287:41: error: type mismatch in call, expected [i32, i32, i32] but got [i32]
                                        call 302
                                        ^^^^
../src/app.wat.patched:41648:39: error: type mismatch at end of `if true` branch, expected [] but got [... f32, f32, i32, i32]
                                      end
                                      ^^^
../src/app.wat.patched:41850:41: error: type mismatch at end of block, expected [] but got [... f32, f32, i32, i32]
                                        end
                                        ^^^
../src/app.wat.patched:41948:41: error: type mismatch at end of block, expected [] but got [... f32, f32, i32, i32]
                                        end
                                        ^^^
../src/app.wat.patched:42045:41: error: type mismatch at end of block, expected [] but got [... f32, f32, i32, i32]
                                        end
                                        ^^^
../src/app.wat.patched:42357:35: error: type mismatch at end of `if true` branch, expected [] but got [... f64, i32, f32, f32]
                                  end
                                  ^^^
../src/app.wat.patched:42422:41: error: type mismatch in call, expected [i32, i32, i32] but got [i32]
                                        call 302
                                        ^^^^
../src/app.wat.patched:42474:41: error: type mismatch in call, expected [i32, i32] but got [... i64, i32]
                                        call 372
                                        ^^^^
../src/app.wat.patched:42482:41: error: type mismatch in call, expected [i32, i32] but got [... i64, i32]
                                        call 418
                                        ^^^^
../src/app.wat.patched:42488:41: error: type mismatch at end of `if true` branch, expected [] but got [i32]
                                        select
                                        ^^^^^^
../src/app.wat.patched:42531:41: error: type mismatch in call, expected [i32, i32] but got [i32]
                                        call 405
                                        ^^^^
../src/app.wat.patched:42532:39: error: type mismatch at end of `if true` branch, expected [] but got [i32]
                                      end
                                      ^^^
../src/app.wat.patched:42574:39: error: type mismatch in call, expected [i32, i32, i32, i32, i32, i32, i32] but got [... i32, i32, i32, i32, i32, f32, f32]
                                      call 439
                                      ^^^^
../src/app.wat.patched:42641:39: error: type mismatch in call, expected [i32, i32, i32] but got [i32]
                                      call 302
                                      ^^^^
../src/app.wat.patched:42748:39: error: type mismatch in call, expected [i32, i32] but got [... i64, i32]
                                      call 372
                                      ^^^^
../src/app.wat.patched:42760:39: error: type mismatch in call, expected [i32, i32] but got [... i64, i32]
                                      call 418
                                      ^^^^
../src/app.wat.patched:42766:39: error: type mismatch at end of `if true` branch, expected [] but got [i32]
                                      select
                                      ^^^^^^
../src/app.wat.patched:42804:39: error: type mismatch in call, expected [i32, i32] but got [i32]
                                      call 405
                                      ^^^^
../src/app.wat.patched:42805:37: error: type mismatch at end of `if true` branch, expected [] but got [i32]
                                    end
                                    ^^^
../src/app.wat.patched:42963:37: error: type mismatch in call, expected [i32, i32, i32, i32, i32, i32, i32] but got [... i32, i32, i32, i32, i32, f32, f32]
                                    call 439
                                    ^^^^
../src/app.wat.patched:43067:37: error: type mismatch in call, expected [i32, f64, i32, i32] but got [... i32, i32, i32, i32]
                                    call 452
                                    ^^^^
../src/app.wat.patched:43076:35: error: type mismatch at end of `if true` branch, expected [] but got [i32, i32, i32, i32]
                                  end
                                  ^^^
../src/app.wat.patched:43095:35: error: type mismatch at end of `if true` branch, expected [] but got [i32, i32, i32, i32]
                                  end
                                  ^^^
../src/app.wat.patched:43216:35: error: type mismatch at end of `if true` branch, expected [] but got [i32, i32, i32, i32]
                                  end
                                  ^^^
../src/app.wat.patched:43290:33: error: type mismatch at end of `if true` branch, expected [] but got [... i32, i32, i32, i32]
                                end
                                ^^^
../src/app.wat.patched:43311:33: error: type mismatch at end of `if true` branch, expected [] but got [i32, i32, i32, i32]
                                end
                                ^^^
../src/app.wat.patched:43460:33: error: type mismatch at end of `if true` branch, expected [] but got [i32, i32, i32, i32]
                                end
                                ^^^
../src/app.wat.patched:43558:31: error: type mismatch at end of `if true` branch, expected [] but got [... i32, i32, i32, i32]
                              end
                              ^^^
../src/app.wat.patched:43579:31: error: type mismatch at end of `if true` branch, expected [] but got [i32, i32, i32, i32]
                              end
                              ^^^
../src/app.wat.patched:43735:31: error: type mismatch at end of `if true` branch, expected [] but got [i32, i32, i32, i32]
                              end
                              ^^^
../src/app.wat.patched:43903:33: error: type mismatch in call, expected [i32, f64, i32, i32] but got [... i32, i32, i32, i32]
                                call 452
                                ^^^^
../src/app.wat.patched:43912:31: error: type mismatch at end of `if true` branch, expected [] but got [i32, i32, i32, i32]
                              end
                              ^^^
../src/app.wat.patched:43939:31: error: type mismatch at end of `if true` branch, expected [] but got [i32, i32, i32, i32]
                              end
                              ^^^
../src/app.wat.patched:44076:33: error: type mismatch at end of `if true` branch, expected [] but got [i32, i32, i32, i32]
                                end
                                ^^^
../src/app.wat.patched:44166:29: error: type mismatch at end of `if true` branch, expected [] but got [... i32, i32, i32, i32]
                            end
                            ^^^
../src/app.wat.patched:44187:29: error: type mismatch at end of `if true` branch, expected [] but got [i32, i32, i32, i32]
                            end
                            ^^^
../src/app.wat.patched:44342:31: error: type mismatch at end of `if true` branch, expected [] but got [i32, i32, i32, i32]
                              end
                              ^^^
../src/app.wat.patched:44445:27: error: type mismatch at end of `if true` branch, expected [] but got [... i32, i32, i32, i32]
                          end
                          ^^^
../src/app.wat.patched:44469:27: error: type mismatch at end of `if true` branch, expected [] but got [i32, i32, i32, i32]
                          end
                          ^^^
../src/app.wat.patched:44616:29: error: type mismatch at end of `if true` branch, expected [] but got [i32, i32, i32, i32]
                            end
                            ^^^
../src/app.wat.patched:44847:31: error: type mismatch at end of block, expected [] but got [... f32, f32, i32, i32]
                              end
                              ^^^
../src/app.wat.patched:44879:29: error: type mismatch at end of loop, expected [] but got [... i32, f32, f32, i32]
                            end
                            ^^^
../src/app.wat.patched:44919:27: error: type mismatch in call, expected [i32] but got [... f64]
                          call 330
                          ^^^^
../src/app.wat.patched:44933:27: error: type mismatch in call, expected [i32] but got [... f64]
                          call 330
                          ^^^^
../src/app.wat.patched:44948:27: error: type mismatch in call, expected [i32, i32] but got [f64]
                          call 344
                          ^^^^
../src/app.wat.patched:44949:27: error: type mismatch in local.set, expected [f64] but got []
                          local.set 12
                          ^^^^^^^^^
../src/app.wat.patched:44956:27: error: type mismatch in call, expected [i32, i32] but got [f64]
                          call 344
                          ^^^^
../src/app.wat.patched:44957:27: error: type mismatch in local.set, expected [f64] but got []
                          local.set 13
                          ^^^^^^^^^
../src/app.wat.patched:44980:27: error: type mismatch in call, expected [i32] but got [... f64]
                          call 330
                          ^^^^
../src/app.wat.patched:45015:27: error: type mismatch in call, expected [i32] but got [... f64]
                          call 381
                          ^^^^
../src/app.wat.patched:45019:27: error: type mismatch in f64.sub, expected [f64, f64] but got [i32, f64]
                          f64.sub
                          ^^^^^^^
../src/app.wat.patched:45021:27: error: type mismatch in f64.store, expected [i32, f64] but got [f64]
                          f64.store
                          ^^^^^^^^^
../src/app.wat.patched:45055:27: error: type mismatch in call, expected [i32, i32] but got [f64]
                          call 344
                          ^^^^
../src/app.wat.patched:45056:27: error: type mismatch in local.set, expected [f64] but got []
                          local.set 9
                          ^^^^^^^^^
../src/app.wat.patched:45065:27: error: type mismatch in call, expected [i32, i32] but got [... f64, f64]
                          call 344
                          ^^^^
../src/app.wat.patched:45081:27: error: type mismatch in f64.mul, expected [f64, f64] but got [i32, f64]
                          f64.mul
                          ^^^^^^^
../src/app.wat.patched:45083:27: error: type mismatch in f64.sub, expected [f64, f64] but got [f64]
                          f64.sub
                          ^^^^^^^
../src/app.wat.patched:45085:27: error: type mismatch in f64.store, expected [i32, f64] but got [f64]
                          f64.store
                          ^^^^^^^^^
../src/app.wat.patched:45089:27: error: type mismatch in call, expected [i32] but got [... f64]
                          call 381
                          ^^^^
../src/app.wat.patched:45093:27: error: type mismatch in f64.sub, expected [f64, f64] but got [i32, f64]
                          f64.sub
                          ^^^^^^^
../src/app.wat.patched:45095:27: error: type mismatch in f64.store, expected [i32, f64] but got [f64]
                          f64.store
                          ^^^^^^^^^
../src/app.wat.patched:45185:31: error: type mismatch in call, expected [i32] but got [... f64]
                              call 330
                              ^^^^
../src/app.wat.patched:45193:31: error: type mismatch in call, expected [i32] but got [... f64]
                              call 330
                              ^^^^
../src/app.wat.patched:45237:31: error: type mismatch in call, expected [i32, i32] but got [... f64, f64]
                              call 344
                              ^^^^
../src/app.wat.patched:45239:31: error: type mismatch in f64.div, expected [f64, f64] but got [f64]
                              f64.div
                              ^^^^^^^
../src/app.wat.patched:45241:31: error: type mismatch in f64.mul, expected [f64, f64] but got [f64]
                              f64.mul
                              ^^^^^^^
../src/app.wat.patched:45248:31: error: type mismatch in call, expected [i32, i32] but got [... f64, f64]
                              call 344
                              ^^^^
../src/app.wat.patched:45250:31: error: type mismatch in f64.mul, expected [f64, f64] but got [i32, f64]
                              f64.mul
                              ^^^^^^^
../src/app.wat.patched:45252:31: error: type mismatch in f64.sub, expected [f64, f64] but got [f64]
                              f64.sub
                              ^^^^^^^
../src/app.wat.patched:45254:31: error: type mismatch in f64.store, expected [i32, f64] but got [f64]
                              f64.store
                              ^^^^^^^^^
../src/app.wat.patched:45258:31: error: type mismatch in call, expected [i32] but got [... f64]
                              call 381
                              ^^^^
../src/app.wat.patched:45262:31: error: type mismatch in f64.sub, expected [f64, f64] but got [i32, f64]
                              f64.sub
                              ^^^^^^^
../src/app.wat.patched:45264:31: error: type mismatch in f64.store, expected [i32, f64] but got [f64]
                              f64.store
                              ^^^^^^^^^
../src/app.wat.patched:45311:29: error: type mismatch at end of loop, expected [] but got [... f32, f32, i32, i32]
                            end
                            ^^^
../src/app.wat.patched:45349:25: error: type mismatch at end of block, expected [] but got [... f32, f32, i32, i32]
                        end
                        ^^^
../src/app.wat.patched:45387:25: error: type mismatch in call, expected [i32, i32] but got [i32]
                        call 405
                        ^^^^
../src/app.wat.patched:45564:13: error: type mismatch in call, expected [i32, i32] but got [... i64, i32]
            call 319
            ^^^^
../src/app.wat.patched:45574:15: error: type mismatch in call, expected [i32, i32, i32] but got [i32, i32]
              call 273
              ^^^^
../src/app.wat.patched:45575:13: error: type mismatch at end of `if true` branch, expected [] but got [i32]
            end
            ^^^
../src/app.wat.patched:45855:23: error: type mismatch in call, expected [i32, i32] but got [i32]
                      call 405
                      ^^^^
../src/app.wat.patched:45990:7: error: type mismatch in call, expected [i32, i32, i32] but got [i32]
      call 302
      ^^^^
../src/app.wat.patched:46016:11: error: type mismatch in f64.add, expected [f64, f64] but got [... i32, f64]
          f64.add
          ^^^^^^^
../src/app.wat.patched:46017:11: error: type mismatch in f64.store, expected [i32, f64] but got [... f64, f64]
          f64.store
          ^^^^^^^^^
../src/app.wat.patched:46031:9: error: type mismatch at end of loop, expected [] but got [i32]
        end
        ^^^
../src/app.wat.patched:46231:29: error: type mismatch in call, expected [i32, i32] but got [i32]
                            call 405
                            ^^^^
../src/app.wat.patched:46287:29: error: type mismatch in call, expected [i32, i32] but got [i32]
                            call 405
                            ^^^^
../src/app.wat.patched:46288:27: error: type mismatch at end of `if true` branch, expected [] but got [i32]
                          end
                          ^^^
../src/app.wat.patched:46323:27: error: type mismatch in call, expected [i32, i32, i32, i32] but got [... f64, f64, f64, f64]
                          call 537
                          ^^^^
../src/app.wat.patched:46614:9: error: type mismatch at end of block, expected [] but got [i32]
        end
        ^^^
../src/app.wat.patched:46663:15: error: type mismatch in call, expected [i32, i32] but got [i32]
              call 405
              ^^^^
../src/app.wat.patched:46664:13: error: type mismatch at end of `if true` branch, expected [] but got [i32]
            end
            ^^^
../src/app.wat.patched:46701:15: error: type mismatch in call, expected [i32, i32] but got [i32]
              call 405
              ^^^^
../src/app.wat.patched:46702:13: error: type mismatch at end of `if true` branch, expected [] but got [i32]
            end
            ^^^
../src/app.wat.patched:46852:21: error: type mismatch in local.tee, expected [i64] but got [... i32]
                    local.tee 9
                    ^^^^^^^^^
../src/app.wat.patched:46978:21: error: type mismatch at end of `if true` branch, expected [] but got [i64, i64]
                    select
                    ^^^^^^
../src/app.wat.patched:46994:19: error: type mismatch in call, expected [i32, i32] but got [... f64, f64]
                  call 344
                  ^^^^
../src/app.wat.patched:46995:19: error: type mismatch in local.tee, expected [f64] but got [... i32]
                  local.tee 19
                  ^^^^^^^^^
../src/app.wat.patched:47013:19: error: type mismatch in call, expected [i32] but got [... f64]
                  call 381
                  ^^^^
../src/app.wat.patched:47015:19: error: type mismatch in f64.sub, expected [f64, f64] but got [... i32, f64]
                  f64.sub
                  ^^^^^^^
../src/app.wat.patched:47024:19: error: type mismatch in call, expected [i32] but got [... f64]
                  call 303
                  ^^^^
../src/app.wat.patched:47066:21: error: type mismatch in call, expected [i32, i32] but got [i32]
                    call 405
                    ^^^^
../src/app.wat.patched:47067:19: error: type mismatch at end of `if true` branch, expected [] but got [i32]
                  end
                  ^^^
../src/app.wat.patched:47069:19: error: type mismatch in call, expected [i32, f64, f64, f64, i32, f32, f32, i32] but got [i32]
                  call 240
                  ^^^^
../src/app.wat.patched:47110:21: error: type mismatch in call, expected [i32, i32] but got [i32]
                    call 405
                    ^^^^
../src/app.wat.patched:47111:19: error: type mismatch at end of `if true` branch, expected [] but got [i32]
                  end
                  ^^^
../src/app.wat.patched:47113:19: error: type mismatch in call, expected [i32, i32] but got [i32]
                  call 261
                  ^^^^
../src/app.wat.patched:47154:21: error: type mismatch in call, expected [i32, i32] but got [i32]
                    call 405
                    ^^^^
../src/app.wat.patched:47155:19: error: type mismatch at end of `if true` branch, expected [] but got [i32]
                  end
                  ^^^
../src/app.wat.patched:47306:23: error: type mismatch in call, expected [i32, i32] but got [i32]
                      call 405
                      ^^^^
../src/app.wat.patched:47484:29: error: type mismatch in call, expected [i32, i32, i32] but got [i32]
                            call 302
                            ^^^^
../src/app.wat.patched:47528:27: error: type mismatch in call, expected [i32, i32, f64, f64, f64, f64, f64, f64, f64, f64] but got [i32, i32, f64, f64, i32, f64, i32, f64, i64]
                          call 554
                          ^^^^
../src/app.wat.patched:47629:25: error: type mismatch at end of block, expected [] but got [i32]
                        end
                        ^^^
../src/app.wat.patched:47775:27: error: type mismatch in call, expected [i32, i32, i32] but got [i32]
                          call 302
                          ^^^^
../src/app.wat.patched:47819:25: error: type mismatch in call, expected [i32, i32, f64, f64, f64, f64, f64, f64, f64, f64] but got [i32, i32, f64, f64, i32, f64, i32, f64, i64]
                        call 554
                        ^^^^
../src/app.wat.patched:47951:23: error: type mismatch in call, expected [i32, i32, f64, f64, f64, f64, f64, f64, f64, f64] but got [i32, f64, f64, i32, f64, i32, f64, i64]
                      call 554
                      ^^^^
../src/app.wat.patched:48007:13: error: type mismatch in call, expected [i32, i32] but got [i32]
            call 405
            ^^^^
../src/app.wat.patched:48008:11: error: type mismatch at end of `if true` branch, expected [] but got [i32]
          end
          ^^^
../src/app.wat.patched:48117:53: error: type mismatch in call, expected [i32, i32, i32, i32] but got [f64, i32, f64, f64]
                                                    call 124
                                                    ^^^^
../src/app.wat.patched:48125:53: error: type mismatch in call, expected [i32, i32, f64, f64] but got [i32, f64, f64]
                                                    call 142
                                                    ^^^^
../src/app.wat.patched:48127:53: error: type mismatch in i32.and, expected [i32, i32] but got [i32]
                                                    i32.and
                                                    ^^^^^^^
../src/app.wat.patched:48152:53: error: type mismatch in call, expected [i32, i32, i32] but got [i32, i32]
                                                    call 140
                                                    ^^^^
../src/app.wat.patched:48156:53: error: type mismatch in call, expected [i32, i32] but got [i32, f64]
                                                    call 106
                                                    ^^^^
../src/app.wat.patched:48174:53: error: type mismatch in call, expected [i32, i32] but got [i32]
                                                    call 104
                                                    ^^^^
../src/app.wat.patched:48205:51: error: type mismatch in call, expected [i32, i32] but got [i32]
                                                  call 66
                                                  ^^^^
../src/app.wat.patched:48226:51: error: type mismatch in call, expected [i32, i32, i32, i32] but got [f64, i32, f64, f64]
                                                  call 124
                                                  ^^^^
../src/app.wat.patched:48317:51: error: type mismatch in call, expected [i32, i32] but got [i32]
                                                  call 100
                                                  ^^^^
../src/app.wat.patched:48346:51: error: type mismatch in call, expected [i32, i32, i32] but got [i32, i32]
                                                  call 140
                                                  ^^^^
../src/app.wat.patched:48350:51: error: type mismatch in call, expected [i32, i32] but got [i32, f64]
                                                  call 106
                                                  ^^^^
../src/app.wat.patched:48413:49: error: type mismatch in call, expected [i32, i32, i32] but got [i32, i32]
                                                call 140
                                                ^^^^
../src/app.wat.patched:48417:49: error: type mismatch in call, expected [i32, i32] but got [i32, f64]
                                                call 106
                                                ^^^^
../src/app.wat.patched:48480:49: error: type mismatch in call, expected [i32, i32, i32] but got [i32]
                                                call 302
                                                ^^^^
../src/app.wat.patched:48534:49: error: type mismatch in call, expected [i32, i32] but got [... i64, i32]
                                                call 372
                                                ^^^^
../src/app.wat.patched:48542:49: error: type mismatch in call, expected [i32, i32] but got [... i64, i32]
                                                call 418
                                                ^^^^
../src/app.wat.patched:48550:49: error: type mismatch at end of `if true` branch, expected [] but got [i32]
                                                select
                                                ^^^^^^
../src/app.wat.patched:48640:49: error: type mismatch in call, expected [i32, i32] but got [i32]
                                                call 405
                                                ^^^^
../src/app.wat.patched:48641:47: error: type mismatch at end of block, expected [] but got [i32]
                                              end
                                              ^^^
../src/app.wat.patched:48707:47: error: type mismatch in call, expected [i32, i32] but got [... f64, f64]
                                              call 553
                                              ^^^^
../src/app.wat.patched:48746:47: error: type mismatch in call, expected [i32, i32, i32] but got [i32]
                                              call 302
                                              ^^^^
../src/app.wat.patched:48794:47: error: type mismatch in call, expected [i32, i32] but got [... i64, i32]
                                              call 372
                                              ^^^^
../src/app.wat.patched:48802:47: error: type mismatch in call, expected [i32, i32] but got [... i64, i32]
                                              call 418
                                              ^^^^
../src/app.wat.patched:48810:47: error: type mismatch at end of `if true` branch, expected [] but got [i32]
                                              select
                                              ^^^^^^
../src/app.wat.patched:48895:45: error: type mismatch in call, expected [i32, i32] but got [... f64, f64]
                                            call 553
                                            ^^^^
../src/app.wat.patched:48944:47: error: type mismatch in call, expected [i32, i32] but got [i32]
                                              call 66
                                              ^^^^
../src/app.wat.patched:48958:47: error: type mismatch in call, expected [i32, i32, i32, i32, i32, i32] but got [... i32, f64, f64, f64, f64, f64]
                                              call 79
                                              ^^^^
../src/app.wat.patched:48981:47: error: type mismatch in call, expected [i32, f64, f64, f64, f64] but got [f64, i32, i32]
                                              call 8
                                              ^^^^
../src/app.wat.patched:48983:47: error: type mismatch in call, expected [i32, i32] but got [i32]
                                              call 146
                                              ^^^^
../src/app.wat.patched:48984:45: error: type mismatch at end of `if true` branch, expected [] but got [f64]
                                            end
                                            ^^^
../src/app.wat.patched:48986:45: error: type mismatch in call, expected [i32, i32] but got [i32]
                                            call 66
                                            ^^^^
../src/app.wat.patched:48994:45: error: type mismatch in call, expected [i32, i32, i32, i32, i32, i32] but got [... i32, f64, f64, f64, f64, f64]
                                            call 79
                                            ^^^^
../src/app.wat.patched:49013:45: error: type mismatch in call, expected [i32, f64, f64, f64, f64] but got [f64, i32, i32]
                                            call 8
                                            ^^^^
../src/app.wat.patched:49015:45: error: type mismatch in call, expected [i32, i32] but got [i32]
                                            call 146
                                            ^^^^
../src/app.wat.patched:49033:43: error: type mismatch in call, expected [i32, i32] but got [i32]
                                          call 66
                                          ^^^^
../src/app.wat.patched:49041:43: error: type mismatch in call, expected [i32, i32, i32, i32, i32, i32] but got [... i32, f64, f64, f64, f64, f64]
                                          call 79
                                          ^^^^
../src/app.wat.patched:49058:43: error: type mismatch in call, expected [i32, i32, i32] but got [f64, i32, i32]
                                          call 140
                                          ^^^^
../src/app.wat.patched:49062:43: error: type mismatch in call, expected [i32, i32] but got [i32, f64]
                                          call 106
                                          ^^^^
../src/app.wat.patched:49066:41: error: type mismatch in call, expected [i32, i32, i32, f64, f64] but got [i32]
                                        call 81
                                        ^^^^
../src/app.wat.patched:49077:39: error: type mismatch in call, expected [i32, i32] but got [i32]
                                      call 77
                                      ^^^^
../src/app.wat.patched:49078:37: error: type mismatch at end of block, expected [] but got [i32]
                                    end
                                    ^^^
../src/app.wat.patched:49110:33: error: type mismatch in call, expected [i32, f64, f64, f64, f64] but got [i32, i32]
                                call 8
                                ^^^^
../src/app.wat.patched:49112:33: error: type mismatch in call, expected [i32, i32] but got [i32]
                                call 146
                                ^^^^
../src/app.wat.patched:49116:31: error: type mismatch in call, expected [i32, i32] but got [i32]
                              call 77
                              ^^^^
../src/app.wat.patched:49117:29: error: type mismatch at end of block, expected [] but got [i32]
                            end
                            ^^^
../src/app.wat.patched:49131:27: error: type mismatch in call, expected [i32, i32, i32, i32, i32] but got [i32, f64, f64, f64, f64]
                          call 38
                          ^^^^
../src/app.wat.patched:49160:25: error: type mismatch in call, expected [i32, f64, f64, f64, f64] but got [i32, i32]
                        call 8
                        ^^^^
../src/app.wat.patched:49166:25: error: type mismatch in call, expected [i32, i32, f64, f64, f64, f64, f64, i32, f64, i32, i32, i32] but got [i32, f64, f64, f64, f64]
                        call 127
                        ^^^^
../src/app.wat.patched:49426:11: error: type mismatch in call, expected [i32, f64, f64, f64, i32, i32] but got [... i32, i32, i32, i32, i32, i32]
          call 403
          ^^^^
../src/app.wat.patched:49757:11: error: type mismatch at end of block, expected [] but got [i32, i32, i32, i32]
          end
          ^^^
../src/app.wat.patched:49772:13: error: type mismatch in call, expected [i32, f64, f64, f64, i32, i32] but got [i32, i32, i32, i32, i32, i32]
            call 403
            ^^^^
../src/app.wat.patched:50126:21: error: type mismatch in call, expected [i32, f64, f64, f64, i32, f32, f32, i32] but got [i32]
                    call 240
                    ^^^^
../src/app.wat.patched:50171:23: error: type mismatch in call, expected [i32, i32] but got [i32]
                      call 405
                      ^^^^
../src/app.wat.patched:50172:21: error: type mismatch at end of `if true` branch, expected [] but got [i32]
                    end
                    ^^^
../src/app.wat.patched:50177:21: error: type mismatch in call, expected [i32, i32] but got [i32]
                    call 261
                    ^^^^
../src/app.wat.patched:50226:23: error: type mismatch in call, expected [i32, i32] but got [i32]
                      call 405
                      ^^^^
../src/app.wat.patched:50227:21: error: type mismatch at end of `if true` branch, expected [] but got [i32]
                    end
                    ^^^
../src/app.wat.patched:50427:17: error: type mismatch at end of `if true` branch, expected [] but got [... i32, i32, i32, i32]
                end
                ^^^
../src/app.wat.patched:50448:17: error: type mismatch at end of `if true` branch, expected [] but got [i32, i32, i32, i32]
                end
                ^^^
../src/app.wat.patched:50602:17: error: type mismatch at end of `if true` branch, expected [] but got [i32, i32, i32, i32]
                end
                ^^^
../src/app.wat.patched:50672:9: error: type mismatch at end of block, expected [] but got [... i32, i32, i32, i32]
        end
        ^^^
../src/app.wat.patched:50694:9: error: type mismatch at end of `if true` branch, expected [] but got [i32, i32, i32, i32]
        end
        ^^^
../src/app.wat.patched:50843:9: error: type mismatch at end of `if true` branch, expected [] but got [i32, i32, i32, i32]
        end
        ^^^
../src/app.wat.patched:50908:13: error: type mismatch in call, expected [i32, i32, i32] but got [i32, i32]
            call 352
            ^^^^
../src/app.wat.patched:50932:11: error: type mismatch in call, expected [i32, i32, i32] but got [i32]
          call 302
          ^^^^
../src/app.wat.patched:51014:9: error: type mismatch in call, expected [i32, i32, i32] but got [i32]
        call 265
        ^^^^
../src/app.wat.patched:51025:7: error: type mismatch at end of loop, expected [] but got [i32]
      end
      ^^^
../src/app.wat.patched:51359:5: error: type mismatch at end of function, expected [] but got [... i32, i32, i32, i32]
    call 115)
    ^^^^
../src/app.wat.patched:51603:11: error: type mismatch in if, expected [i32] but got []
          if  ;; label = @4
          ^^
../src/app.wat.patched:51638:17: error: type mismatch in call, expected [i32, f64, f64, f64, f64, f64] but got [i32, i32, i32]
                call 535
                ^^^^
../src/app.wat.patched:51655:21: error: type mismatch in call, expected [i32, i32] but got []
                    call 287
                    ^^^^
../src/app.wat.patched:51678:17: error: type mismatch in call, expected [i32, f64, f64, f64, f64, f64] but got [i32, i32, i32]
                call 535
                ^^^^
../src/app.wat.patched:51691:21: error: type mismatch in call, expected [i32, i32] but got []
                    call 287
                    ^^^^
../src/app.wat.patched:51869:5: error: type mismatch at end of function, expected [] but got [i32, i32, i32]
    call 353)
    ^^^^
../src/app.wat.patched:52744:31: error: type mismatch in call, expected [i32, i32, i32, i32] but got [i32, i32, i32]
                              call 308
                              ^^^^
../src/app.wat.patched:52745:29: error: type mismatch at end of `if true` branch, expected [] but got [i32]
                            end
                            ^^^
../src/app.wat.patched:52844:23: error: type mismatch in call, expected [i32, i32] but got [... i64, i32]
                      call 319
                      ^^^^
../src/app.wat.patched:52989:19: error: type mismatch in br_if, expected [i32] but got []
                  br_if 6 (;@1;)
                  ^^^^^
../src/app.wat.patched:53236:15: error: type mismatch in call, expected [i32, i32] but got [... i64, i32]
              call 319
              ^^^^
../src/app.wat.patched:53474:7: error: type mismatch at end of block, expected [] but got [i32]
      end
      ^^^
../src/app.wat.patched:53475:7: error: type mismatch in local.set, expected [i32] but got []
      local.set 1
      ^^^^^^^^^
../src/app.wat.patched:53485:5: error: type mismatch in block, expected [i32] but got []
    end)
    ^^^
../src/app.wat.patched:52609:5: error: type mismatch at end of function, expected [] but got [i32]
    block  ;; label = @1
    ^^^^^
../src/app.wat.patched:53519:23: error: type mismatch in call, expected [i32, i32, i32] but got [i32]
                      call 302
                      ^^^^
../src/app.wat.patched:53616:21: error: type mismatch in call, expected [i32, i32] but got [i32]
                    call 271
                    ^^^^
../src/app.wat.patched:53748:19: error: type mismatch at end of loop, expected [] but got [i32]
                  end
                  ^^^
../src/app.wat.patched:53869:11: error: type mismatch at end of block, expected [] but got [... i32, i32, i32, i32]
          end
          ^^^
../src/app.wat.patched:53988:7: error: type mismatch in call, expected [i32, i32, i32, i32] but got [... i32, f32, f32, i32]
      call 449
      ^^^^
../src/app.wat.patched:53989:5: error: type mismatch at end of block, expected [] but got [i32, i32]
    end)
    ^^^
../src/app.wat.patched:54121:7: error: type mismatch in call, expected [i32, i32, i32, i32] but got [... f64, f64, f64, f64]
      call 537
      ^^^^
../src/app.wat.patched:54242:5: error: type mismatch at end of `if true` branch, expected [] but got [i32, i32, i32]
    end
    ^^^
../src/app.wat.patched:54886:7: error: type mismatch in call, expected [i32, i32, i32, i32] but got [i32, i32]
      call 209
      ^^^^
../src/app.wat.patched:54899:11: error: type mismatch in call, expected [i32, i32, i32, i32] but got [i32, i32]
          call 209
          ^^^^
../src/app.wat.patched:54910:11: error: type mismatch in call, expected [i32, i32, i32, i32] but got [i32, i32, i32]
          call 209
          ^^^^
../src/app.wat.patched:54921:11: error: type mismatch in call, expected [i32, i32, i32, i32] but got [i32, i32, i32]
          call 209
          ^^^^
../src/app.wat.patched:54936:11: error: type mismatch in call, expected [i32, i32, i32, i32] but got [i32, i32, i32]
          call 209
          ^^^^
../src/app.wat.patched:54957:9: error: type mismatch at end of block, expected [] but got [i32]
        end
        ^^^
../src/app.wat.patched:54989:5: error: type mismatch at end of block, expected [] but got [i32]
    end
    ^^^
../src/app.wat.patched:54995:5: error: type mismatch in call, expected [f64, i32, i32] but got []
    call 233
    ^^^^
../src/app.wat.patched:54996:5: error: type mismatch in local.tee, expected [i32] but got [f64]
    local.tee 4
    ^^^^^^^^^
../src/app.wat.patched:54997:5: error: type mismatch in call, expected [i32, i32] but got [i32]
    call 151
    ^^^^
../src/app.wat.patched:55003:7: error: type mismatch in call, expected [f64, i32, i32] but got []
      call 233
      ^^^^
../src/app.wat.patched:55004:7: error: type mismatch in local.tee, expected [i32] but got [f64]
      local.tee 3
      ^^^^^^^^^
../src/app.wat.patched:55014:5: error: type mismatch at end of `if true` branch, expected [] but got [... i32, i32, i32, i32]
    end
    ^^^
../src/app.wat.patched:55024:5: error: type mismatch in call, expected [f64, i32, i32] but got []
    call 233
    ^^^^
../src/app.wat.patched:55025:5: error: type mismatch in local.tee, expected [i32] but got [f64]
    local.tee 5
    ^^^^^^^^^
../src/app.wat.patched:55034:7: error: type mismatch in call, expected [f64, i32, i32] but got []
      call 233
      ^^^^
../src/app.wat.patched:55035:7: error: type mismatch in local.tee, expected [i32] but got [f64]
      local.tee 3
      ^^^^^^^^^
../src/app.wat.patched:55049:5: error: type mismatch at end of `if true` branch, expected [] but got [... i32, i32, i32, i32]
    end
    ^^^
../src/app.wat.patched:55058:5: error: type mismatch at end of function, expected [] but got [i32]
    i32.store)
    ^^^^^^^^^
../src/app.wat.patched:55092:5: error: type mismatch in call, expected [i32, i32] but got [i32]
    call 57
    ^^^^
../src/app.wat.patched:55119:5: error: type mismatch in call, expected [i32, i32] but got [i32]
    call 57
    ^^^^
../src/app.wat.patched:55146:5: error: type mismatch in call, expected [i32, i32] but got [i32]
    call 57
    ^^^^
../src/app.wat.patched:55177:5: error: type mismatch in call, expected [i32, i32] but got [i32]
    call 57
    ^^^^
../src/app.wat.patched:55204:5: error: type mismatch in call, expected [i32, i32] but got [i32]
    call 57
    ^^^^
../src/app.wat.patched:55237:7: error: type mismatch in call, expected [i32, i32] but got [i32]
      call 57
      ^^^^
../src/app.wat.patched:55270:5: error: type mismatch in call, expected [i32, i32] but got [i32]
    call 57
    ^^^^
../src/app.wat.patched:55300:7: error: type mismatch in call, expected [i32, i32] but got [i32]
      call 57
      ^^^^
../src/app.wat.patched:55332:5: error: type mismatch in call, expected [i32, i32] but got [i32]
    call 57
    ^^^^
../src/app.wat.patched:55362:7: error: type mismatch in call, expected [i32, i32] but got [i32]
      call 57
      ^^^^
../src/app.wat.patched:55396:7: error: type mismatch in call, expected [i32, i32] but got [i32]
      call 57
      ^^^^
../src/app.wat.patched:55426:7: error: type mismatch in call, expected [i32, i32] but got [i32]
      call 57
      ^^^^
../src/app.wat.patched:55431:5: error: type mismatch in call, expected [i32, i32] but got [i32]
    call 329
    ^^^^
../src/app.wat.patched:55478:19: error: type mismatch in call, expected [i32, i32] but got [i32]
                  call 405
                  ^^^^
../src/app.wat.patched:55479:17: error: type mismatch at end of `if true` branch, expected [] but got [i32]
                end
                ^^^
../src/app.wat.patched:55587:25: error: type mismatch in call, expected [i32, i32] but got [i32]
                        call 405
                        ^^^^
../src/app.wat.patched:55588:23: error: type mismatch at end of `if true` branch, expected [] but got [i32]
                      end
                      ^^^
../src/app.wat.patched:55653:19: error: type mismatch in call, expected [i32, i32] but got [i32]
                  call 405
                  ^^^^
../src/app.wat.patched:55654:17: error: type mismatch at end of `if true` branch, expected [] but got [i32]
                end
                ^^^
../src/app.wat.patched:55662:17: error: type mismatch in call, expected [i32, i32, i32, i32] but got [i32]
                call 226
                ^^^^
../src/app.wat.patched:55689:17: error: type mismatch in call, expected [i32, i32] but got [i32]
                call 57
                ^^^^
../src/app.wat.patched:55716:17: error: type mismatch in call, expected [i32, i32] but got [i32]
                call 57
                ^^^^
../src/app.wat.patched:55743:17: error: type mismatch in call, expected [i32, i32] but got [i32]
                call 57
                ^^^^
../src/app.wat.patched:55774:17: error: type mismatch in call, expected [i32, i32] but got [i32]
                call 57
                ^^^^
../src/app.wat.patched:55776:17: error: type mismatch in call, expected [f64, f64, f64] but got [i32]
                call 507
                ^^^^
../src/app.wat.patched:55816:7: error: type mismatch in call, expected [i32, i32, i32] but got [i32]
      call 302
      ^^^^
../src/app.wat.patched:57916:37: error: type mismatch in call, expected [i32, f64, f64, f64, f64, f64] but got [i32, i32, i32, i32]
                                    call 535
                                    ^^^^
../src/app.wat.patched:57928:41: error: type mismatch in call, expected [i32, i32] but got []
                                        call 287
                                        ^^^^
../src/app.wat.patched:57949:37: error: type mismatch in i32.eqz, expected [i32] but got []
                                    i32.eqz
                                    ^^^^^^^
../src/app.wat.patched:57962:37: error: type mismatch in call, expected [i32, f64, f64, f64, f64, f64] but got [i32, i32, i32]
                                    call 535
                                    ^^^^
../src/app.wat.patched:57976:43: error: type mismatch in call, expected [i32, i32] but got []
                                          call 287
                                          ^^^^
../src/app.wat.patched:58119:39: error: type mismatch in call, expected [i32, i32] but got []
                                      call 287
                                      ^^^^
../src/app.wat.patched:58150:35: error: type mismatch in call, expected [i32, f64, f64, f64, f64, f64] but got [i32, i32, i32]
                                  call 535
                                  ^^^^
../src/app.wat.patched:58162:39: error: type mismatch in call, expected [i32, i32] but got []
                                      call 287
                                      ^^^^
../src/app.wat.patched:58330:21: error: type mismatch in local.set, expected [i32] but got [... f64]
                    local.set 14
                    ^^^^^^^^^
../src/app.wat.patched:58343:21: error: type mismatch in i32.ne, expected [i32, i32] but got [... f64, i32]
                    i32.ne
                    ^^^^^^
../src/app.wat.patched:58358:21: error: type mismatch in i32.xor, expected [i32, i32] but got [... f64, i32]
                    i32.xor
                    ^^^^^^^
../src/app.wat.patched:58360:19: error: type mismatch at end of block, expected [] but got [... i32, i32, i32, i32]
                  end
                  ^^^
../src/app.wat.patched:58390:31: error: type mismatch in i32.eqz, expected [i32] but got [... f64]
                              i32.eqz
                              ^^^^^^^
../src/app.wat.patched:58392:29: error: type mismatch at end of `if true` branch, expected [] but got [i32, i32, i32]
                            end
                            ^^^
../src/app.wat.patched:58497:31: error: type mismatch in call, expected [i32, f64, f64, f64, f64, f64] but got [i32, i32, i32]
                              call 535
                              ^^^^
../src/app.wat.patched:58510:35: error: type mismatch in call, expected [i32, i32] but got []
                                  call 287
                                  ^^^^
../src/app.wat.patched:58547:31: error: type mismatch in call, expected [i32, f64, f64, f64, f64, f64] but got [i32, i32, i32]
                              call 535
                              ^^^^
../src/app.wat.patched:58560:37: error: type mismatch in call, expected [i32, i32] but got []
                                    call 287
                                    ^^^^
../src/app.wat.patched:58686:37: error: type mismatch in call, expected [i32, f64, f64, f64, f64, f64] but got [i32, i32, i32]
                                    call 535
                                    ^^^^
../src/app.wat.patched:58703:35: error: type mismatch in call, expected [i32, i32] but got []
                                  call 287
                                  ^^^^
../src/app.wat.patched:58752:37: error: type mismatch in call, expected [i32, i32] but got []
                                    call 287
                                    ^^^^
../src/app.wat.patched:58974:39: error: type mismatch in call, expected [i32, f64, f64, f64, f64, f64] but got [i32, i32, i32, i32]
                                      call 535
                                      ^^^^
../src/app.wat.patched:58989:43: error: type mismatch in call, expected [i32, i32] but got []
                                          call 287
                                          ^^^^
../src/app.wat.patched:59015:39: error: type mismatch in i32.eqz, expected [i32] but got []
                                      i32.eqz
                                      ^^^^^^^
../src/app.wat.patched:59026:39: error: type mismatch in call, expected [i32, f64, f64, f64, f64, f64] but got [i32, i32, i32]
                                      call 535
                                      ^^^^
../src/app.wat.patched:59039:45: error: type mismatch in call, expected [i32, i32] but got []
                                            call 287
                                            ^^^^
../src/app.wat.patched:59163:39: error: type mismatch in call, expected [i32, f64, f64, f64, f64, f64] but got [i32, i32, i32, i32, i32]
                                      call 535
                                      ^^^^
../src/app.wat.patched:59177:43: error: type mismatch in call, expected [i32, i32] but got []
                                          call 287
                                          ^^^^
../src/app.wat.patched:59198:39: error: type mismatch in i32.eqz, expected [i32] but got []
                                      i32.eqz
                                      ^^^^^^^
../src/app.wat.patched:59201:39: error: type mismatch in i32.xor, expected [i32, i32] but got [i32]
                                      i32.xor
                                      ^^^^^^^
../src/app.wat.patched:59212:39: error: type mismatch in call, expected [i32, f64, f64, f64, f64, f64] but got [i32, i32, i32]
                                      call 535
                                      ^^^^
../src/app.wat.patched:59230:45: error: type mismatch in call, expected [i32, i32] but got []
                                            call 287
                                            ^^^^
../src/app.wat.patched:59399:35: error: type mismatch in call, expected [i32, f64, f64, f64, f64, f64] but got [i32, i32, i32, i32]
                                  call 535
                                  ^^^^
../src/app.wat.patched:59413:39: error: type mismatch in call, expected [i32, i32] but got []
                                      call 287
                                      ^^^^
../src/app.wat.patched:59434:35: error: type mismatch in i32.eqz, expected [i32] but got []
                                  i32.eqz
                                  ^^^^^^^
../src/app.wat.patched:59445:35: error: type mismatch in call, expected [i32, f64, f64, f64, f64, f64] but got [i32, i32, i32]
                                  call 535
                                  ^^^^
../src/app.wat.patched:59457:39: error: type mismatch in call, expected [i32, i32] but got []
                                      call 287
                                      ^^^^
../src/app.wat.patched:59583:31: error: type mismatch in local.set, expected [i32] but got [... f64]
                              local.set 4
                              ^^^^^^^^^
../src/app.wat.patched:59699:27: error: type mismatch in br_if, expected [i32] but got []
                          br_if 3 (;@8;)
                          ^^^^^
../src/app.wat.patched:59710:27: error: type mismatch in call, expected [i32, f64, f64, f64, f64, f64] but got [i32, i32, i32, i32]
                          call 535
                          ^^^^
../src/app.wat.patched:59735:27: error: type mismatch in br_if, expected [i32] but got []
                          br_if 3 (;@8;)
                          ^^^^^
../src/app.wat.patched:59747:27: error: type mismatch in call, expected [i32, f64, f64, f64, f64, f64] but got [i32, i32, i32, i32]
                          call 535
                          ^^^^
../src/app.wat.patched:59759:31: error: type mismatch in call, expected [i32, i32] but got []
                              call 287
                              ^^^^
../src/app.wat.patched:59791:27: error: type mismatch in call, expected [i32, f64, f64, f64, f64, f64] but got [i32, i32, i32]
                          call 535
                          ^^^^
../src/app.wat.patched:59804:33: error: type mismatch in call, expected [i32, i32] but got []
                                call 287
                                ^^^^
../src/app.wat.patched:59960:23: error: type mismatch in i32.add, expected [i32, i32] but got [... f64, i32]
                      i32.add
                      ^^^^^^^
../src/app.wat.patched:60015:21: error: type mismatch at end of block, expected [] but got [... i32, i32, i32, i32]
                    end
                    ^^^
../src/app.wat.patched:60016:21: error: type mismatch in local.tee, expected [i32] but got []
                    local.tee 1
                    ^^^^^^^^^
../src/app.wat.patched:60022:17: error: type mismatch at end of block, expected [] but got [i32]
                end
                ^^^
../src/app.wat.patched:60039:15: error: type mismatch in call, expected [i32, f64, f64, f64, f64, f64] but got [i32, i32, i32]
              call 535
              ^^^^
../src/app.wat.patched:60095:17: error: type mismatch in call, expected [i64, i64, i32] but got [i32, i32]
                call 320
                ^^^^
../src/app.wat.patched:60151:11: error: type mismatch at end of block, expected [] but got [i32, i32]
          end
          ^^^
../src/app.wat.patched:60285:25: error: type mismatch in call, expected [i32, f64, f64, f64, f64, f64] but got [i32, i32, i32, i32]
                        call 535
                        ^^^^
../src/app.wat.patched:60297:29: error: type mismatch in call, expected [i32, i32] but got []
                            call 287
                            ^^^^
../src/app.wat.patched:60318:25: error: type mismatch in i32.eqz, expected [i32] but got []
                        i32.eqz
                        ^^^^^^^
../src/app.wat.patched:60329:25: error: type mismatch in call, expected [i32, f64, f64, f64, f64, f64] but got [i32, i32, i32]
                        call 535
                        ^^^^
../src/app.wat.patched:60341:29: error: type mismatch in call, expected [i32, i32] but got []
                            call 287
                            ^^^^
../src/app.wat.patched:60483:33: error: type mismatch in call, expected [i32, f64, f64, f64, f64, f64] but got [i32, i32, i32]
                                call 535
                                ^^^^
../src/app.wat.patched:60498:37: error: type mismatch in call, expected [i32, i32] but got []
                                    call 287
                                    ^^^^
../src/app.wat.patched:60536:33: error: type mismatch in call, expected [i32, f64, f64, f64, f64, f64] but got [i32, i32, i32]
                                call 535
                                ^^^^
../src/app.wat.patched:60548:37: error: type mismatch in call, expected [i32, i32] but got []
                                    call 287
                                    ^^^^
../src/app.wat.patched:60789:13: error: type mismatch in local.tee, expected [i32] but got [... f64]
            local.tee 3
            ^^^^^^^^^
../src/app.wat.patched:60839:11: error: type mismatch at end of loop, expected [] but got [i32, i32, i32]
          end
          ^^^
../src/app.wat.patched:60908:5: error: type mismatch in call, expected [i32, i32, i32, i32] but got [i32, i32, i32]
    call 308
    ^^^^
../src/app.wat.patched:61293:5: error: type mismatch in call, expected [i32] but got [... f64]
    call 278
    ^^^^
../src/app.wat.patched:61326:7: error: type mismatch in call, expected [i32, i32, i32, i32] but got [i32]
      call 380
      ^^^^
../src/app.wat.patched:61427:5: error: type mismatch at end of function, expected [] but got [i32, f64]
    i64.store)
    ^^^^^^^^^
../src/app.wat.patched:62030:5: error: type mismatch at end of function, expected [] but got [i32, i32]
    i64.xor)
    ^^^^^^^
../src/app.wat.patched:62502:5: error: type mismatch in call, expected [i32, i32, i64, i32] but got [i32, i32, i32]
    call 419
    ^^^^
../src/app.wat.patched:62506:5: error: type mismatch in call, expected [i32, i32, i64, i32] but got [i32, i32, i32, i32]
    call 419
    ^^^^
../src/app.wat.patched:62656:5: error: type mismatch in call, expected [i32, i32, i64, i32] but got [i32, i32, i32, i32]
    call 419
    ^^^^
../src/app.wat.patched:62670:5: error: type mismatch in call, expected [i32, i32, i64, i32] but got [... i32, i32, i32, i32]
    call 419
    ^^^^
../src/app.wat.patched:62697:5: error: type mismatch in call, expected [i32, i32, i64, i32] but got [... i32, i32, i32, i32]
    call 419
    ^^^^
../src/app.wat.patched:62705:5: error: type mismatch in call, expected [i32, i32, i64, i32] but got [... i32, i32, i32, i32]
    call 419
    ^^^^
../src/app.wat.patched:62713:5: error: type mismatch in call, expected [i32, i32, i64, i32] but got [... i32, i32, i32, i32]
    call 419
    ^^^^
../src/app.wat.patched:62724:5: error: type mismatch in call, expected [i32, i32, i64, i32] but got [... i32, i32, i32, i32]
    call 419
    ^^^^
../src/app.wat.patched:62732:5: error: type mismatch in call, expected [i32, i32, i64, i32] but got [... i32, i32, i32, i32]
    call 419
    ^^^^
../src/app.wat.patched:62752:5: error: type mismatch at end of function, expected [] but got [... i32, i32, i32, i32]
    i64.store offset=40 align=4)
    ^^^^^^^^^
../src/app.wat.patched:62768:5: error: type mismatch in call, expected [i32, f64, f64, f64, f64, f64] but got [i32, i32, i32]
    call 535
    ^^^^
../src/app.wat.patched:62785:5: error: type mismatch in call, expected [i32, f64, f64, f64, f64, f64] but got [i32, i32, i32]
    call 535
    ^^^^
../src/app.wat.patched:62898:11: error: type mismatch in call, expected [i32, f64, f64, f64, f64, f64] but got [i32, i32, i32]
          call 535
          ^^^^
../src/app.wat.patched:62914:11: error: type mismatch in call, expected [i32, f64, f64, f64, f64, f64] but got [i32, i32, i32]
          call 535
          ^^^^
../src/app.wat.patched:63018:7: error: type mismatch in call, expected [f64, i32, i32] but got [i32]
      call 233
      ^^^^
../src/app.wat.patched:63019:7: error: type mismatch in local.tee, expected [i32] but got [f64]
      local.tee 4
      ^^^^^^^^^
../src/app.wat.patched:63022:7: error: type mismatch in select, expected [i32, i32, i32] but got [i32, i32]
      select
      ^^^^^^
../src/app.wat.patched:63032:5: error: type mismatch at end of `if true` branch, expected [] but got [... i32, i32, i32, i32]
    end
    ^^^
../src/app.wat.patched:63040:5: error: type mismatch in call, expected [i32, i32, f64] but got [... i32, i32, i32]
    call 177
    ^^^^
../src/app.wat.patched:63088:5: error: type mismatch at end of block, expected [] but got [i32, i32, i32]
    end
    ^^^
../src/app.wat.patched:63126:11: error: type mismatch in call, expected [i32, i32] but got [... i64, i32]
          call 319
          ^^^^
../src/app.wat.patched:63380:13: error: type mismatch in call, expected [i32, i32] but got [... i64, i32]
            call 319
            ^^^^
../src/app.wat.patched:63593:13: error: type mismatch in call, expected [i32, i32] but got [i32]
            call 405
            ^^^^
../src/app.wat.patched:63594:11: error: type mismatch at end of block, expected [] but got [i32]
          end
          ^^^
../src/app.wat.patched:63654:11: error: type mismatch in call, expected [i32, i32, i32] but got [i32]
          call 302
          ^^^^
../src/app.wat.patched:63709:17: error: type mismatch in call, expected [i32, i32, i32, i32, i32, i32] but got [i32, i32]
                call 354
                ^^^^
../src/app.wat.patched:63713:15: error: type mismatch at end of `if true` branch, expected [] but got [i32]
              end
              ^^^
../src/app.wat.patched:64479:35: error: type mismatch at end of `if true` branch, expected [] but got [i32]
                                  end
                                  ^^^
../src/app.wat.patched:64632:15: error: type mismatch in call, expected [i32, i32, i32, i32, i32, i32] but got [i32, i32]
              call 354
              ^^^^
../src/app.wat.patched:64685:19: error: type mismatch in call, expected [i32, i32, i32, i32, i32, i32] but got [i32, i32]
                  call 354
                  ^^^^
../src/app.wat.patched:64687:19: error: type mismatch at end of `if true` branch, expected [] but got [i32]
                  i32.load
                  ^^^^^^^^
../src/app.wat.patched:64819:13: error: type mismatch at end of `if true` branch, expected [] but got [i32]
            end
            ^^^
../src/app.wat.patched:64864:23: error: type mismatch in call, expected [i32, i32] but got [i32]
                      call 405
                      ^^^^
../src/app.wat.patched:64865:21: error: type mismatch at end of `if true` branch, expected [] but got [i32]
                    end
                    ^^^
../src/app.wat.patched:64970:5: error: type mismatch at end of block, expected [] but got [i32]
    end
    ^^^
../src/app.wat.patched:65006:11: error: type mismatch in call, expected [i32, i32] but got [i32]
          call 405
          ^^^^
../src/app.wat.patched:65007:9: error: type mismatch at end of `if true` branch, expected [] but got [i32]
        end
        ^^^
../src/app.wat.patched:65026:5: error: type mismatch in call, expected [i32, i32, i32, i32, i32] but got [i64, i64, i32, i32]
    call 338
    ^^^^
../src/app.wat.patched:65027:5: error: type mismatch in local.set, expected [i64] but got [i32]
    local.set 23
    ^^^^^^^^^
../src/app.wat.patched:65153:31: error: type mismatch in call, expected [i32, i32, i32] but got [i32]
                              call 302
                              ^^^^
../src/app.wat.patched:65170:33: error: type mismatch in call, expected [i32, i32, i32, i32] but got [i32, i32, i32]
                                call 308
                                ^^^^
../src/app.wat.patched:65171:31: error: type mismatch at end of `if true` branch, expected [] but got [i32]
                              end
                              ^^^
../src/app.wat.patched:65278:25: error: type mismatch in call, expected [i32, i32, i32, i32, i32] but got [i32, i64, i64, i32, i32]
                        call 338
                        ^^^^
../src/app.wat.patched:65279:25: error: type mismatch in i32.wrap_i64, expected [i64] but got [i32]
                        i32.wrap_i64
                        ^^^^^^^^^^^^
../src/app.wat.patched:65284:25: error: type mismatch in i32.add, expected [i32, i32] but got [i32]
                        i32.add
                        ^^^^^^^
../src/app.wat.patched:65409:21: error: type mismatch in br_if, expected [i32] but got []
                    br_if 6 (;@2;)
                    ^^^^^
../src/app.wat.patched:65673:17: error: type mismatch in call, expected [i32, i32, i32, i32, i32] but got [... i32, i64, i64, i32, i32]
                call 338
                ^^^^
../src/app.wat.patched:65674:17: error: type mismatch in i32.wrap_i64, expected [i64] but got [... i32]
                i32.wrap_i64
                ^^^^^^^^^^^^
../src/app.wat.patched:65683:17: error: type mismatch in i32.add, expected [i32, i32] but got [i32]
                i32.add
                ^^^^^^^
../src/app.wat.patched:65905:9: error: type mismatch at end of block, expected [] but got [i32]
        end
        ^^^
../src/app.wat.patched:65907:9: error: type mismatch in i32.sub, expected [i32, i32] but got [i32]
        i32.sub
        ^^^^^^^
../src/app.wat.patched:65908:9: error: type mismatch in i32.store, expected [i32, i32] but got [i32]
        i32.store
        ^^^^^^^^^
../src/app.wat.patched:65909:7: error: type mismatch in block, expected [i32] but got []
      end
      ^^^
../src/app.wat.patched:65910:5: error: type mismatch at end of block, expected [] but got [i32, i32]
    end
    ^^^
../src/app.wat.patched:66162:17: error: type mismatch in call, expected [i32, i32] but got [i32]
                call 405
                ^^^^
../src/app.wat.patched:66163:15: error: type mismatch at end of `if true` branch, expected [] but got [i32]
              end
              ^^^
../src/app.wat.patched:66164:15: error: type mismatch in return, expected [i32] but got []
              return
              ^^^^^^
../src/app.wat.patched:66760:11: error: type mismatch in call, expected [i32, i32, i32, i32] but got [i32, i32, i32]
          call 284
          ^^^^
../src/app.wat.patched:66769:11: error: type mismatch in call, expected [i32, i32, i32, i32] but got [i32, i32, i32]
          call 284
          ^^^^
../src/app.wat.patched:66778:11: error: type mismatch in call, expected [i32, i32, i32, i32] but got [i32, i32, i32]
          call 284
          ^^^^
../src/app.wat.patched:66787:11: error: type mismatch in call, expected [i32, i32, i32, i32] but got [i32, i32, i32]
          call 284
          ^^^^
../src/app.wat.patched:66796:11: error: type mismatch in call, expected [i32, i32, i32, i32] but got [i32, i32, i32]
          call 284
          ^^^^
../src/app.wat.patched:66800:9: error: type mismatch in call, expected [i32, f64, f64, i32, f64, i32, f64, i64] but got [i32, i32]
        call 555
        ^^^^
../src/app.wat.patched:66801:9: error: type mismatch in drop, expected [any] but got []
        drop
        ^^^^
../src/app.wat.patched:67784:15: error: type mismatch at end of block, expected [] but got [i32, i32]
              end
              ^^^
../src/app.wat.patched:70581:27: error: type mismatch in call, expected [i32, i32] but got [i32]
                          call 405
                          ^^^^
../src/app.wat.patched:70582:25: error: type mismatch at end of block, expected [] but got [i32]
                        end
                        ^^^
../src/app.wat.patched:70641:33: error: type mismatch in call, expected [i32, i32] but got [i32]
                                call 405
                                ^^^^
../src/app.wat.patched:70642:31: error: type mismatch at end of `if true` branch, expected [] but got [i32]
                              end
                              ^^^
../src/app.wat.patched:70684:33: error: type mismatch in call, expected [i32, i32] but got [i32]
                                call 405
                                ^^^^
../src/app.wat.patched:70685:31: error: type mismatch at end of `if true` branch, expected [] but got [i32]
                              end
                              ^^^
../src/app.wat.patched:70738:27: error: type mismatch in call, expected [i32, i32] but got [i32]
                          call 405
                          ^^^^
../src/app.wat.patched:70739:25: error: type mismatch at end of loop, expected [] but got [i32]
                        end
                        ^^^
../src/app.wat.patched:70781:27: error: type mismatch in call, expected [i32, i32] but got [i32]
                          call 405
                          ^^^^
../src/app.wat.patched:70782:25: error: type mismatch at end of `if true` branch, expected [] but got [i32]
                        end
                        ^^^
../src/app.wat.patched:70862:5: error: type mismatch at end of function, expected [] but got [i32]
    call 297)
    ^^^^
../src/app.wat.patched:72807:25: error: type mismatch at end of `if true` branch, expected [] but got [i32]
                        end
                        ^^^
../src/app.wat.patched:73235:5: error: type mismatch at end of function, expected [] but got [i32]
    i32.add)
    ^^^^^^^
../src/app.wat.patched:73633:9: error: type mismatch in call, expected [i32, i32] but got [i32]
        call 421
        ^^^^
../src/app.wat.patched:73638:7: error: type mismatch in call, expected [i32] but got [... f64]
      call 221
      ^^^^
../src/app.wat.patched:74091:21: error: type mismatch in call, expected [i32, i32, i32] but got [i32]
                    call 302
                    ^^^^
../src/app.wat.patched:74275:23: error: type mismatch at end of block, expected [] but got [i32, i32]
                      end
                      ^^^
../src/app.wat.patched:74282:21: error: type mismatch in call, expected [f64, f64] but got [... i32, i32]
                    call 331
                    ^^^^
../src/app.wat.patched:74283:19: error: type mismatch at end of block, expected [] but got [i32, f64]
                  end
                  ^^^
../src/app.wat.patched:74287:19: error: type mismatch in call, expected [f64, f64] but got [... i32, i32]
                  call 331
                  ^^^^
../src/app.wat.patched:74323:9: error: type mismatch in call, expected [i32, i32, i32] but got [i32, i32]
        call 352
        ^^^^
../src/app.wat.patched:74476:5: error: type mismatch at end of block, expected [] but got [... i32, i32, i32, f64]
    end)
    ^^^
../src/app.wat.patched:74711:43: error: type mismatch in call, expected [i32, f64, f64, f64, f64, i32, i32, i32, i32, f32, f32] but got [i32, i32, i32]
                                          call 445
                                          ^^^^
../src/app.wat.patched:74837:45: error: type mismatch in call, expected [i32, i32] but got [i32]
                                            call 57
                                            ^^^^
../src/app.wat.patched:74876:45: error: type mismatch in call, expected [i32, i32] but got [i32]
                                            call 405
                                            ^^^^
../src/app.wat.patched:74877:43: error: type mismatch at end of `if true` branch, expected [] but got [i32]
                                          end
                                          ^^^
../src/app.wat.patched:74893:43: error: type mismatch in call, expected [i32, f64, f64, f64, i32, f32, f32, i32] but got [i32]
                                          call 240
                                          ^^^^
../src/app.wat.patched:74934:45: error: type mismatch in call, expected [i32, i32] but got [i32]
                                            call 405
                                            ^^^^
../src/app.wat.patched:74935:43: error: type mismatch at end of `if true` branch, expected [] but got [i32]
                                          end
                                          ^^^
../src/app.wat.patched:74975:45: error: type mismatch in call, expected [i32, i32] but got [i32]
                                            call 405
                                            ^^^^
../src/app.wat.patched:74976:43: error: type mismatch at end of `if true` branch, expected [] but got [i32]
                                          end
                                          ^^^
../src/app.wat.patched:75085:47: error: type mismatch in call, expected [i32, i32, i32, i32] but got [i32, i32, i32]
                                              call 308
                                              ^^^^
../src/app.wat.patched:75086:45: error: type mismatch at end of block, expected [] but got [i32]
                                            end
                                            ^^^
../src/app.wat.patched:75168:47: error: type mismatch in call, expected [i32, f64, f64, f64, i32, f32, f32, i32] but got [i32]
                                              call 240
                                              ^^^^
../src/app.wat.patched:75200:47: error: type mismatch in call, expected [i32, i32, i32, i32] but got [i32, i32, i32]
                                              call 308
                                              ^^^^
../src/app.wat.patched:75201:45: error: type mismatch at end of block, expected [] but got [i32]
                                            end
                                            ^^^
../src/app.wat.patched:75320:49: error: type mismatch in call, expected [i32, i32] but got [i32]
                                                call 405
                                                ^^^^
../src/app.wat.patched:75321:47: error: type mismatch at end of `if true` branch, expected [] but got [i32]
                                              end
                                              ^^^
../src/app.wat.patched:75349:47: error: type mismatch in call, expected [i32, i32, i32, i32] but got [i32, i32, i32]
                                              call 308
                                              ^^^^
../src/app.wat.patched:75350:45: error: type mismatch at end of block, expected [] but got [i32]
                                            end
                                            ^^^
../src/app.wat.patched:75388:47: error: type mismatch in call, expected [i32, i32, i32, i32] but got [i32, i32, i32]
                                              call 308
                                              ^^^^
../src/app.wat.patched:75389:45: error: type mismatch at end of block, expected [] but got [i32]
                                            end
                                            ^^^
../src/app.wat.patched:75513:49: error: type mismatch in call, expected [i32, i32] but got [i32]
                                                call 405
                                                ^^^^
../src/app.wat.patched:75514:47: error: type mismatch at end of `if true` branch, expected [] but got [i32]
                                              end
                                              ^^^
../src/app.wat.patched:75543:47: error: type mismatch in call, expected [i32, i32, i32, i32] but got [i32, i32, i32]
                                              call 308
                                              ^^^^
../src/app.wat.patched:75544:45: error: type mismatch at end of block, expected [] but got [i32]
                                            end
                                            ^^^
../src/app.wat.patched:75569:45: error: type mismatch in call, expected [i32, i32, i32, i32] but got [i32]
                                            call 299
                                            ^^^^
../src/app.wat.patched:75575:43: error: type mismatch in i32.store8, expected [i32, i32] but got [i32]
                                          i32.store8
                                          ^^^^^^^^^^
../src/app.wat.patched:75664:41: error: type mismatch in call, expected [i32, i32, i32] but got [i32, i32]
                                        call 352
                                        ^^^^
../src/app.wat.patched:75795:15: error: type mismatch in call, expected [i32, f64, f64, f64, f64, i32, i32, i32, i32, f32, f32] but got [i32, i32]
              call 445
              ^^^^
../src/app.wat.patched:75843:17: error: type mismatch in call, expected [i32, i32, i32, i32] but got [i32]
                call 299
                ^^^^
../src/app.wat.patched:75873:17: error: type mismatch in call, expected [i32, i32, i32] but got [i32]
                call 302
                ^^^^
../src/app.wat.patched:75951:19: error: type mismatch in call, expected [i32, i32, i32] but got [i32]
                  call 302
                  ^^^^
../src/app.wat.patched:75982:17: error: type mismatch at end of `if true` branch, expected [] but got [i32]
                end
                ^^^
../src/app.wat.patched:76005:17: error: type mismatch at end of `if true` branch, expected [] but got [i32]
                end
                ^^^
../src/app.wat.patched:76024:19: error: type mismatch at end of `if true` branch, expected [] but got [i32]
                  i32.load offset=64
                  ^^^^^^^^
../src/app.wat.patched:76087:15: error: type mismatch at end of `if false` branch, expected [] but got [i32]
              end
              ^^^
../src/app.wat.patched:76089:15: error: type mismatch in call, expected [i32, i32, i32, i32, i32, i32] but got [i32]
              call 362
              ^^^^
../src/app.wat.patched:76298:23: error: type mismatch in call, expected [i32, i32] but got [i32]
                      call 405
                      ^^^^
../src/app.wat.patched:76299:21: error: type mismatch at end of block, expected [] but got [i32]
                    end
                    ^^^
../src/app.wat.patched:76349:19: error: type mismatch in call, expected [i32, i32] but got [i32]
                  call 405
                  ^^^^
../src/app.wat.patched:76350:17: error: type mismatch at end of `if true` branch, expected [] but got [i32]
                end
                ^^^
../src/app.wat.patched:76371:5: error: type mismatch in call, expected [i32, i32] but got [... i64, i32]
    call 319
    ^^^^
../src/app.wat.patched:76621:31: error: type mismatch in call, expected [i32, i32, i32] but got [i32]
                              call 302
                              ^^^^
../src/app.wat.patched:76638:33: error: type mismatch in call, expected [i32, i32, i32, i32] but got [i32, i32, i32]
                                call 308
                                ^^^^
../src/app.wat.patched:76639:31: error: type mismatch at end of `if true` branch, expected [] but got [i32]
                              end
                              ^^^
../src/app.wat.patched:76738:25: error: type mismatch in call, expected [i32, i32] but got [... i64, i32]
                        call 319
                        ^^^^
../src/app.wat.patched:76881:21: error: type mismatch in br_if, expected [i32] but got []
                    br_if 6 (;@2;)
                    ^^^^^
../src/app.wat.patched:77143:17: error: type mismatch in call, expected [i32, i32] but got [... i64, i32]
                call 319
                ^^^^
../src/app.wat.patched:77279:19: error: type mismatch in call, expected [i32, i32, i32, i32] but got [i32, i32, i32]
                  call 268
                  ^^^^
../src/app.wat.patched:77319:9: error: type mismatch at end of block, expected [] but got [i32]
        end
        ^^^
../src/app.wat.patched:77321:9: error: type mismatch in i32.sub, expected [i32, i32] but got [i32]
        i32.sub
        ^^^^^^^
../src/app.wat.patched:77322:9: error: type mismatch in i32.store, expected [i32, i32] but got [i32]
        i32.store offset=8
        ^^^^^^^^^
../src/app.wat.patched:77323:7: error: type mismatch in block, expected [i32] but got []
      end
      ^^^
../src/app.wat.patched:77324:5: error: type mismatch at end of block, expected [] but got [i32, i32]
    end
    ^^^
../src/app.wat.patched:77402:5: error: type mismatch in local.set, expected [i32] but got [... f64]
    local.set 3
    ^^^^^^^^^
../src/app.wat.patched:77416:5: error: type mismatch in i32.eq, expected [i32, i32] but got [... f64, i32]
    i32.eq
    ^^^^^^
../src/app.wat.patched:77434:7: error: type mismatch in i32.xor, expected [i32, i32] but got [... f64, i32]
      i32.xor
      ^^^^^^^
../src/app.wat.patched:77437:5: error: type mismatch at end of `if true` branch, expected [] but got [i32, i32, i32]
    end
    ^^^
../src/app.wat.patched:77438:5: error: type mismatch at end of function, expected [] but got [i32]
    local.get 0)
    ^^^^^^^^^
../src/app.wat.patched:77597:5: error: type mismatch at end of function, expected [] but got [i32]
    call 297)
    ^^^^
../src/app.wat.patched:77732:7: error: type mismatch at end of block, expected [] but got [i32]
      end
      ^^^
../src/app.wat.patched:78148:15: error: type mismatch in call, expected [i32, i32] but got [i32]
              call 355
              ^^^^
../src/app.wat.patched:78205:13: error: type mismatch in call, expected [i32, i32] but got [i32]
            call 355
            ^^^^
../src/app.wat.patched:78503:37: error: type mismatch in call, expected [i32, i32, i32] but got [i32, i32]
                                    call 352
                                    ^^^^
../src/app.wat.patched:78546:37: error: type mismatch in call, expected [i32, i32] but got [i32]
                                    call 405
                                    ^^^^
../src/app.wat.patched:78909:53: error: type mismatch in call, expected [i32, i32, i32] but got [i32]
                                                    call 302
                                                    ^^^^
../src/app.wat.patched:79045:53: error: type mismatch in call, expected [i32, i32] but got [i32]
                                                    call 405
                                                    ^^^^
../src/app.wat.patched:79110:55: error: type mismatch in call, expected [i32, i32, f64, f64, f64, f64, f64, f64, f64, f64] but got [i32, f64, f64, i32, f64, i32, f64, i64]
                                                      call 554
                                                      ^^^^
../src/app.wat.patched:79146:53: error: type mismatch in call, expected [i32, i32] but got [i32]
                                                    call 405
                                                    ^^^^
../src/app.wat.patched:79148:51: error: type mismatch at end of block, expected [] but got [i32]
                                                  end
                                                  ^^^
../src/app.wat.patched:79212:51: error: type mismatch in call, expected [i32, i32] but got [i32]
                                                  call 405
                                                  ^^^^
../src/app.wat.patched:79213:49: error: type mismatch at end of `if true` branch, expected [] but got [i32]
                                                end
                                                ^^^
../src/app.wat.patched:79297:31: error: type mismatch in call, expected [i32, i32] but got [i32]
                              call 405
                              ^^^^
../src/app.wat.patched:79298:29: error: type mismatch at end of `if true` branch, expected [] but got [i32]
                            end
                            ^^^
../src/app.wat.patched:79346:27: error: type mismatch in call, expected [i32, i32] but got [i32]
                          call 405
                          ^^^^
../src/app.wat.patched:79347:25: error: type mismatch at end of `if true` branch, expected [] but got [i32]
                        end
                        ^^^
../src/app.wat.patched:79656:27: error: type mismatch in call, expected [i32, i32] but got [i32]
                          call 405
                          ^^^^
../src/app.wat.patched:79657:25: error: type mismatch at end of block, expected [] but got [i32]
                        end
                        ^^^
../src/app.wat.patched:79691:9: error: type mismatch in call, expected [i32, i32, i32, i32, i32, i32, i32, i32] but got [i32]
        call 475
        ^^^^
../src/app.wat.patched:79745:11: error: type mismatch in call, expected [i32, i32] but got [i32]
          call 405
          ^^^^
../src/app.wat.patched:79746:9: error: type mismatch at end of `if true` branch, expected [] but got [i32]
        end
        ^^^
../src/app.wat.patched:79797:5: error: type mismatch in call, expected [i64, i64, i32] but got [i32, i32]
    call 320
    ^^^^
../src/app.wat.patched:79806:5: error: type mismatch in call, expected [i64, i64, i32] but got [i64, i32, i32]
    call 320
    ^^^^
../src/app.wat.patched:79819:5: error: type mismatch in local.tee, expected [i32] but got [... f64]
    local.tee 4
    ^^^^^^^^^
../src/app.wat.patched:79850:5: error: type mismatch in local.tee, expected [i32] but got [... f64]
    local.tee 5
    ^^^^^^^^^
../src/app.wat.patched:79880:5: error: type mismatch in local.set, expected [i32] but got [... f64]
    local.set 4
    ^^^^^^^^^
../src/app.wat.patched:79914:5: error: type mismatch in local.set, expected [i32] but got [... f64]
    local.set 6
    ^^^^^^^^^
../src/app.wat.patched:79949:5: error: type mismatch in local.set, expected [i32] but got [... f64]
    local.set 4
    ^^^^^^^^^
../src/app.wat.patched:79988:5: error: type mismatch in local.set, expected [i32] but got [... f64]
    local.set 6
    ^^^^^^^^^
../src/app.wat.patched:80022:5: error: type mismatch in local.set, expected [i32] but got [... f64]
    local.set 4
    ^^^^^^^^^
../src/app.wat.patched:80056:5: error: type mismatch in local.set, expected [i32] but got [... f64]
    local.set 6
    ^^^^^^^^^
../src/app.wat.patched:80069:5: error: type mismatch at end of function, expected [] but got [... i32, i32, i32, i32]
    block  ;; label = @1
    ^^^^^
../src/app.wat.patched:80382:5: error: type mismatch in call, expected [i32, i32] but got [... f64, f64]
    call 344
    ^^^^
../src/app.wat.patched:80383:5: error: type mismatch in f64.mul, expected [f64, f64] but got [i32, f64]
    f64.mul
    ^^^^^^^
../src/app.wat.patched:80384:5: error: type mismatch in f64.add, expected [f64, f64] but got [f64]
    f64.add
    ^^^^^^^
../src/app.wat.patched:80385:5: error: type mismatch in f64.store, expected [i32, f64] but got [f64]
    f64.store offset=8
    ^^^^^^^^^
../src/app.wat.patched:80390:5: error: type mismatch in call, expected [i32] but got [... f64]
    call 381
    ^^^^
../src/app.wat.patched:80392:5: error: type mismatch in f64.add, expected [f64, f64] but got [i32, f64]
    f64.add
    ^^^^^^^
../src/app.wat.patched:80393:5: error: type mismatch in f64.store, expected [i32, f64] but got [f64]
    f64.store)
    ^^^^^^^^^
../src/app.wat.patched:80809:5: error: type mismatch in call, expected [i32, i32, i32, i32, i32] but got [i64, i64, i32, i32]
    call 338
    ^^^^
../src/app.wat.patched:80810:5: error: type mismatch in local.set, expected [i64] but got [i32]
    local.set 2
    ^^^^^^^^^
../src/app.wat.patched:81066:17: error: type mismatch in call, expected [i32, i32] but got [i32]
                call 405
                ^^^^
../src/app.wat.patched:81067:15: error: type mismatch at end of `if true` branch, expected [] but got [i32]
              end
              ^^^
../src/app.wat.patched:81324:5: error: type mismatch at end of function, expected [] but got [i32, i32]
    i64.xor)
    ^^^^^^^
../src/app.wat.patched:81336:5: error: type mismatch in local.set, expected [i32] but got [... f64]
    local.set 3
    ^^^^^^^^^
../src/app.wat.patched:81353:5: error: type mismatch in local.tee, expected [i32] but got [... f64]
    local.tee 5
    ^^^^^^^^^
../src/app.wat.patched:81403:5: error: type mismatch in local.set, expected [i32] but got [... f64]
    local.set 8
    ^^^^^^^^^
../src/app.wat.patched:81429:5: error: type mismatch in local.set, expected [i32] but got [... f64]
    local.set 9
    ^^^^^^^^^
../src/app.wat.patched:81489:5: error: type mismatch at end of function, expected [] but got [... i32, i32, i32, i32]
    i32.store offset=44)
    ^^^^^^^^^
../src/app.wat.patched:81607:19: error: type mismatch in call, expected [i32, f64, f64, f64, f64] but got [i32, i32]
                  call 95
                  ^^^^
../src/app.wat.patched:81677:17: error: type mismatch at end of `if true` branch, expected [] but got [i32, i32, i32, i32]
                end
                ^^^
../src/app.wat.patched:81698:17: error: type mismatch at end of `if true` branch, expected [] but got [i32, i32, i32, i32]
                end
                ^^^
../src/app.wat.patched:81865:17: error: type mismatch at end of `if true` branch, expected [] but got [i32, i32, i32, i32]
                end
                ^^^
../src/app.wat.patched:81898:15: error: type mismatch in call, expected [i32, f64, f64, f64, f64] but got [i32, i32]
              call 95
              ^^^^
../src/app.wat.patched:81964:13: error: type mismatch in call, expected [i32, f64, f64, f64, f64] but got [i32, i32]
            call 95
            ^^^^
../src/app.wat.patched:82050:9: error: type mismatch at end of `if true` branch, expected [] but got [i32, i32, i32, i32]
        end
        ^^^
../src/app.wat.patched:82208:9: error: type mismatch at end of `if true` branch, expected [] but got [i32, i32, i32, i32]
        end
        ^^^
../src/app.wat.patched:82341:43: error: type mismatch in call, expected [i32, i32, i32] but got [... f32, f32, i32]
                                          call 275
                                          ^^^^
../src/app.wat.patched:82385:41: error: type mismatch in call, expected [i32, i32, i32] but got [i32]
                                        call 302
                                        ^^^^
../src/app.wat.patched:82791:41: error: type mismatch in call, expected [i32, i32] but got [... f32, i32]
                                        call 321
                                        ^^^^
../src/app.wat.patched:82805:41: error: type mismatch in call, expected [i32, i32] but got [... f32, i32]
                                        call 321
                                        ^^^^
../src/app.wat.patched:82819:41: error: type mismatch in call, expected [i32, i32] but got [... f32, i32]
                                        call 321
                                        ^^^^
../src/app.wat.patched:82835:41: error: type mismatch in call, expected [i32, i32] but got [... f32, i32]
                                        call 321
                                        ^^^^
../src/app.wat.patched:82935:43: error: type mismatch in call, expected [i32, i32, i32, i32] but got [... i32, f32, f32, i32]
                                          call 449
                                          ^^^^
../src/app.wat.patched:82936:41: error: type mismatch at end of block, expected [] but got [i32, i32]
                                        end
                                        ^^^
../src/app.wat.patched:83056:43: error: type mismatch in call, expected [i32, i32, i32, i32] but got [... i32, f32, f32, i32]
                                          call 449
                                          ^^^^
../src/app.wat.patched:83057:41: error: type mismatch at end of block, expected [] but got [i32, i32]
                                        end
                                        ^^^
../src/app.wat.patched:83150:43: error: type mismatch in call, expected [i32, i32, i32, i32] but got [... i32, f32, f32, i32]
                                          call 449
                                          ^^^^
../src/app.wat.patched:83151:41: error: type mismatch at end of block, expected [] but got [i32, i32]
                                        end
                                        ^^^
../src/app.wat.patched:83241:41: error: type mismatch in call, expected [i32, i32, i32, i32] but got [... i32, f32, f32, i32]
                                        call 449
                                        ^^^^
../src/app.wat.patched:83262:39: error: type mismatch in call, expected [i32, i32, i32] but got [... f32, f32, i32]
                                      call 275
                                      ^^^^
../src/app.wat.patched:83279:39: error: type mismatch in call, expected [i32, i32, i32] but got [... f32, f32, i32]
                                      call 275
                                      ^^^^
../src/app.wat.patched:83292:39: error: type mismatch in call, expected [i32, i32, i32] but got [... f32, f32, i32]
                                      call 275
                                      ^^^^
../src/app.wat.patched:83329:39: error: type mismatch in call, expected [i32, i32] but got [... f32, i32]
                                      call 321
                                      ^^^^
../src/app.wat.patched:83348:39: error: type mismatch in call, expected [i32, i32] but got [... f32, i32]
                                      call 321
                                      ^^^^
../src/app.wat.patched:83359:39: error: type mismatch in call, expected [i32, i32, i32] but got [... f32, f32, i32]
                                      call 275
                                      ^^^^
../src/app.wat.patched:83370:37: error: type mismatch in call, expected [i32, i32, i32, i32, i32, i32, i32, i32] but got [i32, f64, f64, f64, i32, f32, f32, i32]
                                    call 239
                                    ^^^^
../src/app.wat.patched:83419:37: error: type mismatch in call, expected [i32, i32, i32, i32, i32, i32, i32, i32] but got [i32, f64, f64, f64, i32, f32, f32, i32]
                                    call 239
                                    ^^^^
../src/app.wat.patched:83451:35: error: type mismatch in call, expected [i32, i32, i32, i32, i32, i32, i32, i32] but got [i32, f64, f64, f64, i32, f32, f32, i32]
                                  call 239
                                  ^^^^
../src/app.wat.patched:83485:41: error: type mismatch in call, expected [i32, i32, i32] but got [i32]
                                        call 302
                                        ^^^^
../src/app.wat.patched:83537:41: error: type mismatch in call, expected [i32, i32] but got [... i64, i32]
                                        call 372
                                        ^^^^
../src/app.wat.patched:83545:41: error: type mismatch in call, expected [i32, i32] but got [... i64, i32]
                                        call 418
                                        ^^^^
../src/app.wat.patched:83551:41: error: type mismatch at end of `if true` branch, expected [] but got [i32]
                                        select
                                        ^^^^^^
../src/app.wat.patched:83593:41: error: type mismatch in call, expected [i32, i32] but got [i32]
                                        call 405
                                        ^^^^
../src/app.wat.patched:83594:39: error: type mismatch at end of `if true` branch, expected [] but got [i32]
                                      end
                                      ^^^
../src/app.wat.patched:83627:39: error: type mismatch in call, expected [i32, i32, i32] but got [... i32, f32, f32]
                                      call 444
                                      ^^^^
../src/app.wat.patched:83698:39: error: type mismatch in call, expected [i32, i32, i32] but got [i32]
                                      call 302
                                      ^^^^
../src/app.wat.patched:83776:39: error: type mismatch in call, expected [i32, i32] but got [... i64, i32]
                                      call 372
                                      ^^^^
../src/app.wat.patched:83784:39: error: type mismatch in call, expected [i32, i32] but got [... i64, i32]
                                      call 418
                                      ^^^^
../src/app.wat.patched:83790:39: error: type mismatch at end of `if true` branch, expected [] but got [i32]
                                      select
                                      ^^^^^^
../src/app.wat.patched:83832:39: error: type mismatch in call, expected [i32, i32] but got [i32]
                                      call 405
                                      ^^^^
../src/app.wat.patched:83833:37: error: type mismatch at end of `if true` branch, expected [] but got [i32]
                                    end
                                    ^^^
../src/app.wat.patched:83843:37: error: type mismatch in f64.sub, expected [f64, f64] but got [f64]
                                    f64.sub
                                    ^^^^^^^
../src/app.wat.patched:83973:37: error: type mismatch in call, expected [i32, i32, i32] but got [... i32, f32, f32]
                                    call 444
                                    ^^^^
../src/app.wat.patched:84081:37: error: type mismatch in call, expected [i32, f64, i32, i32] but got [... i32, i32, i32, i32]
                                    call 452
                                    ^^^^
../src/app.wat.patched:84090:35: error: type mismatch at end of `if true` branch, expected [] but got [i32, i32, i32, i32]
                                  end
                                  ^^^
../src/app.wat.patched:84108:35: error: type mismatch at end of `if true` branch, expected [] but got [i32, i32, i32, i32]
                                  end
                                  ^^^
../src/app.wat.patched:84265:35: error: type mismatch in call, expected [i32, f64, f64, f64, f64] but got [i32, i32]
                                  call 95
                                  ^^^^
../src/app.wat.patched:84312:35: error: type mismatch in call, expected [i32, i32, i32] but got [i32, i32]
                                  call 165
                                  ^^^^
../src/app.wat.patched:84341:33: error: type mismatch at end of `if true` branch, expected [] but got [i32, i32, i32, i32]
                                end
                                ^^^
../src/app.wat.patched:84490:33: error: type mismatch at end of `if true` branch, expected [] but got [i32, i32, i32, i32]
                                end
                                ^^^
../src/app.wat.patched:84536:33: error: type mismatch in call, expected [i32, f64, f64, f64, f64] but got [i32, i32]
                                call 95
                                ^^^^
../src/app.wat.patched:84601:31: error: type mismatch at end of `if true` branch, expected [] but got [... i32, i32, i32, i32]
                              end
                              ^^^
../src/app.wat.patched:84626:31: error: type mismatch at end of `if true` branch, expected [] but got [i32, i32, i32, i32]
                              end
                              ^^^
../src/app.wat.patched:84774:31: error: type mismatch at end of `if true` branch, expected [] but got [i32, i32, i32, i32]
                              end
                              ^^^
../src/app.wat.patched:84859:29: error: type mismatch in call, expected [i32, i32, i32, i32] but got [... i32, f32, f32, i32]
                            call 449
                            ^^^^
../src/app.wat.patched:84924:33: error: type mismatch in call, expected [i32, f64, i32, i32] but got [... i32, i32, i32, i32]
                                call 452
                                ^^^^
../src/app.wat.patched:84933:31: error: type mismatch at end of `if true` branch, expected [] but got [i32, i32, i32, i32]
                              end
                              ^^^
../src/app.wat.patched:85101:33: error: type mismatch at end of `if true` branch, expected [] but got [i32, i32, i32, i32]
                                end
                                ^^^
../src/app.wat.patched:85171:31: error: type mismatch in call, expected [i32, f64, f64, f64, f64] but got [i32, i32]
                              call 95
                              ^^^^
../src/app.wat.patched:85224:29: error: type mismatch at end of `if true` branch, expected [] but got [i32, i32, i32, i32]
                            end
                            ^^^
../src/app.wat.patched:85253:29: error: type mismatch at end of `if true` branch, expected [] but got [i32, i32, i32, i32]
                            end
                            ^^^
../src/app.wat.patched:85408:31: error: type mismatch at end of `if true` branch, expected [] but got [i32, i32, i32, i32]
                              end
                              ^^^
../src/app.wat.patched:85469:29: error: type mismatch in call, expected [i32, f64, f64, f64, f64] but got [i32, i32]
                            call 95
                            ^^^^
../src/app.wat.patched:85536:27: error: type mismatch at end of `if true` branch, expected [] but got [i32, i32, i32, i32]
                          end
                          ^^^
../src/app.wat.patched:85561:27: error: type mismatch at end of `if true` branch, expected [] but got [i32, i32, i32, i32]
                          end
                          ^^^
../src/app.wat.patched:85713:29: error: type mismatch at end of `if true` branch, expected [] but got [i32, i32, i32, i32]
                            end
                            ^^^
../src/app.wat.patched:85928:33: error: type mismatch in call, expected [i32, i32, i32, i32] but got [... i32, f32, f32, i32]
                                call 449
                                ^^^^
../src/app.wat.patched:85929:31: error: type mismatch at end of block, expected [] but got [i32, i32]
                              end
                              ^^^
../src/app.wat.patched:85948:31: error: type mismatch in call, expected [i32, i32] but got [... f32, i32]
                              call 321
                              ^^^^
../src/app.wat.patched:85960:29: error: type mismatch at end of loop, expected [] but got [... f64, f64, i32, f32]
                            end
                            ^^^
../src/app.wat.patched:86000:27: error: type mismatch in call, expected [i32] but got [... f64]
                          call 330
                          ^^^^
../src/app.wat.patched:86010:27: error: type mismatch in call, expected [i32] but got [... f64]
                          call 330
                          ^^^^
../src/app.wat.patched:86025:27: error: type mismatch in call, expected [i32, i32] but got [f64]
                          call 344
                          ^^^^
../src/app.wat.patched:86026:27: error: type mismatch in local.set, expected [f64] but got []
                          local.set 10
                          ^^^^^^^^^
../src/app.wat.patched:86033:27: error: type mismatch in call, expected [i32, i32] but got [f64]
                          call 344
                          ^^^^
../src/app.wat.patched:86034:27: error: type mismatch in local.set, expected [f64] but got []
                          local.set 7
                          ^^^^^^^^^
../src/app.wat.patched:86053:27: error: type mismatch in call, expected [i32] but got [... f64]
                          call 330
                          ^^^^
../src/app.wat.patched:86061:27: error: type mismatch in call, expected [i32] but got [... f64]
                          call 330
                          ^^^^
../src/app.wat.patched:86085:27: error: type mismatch in call, expected [i32] but got [... f64]
                          call 381
                          ^^^^
../src/app.wat.patched:86089:27: error: type mismatch in f64.sub, expected [f64, f64] but got [i32, f64]
                          f64.sub
                          ^^^^^^^
../src/app.wat.patched:86091:27: error: type mismatch in f64.store, expected [i32, f64] but got [f64]
                          f64.store
                          ^^^^^^^^^
../src/app.wat.patched:86125:27: error: type mismatch in call, expected [i32, i32] but got [f64]
                          call 344
                          ^^^^
../src/app.wat.patched:86126:27: error: type mismatch in local.set, expected [f64] but got []
                          local.set 4
                          ^^^^^^^^^
../src/app.wat.patched:86135:27: error: type mismatch in call, expected [i32, i32] but got [... f64, f64]
                          call 344
                          ^^^^
../src/app.wat.patched:86151:27: error: type mismatch in f64.mul, expected [f64, f64] but got [i32, f64]
                          f64.mul
                          ^^^^^^^
../src/app.wat.patched:86153:27: error: type mismatch in f64.sub, expected [f64, f64] but got [f64]
                          f64.sub
                          ^^^^^^^
../src/app.wat.patched:86155:27: error: type mismatch in f64.store, expected [i32, f64] but got [f64]
                          f64.store
                          ^^^^^^^^^
../src/app.wat.patched:86159:27: error: type mismatch in call, expected [i32] but got [... f64]
                          call 381
                          ^^^^
../src/app.wat.patched:86163:27: error: type mismatch in f64.sub, expected [f64, f64] but got [i32, f64]
                          f64.sub
                          ^^^^^^^
../src/app.wat.patched:86165:27: error: type mismatch in f64.store, expected [i32, f64] but got [f64]
                          f64.store
                          ^^^^^^^^^
../src/app.wat.patched:86192:27: error: type mismatch in call, expected [i32, i32, i32, i32] but got [... i32, f32, f32, i32]
                          call 449
                          ^^^^
../src/app.wat.patched:86243:31: error: type mismatch in call, expected [i32] but got [... f64]
                              call 330
                              ^^^^
../src/app.wat.patched:86251:31: error: type mismatch in call, expected [i32] but got [... f64]
                              call 330
                              ^^^^
../src/app.wat.patched:86299:31: error: type mismatch in call, expected [i32, i32] but got [... f64, f64]
                              call 344
                              ^^^^
../src/app.wat.patched:86301:31: error: type mismatch in f64.div, expected [f64, f64] but got [f64]
                              f64.div
                              ^^^^^^^
../src/app.wat.patched:86303:31: error: type mismatch in f64.mul, expected [f64, f64] but got [f64]
                              f64.mul
                              ^^^^^^^
../src/app.wat.patched:86310:31: error: type mismatch in call, expected [i32, i32] but got [... f64, f64]
                              call 344
                              ^^^^
../src/app.wat.patched:86312:31: error: type mismatch in f64.mul, expected [f64, f64] but got [i32, f64]
                              f64.mul
                              ^^^^^^^
../src/app.wat.patched:86314:31: error: type mismatch in f64.sub, expected [f64, f64] but got [f64]
                              f64.sub
                              ^^^^^^^
../src/app.wat.patched:86316:31: error: type mismatch in f64.store, expected [i32, f64] but got [f64]
                              f64.store
                              ^^^^^^^^^
../src/app.wat.patched:86320:31: error: type mismatch in call, expected [i32] but got [... f64]
                              call 381
                              ^^^^
../src/app.wat.patched:86324:31: error: type mismatch in f64.sub, expected [f64, f64] but got [i32, f64]
                              f64.sub
                              ^^^^^^^
../src/app.wat.patched:86326:31: error: type mismatch in f64.store, expected [i32, f64] but got [f64]
                              f64.store
                              ^^^^^^^^^
../src/app.wat.patched:86345:31: error: type mismatch in call, expected [i32, i32, i32, i32] but got [... i32, f32, f32, i32]
                              call 449
                              ^^^^
../src/app.wat.patched:86368:29: error: type mismatch at end of loop, expected [] but got [i32, i32]
                            end
                            ^^^
../src/app.wat.patched:86404:27: error: type mismatch in call, expected [i32, i32, i32, i32] but got [... i32, f32, f32, i32]
                          call 449
                          ^^^^
../src/app.wat.patched:86405:25: error: type mismatch at end of block, expected [] but got [i32, i32, i32, i32]
                        end
                        ^^^
../src/app.wat.patched:86447:25: error: type mismatch in call, expected [i32, i32] but got [i32]
                        call 405
                        ^^^^
../src/app.wat.patched:86974:7: error: type mismatch at end of `if true` branch, expected [] but got [i32]
      end
      ^^^
../src/app.wat.patched:86982:5: error: type mismatch at end of `if false` branch, expected [] but got [i32]
    end
    ^^^
../src/app.wat.patched:87368:19: error: type mismatch in call, expected [i32, i32, i32, f64, i32, i32] but got [... i32, i32, i32, i32, i32, i32]
                  call 438
                  ^^^^
../src/app.wat.patched:87592:15: error: type mismatch in call, expected [i32, i32, i32, f64, i32, i32] but got [... i32, i32, i32, i32, i32, i32]
              call 438
              ^^^^
../src/app.wat.patched:87651:9: error: type mismatch in call, expected [f64, i32, i32] but got []
        call 233
        ^^^^
../src/app.wat.patched:87652:9: error: type mismatch in local.tee, expected [i32] but got [f64]
        local.tee 6
        ^^^^^^^^^
../src/app.wat.patched:87668:7: error: type mismatch at end of `if true` branch, expected [] but got [... i32, i32, i32, i32]
      end
      ^^^
../src/app.wat.patched:87674:7: error: type mismatch in call, expected [i32, i32] but got [... f64, f64]
      call 141
      ^^^^
../src/app.wat.patched:87682:9: error: type mismatch in call, expected [f64, i32, i32] but got []
        call 233
        ^^^^
../src/app.wat.patched:87683:9: error: type mismatch in local.tee, expected [i32] but got [f64]
        local.tee 6
        ^^^^^^^^^
../src/app.wat.patched:87699:7: error: type mismatch at end of `if true` branch, expected [] but got [... i32, i32, i32, i32]
      end
      ^^^
../src/app.wat.patched:87709:5: error: type mismatch at end of `if false` branch, expected [] but got [i32, i32]
    end
    ^^^
../src/app.wat.patched:87719:5: error: type mismatch in call, expected [i32] but got [... f64]
    call 7
    ^^^^
../src/app.wat.patched:87786:17: error: type mismatch in call, expected [i32, i32, i32] but got [i32]
                call 302
                ^^^^
../src/app.wat.patched:87832:15: error: type mismatch at end of `if true` branch, expected [] but got [i32]
              end
              ^^^
../src/app.wat.patched:87919:17: error: type mismatch in call, expected [i32, i32, i32] but got [i32]
                call 302
                ^^^^
../src/app.wat.patched:87955:15: error: type mismatch at end of `if true` branch, expected [] but got [i32]
              end
              ^^^
../src/app.wat.patched:88009:5: error: type mismatch in call, expected [i32, i32, i32, i32, i32, i32] but got [i32, i32, i32]
    call 541
    ^^^^
../src/app.wat.patched:88344:25: error: type mismatch in call, expected [i32] but got [... f64]
                        call 543
                        ^^^^
../src/app.wat.patched:88351:23: error: type mismatch in call, expected [i32] but got [... f64]
                      call 543
                      ^^^^
../src/app.wat.patched:88357:21: error: type mismatch in call, expected [i32, i32, f64, f64, f64, f64, f64, f64, f64, f64] but got [i32, f64]
                    call 27
                    ^^^^
../src/app.wat.patched:88653:23: error: type mismatch in call, expected [i32] but got [... f64]
                      call 278
                      ^^^^
../src/app.wat.patched:88664:23: error: type mismatch in call, expected [i32] but got [... f64]
                      call 70
                      ^^^^
../src/app.wat.patched:88689:23: error: type mismatch at end of loop, expected [] but got [i32, i32, i32]
                      end
                      ^^^
../src/app.wat.patched:88758:23: error: type mismatch in call, expected [i32, i32] but got [... f64, i32]
                      call 57
                      ^^^^
../src/app.wat.patched:88785:21: error: type mismatch in call, expected [i32] but got [... f64]
                    call 94
                    ^^^^
../src/app.wat.patched:88817:21: error: type mismatch in call, expected [i32, i32, i32, i32, i32] but got [... f64, f64, f64, i32, i32]
                    call 186
                    ^^^^
../src/app.wat.patched:88825:17: error: type mismatch in call, expected [i32, i32, f64, f64, f64, f64, f64, f64, f64, f64] but got [i32, f64]
                call 27
                ^^^^
../src/app.wat.patched:88830:15: error: type mismatch in call, expected [i32, i32] but got [i32]
              call 22
              ^^^^
../src/app.wat.patched:88833:15: error: type mismatch in call, expected [i32, i32] but got [i32]
              call 66
              ^^^^
../src/app.wat.patched:88854:15: error: type mismatch in call, expected [i32] but got [... f64]
              call 94
              ^^^^
../src/app.wat.patched:88866:15: error: type mismatch in call, expected [i32] but got [... f64]
              call 543
              ^^^^
../src/app.wat.patched:88869:15: error: type mismatch in call, expected [i32, i32, i32, i32, i32] but got [... f64, f64, i32, i32, i32]
              call 186
              ^^^^
../src/app.wat.patched:88880:13: error: type mismatch at end of block, expected [] but got [f64, i32, f64, i32]
            end
            ^^^
../src/app.wat.patched:88921:7: error: type mismatch in call, expected [i32, i32, i32] but got [i32, i32]
      call 352
      ^^^^
../src/app.wat.patched:88951:21: error: type mismatch in call, expected [i32, i32, i32] but got [i32]
                    call 302
                    ^^^^
../src/app.wat.patched:88981:21: error: type mismatch in call, expected [i32, i32, i32] but got [i32]
                    call 302
                    ^^^^
../src/app.wat.patched:89142:21: error: type mismatch in call, expected [i32, i32, i32] but got [i32]
                    call 302
                    ^^^^
../src/app.wat.patched:89183:21: error: type mismatch in call, expected [i32, i32, i32] but got [i32]
                    call 302
                    ^^^^
../src/app.wat.patched:89281:21: error: type mismatch in call, expected [i32, i32, i32] but got [i32]
                    call 302
                    ^^^^
../src/app.wat.patched:89609:5: error: type mismatch at end of block, expected [] but got [i32]
    end
    ^^^
../src/app.wat.patched:89643:5: error: type mismatch in call, expected [i32, i32] but got [i32]
    call 57
    ^^^^
../src/app.wat.patched:89704:7: error: type mismatch in call, expected [i32, i32] but got [i32]
      call 57
      ^^^^
../src/app.wat.patched:89735:7: error: type mismatch in call, expected [i32, i32] but got [i32]
      call 57
      ^^^^
../src/app.wat.patched:89766:7: error: type mismatch in call, expected [i32, i32] but got [i32]
      call 57
      ^^^^
../src/app.wat.patched:89800:7: error: type mismatch in call, expected [i32, i32] but got [i32]
      call 57
      ^^^^
../src/app.wat.patched:89832:13: error: type mismatch in call, expected [i32, i32, i64] but got [f64]
            call 563
            ^^^^
../src/app.wat.patched:89833:13: error: type mismatch in return, expected [f64] but got []
            return
            ^^^^^^
../src/app.wat.patched:89934:17: error: type mismatch in call, expected [i32, i32, i64] but got [f64]
                call 563
                ^^^^
../src/app.wat.patched:89935:15: error: type mismatch in block, expected [f64] but got []
              end
              ^^^
../src/app.wat.patched:90019:9: error: type mismatch in call, expected [i32, i32] but got [i32]
        call 405
        ^^^^
../src/app.wat.patched:90041:7: error: type mismatch in local.tee, expected [i64] but got [... i32]
      local.tee 3
      ^^^^^^^^^
../src/app.wat.patched:90166:7: error: type mismatch at end of `if true` branch, expected [] but got [i64, i64]
      select
      ^^^^^^
../src/app.wat.patched:90176:5: error: type mismatch in call, expected [i32, i32, i32, i32, i32, i32] but got [i32, i32]
    call 327)
    ^^^^
../src/app.wat.patched:90234:11: error: type mismatch in call, expected [i32, i32] but got [i32]
          call 405
          ^^^^
../src/app.wat.patched:90235:9: error: type mismatch at end of block, expected [] but got [i32]
        end
        ^^^
../src/app.wat.patched:90415:5: error: type mismatch in call, expected [i32, i32] but got []
    call 188
    ^^^^
../src/app.wat.patched:90416:5: error: type mismatch in local.set, expected [i32] but got []
    local.set 1
    ^^^^^^^^^
../src/app.wat.patched:90417:5: error: type mismatch in call, expected [i32, i32] but got []
    call 188
    ^^^^
../src/app.wat.patched:90418:5: error: type mismatch in local.set, expected [i32] but got []
    local.set 2
    ^^^^^^^^^
../src/app.wat.patched:90419:5: error: type mismatch in call, expected [i32, i32] but got []
    call 188
    ^^^^
../src/app.wat.patched:90420:5: error: type mismatch in local.set, expected [i32] but got []
    local.set 3
    ^^^^^^^^^
../src/app.wat.patched:90421:5: error: type mismatch in call, expected [i32, i32] but got []
    call 188
    ^^^^
../src/app.wat.patched:90422:5: error: type mismatch in local.set, expected [i32] but got []
    local.set 4
    ^^^^^^^^^
../src/app.wat.patched:90715:5: error: type mismatch at end of `if true` branch, expected [] but got [... i32, i32, i32, i32]
    end
    ^^^
../src/app.wat.patched:90794:5: error: type mismatch at end of function, expected [] but got [i32]
    local.get 0)
    ^^^^^^^^^
../src/app.wat.patched:91014:5: error: type mismatch at end of function, expected [] but got [i32, i32, i32, i32]
    i64.xor)
    ^^^^^^^
../src/app.wat.patched:91073:5: error: type mismatch at end of function, expected [] but got [i32, i32, i32]
    call 353)
    ^^^^
../src/app.wat.patched:91502:25: error: type mismatch in call, expected [i32, i32, i32] but got [i32]
                        call 302
                        ^^^^
../src/app.wat.patched:91531:25: error: type mismatch in call, expected [i32, i32] but got [f64]
                        call 344
                        ^^^^
../src/app.wat.patched:91532:25: error: type mismatch in local.set, expected [f64] but got []
                        local.set 26
                        ^^^^^^^^^
../src/app.wat.patched:91537:25: error: type mismatch in call, expected [i32] but got [f64]
                        call 381
                        ^^^^
../src/app.wat.patched:91538:25: error: type mismatch in local.set, expected [f64] but got []
                        local.set 27
                        ^^^^^^^^^
../src/app.wat.patched:91556:25: error: type mismatch in call, expected [i32, i32] but got [f64]
                        call 344
                        ^^^^
../src/app.wat.patched:91557:25: error: type mismatch in local.set, expected [f64] but got []
                        local.set 21
                        ^^^^^^^^^
../src/app.wat.patched:91561:25: error: type mismatch in call, expected [i32] but got [... f64]
                        call 381
                        ^^^^
../src/app.wat.patched:91562:25: error: type mismatch in f64.mul, expected [f64, f64] but got [i32, f64]
                        f64.mul
                        ^^^^^^^
../src/app.wat.patched:91577:25: error: type mismatch in f64.store, expected [i32, f64] but got [f64]
                        f64.store
                        ^^^^^^^^^
../src/app.wat.patched:91750:23: error: type mismatch in call, expected [i32, i32] but got [i32]
                      call 405
                      ^^^^
../src/app.wat.patched:91757:21: error: type mismatch at end of loop, expected [] but got [i32]
                    end
                    ^^^
../src/app.wat.patched:92137:5: error: type mismatch in call, expected [i32, i32, i32, i32, i32] but got [i64, i64, i32, i32]
    call 338
    ^^^^
../src/app.wat.patched:92138:5: error: type mismatch in local.set, expected [i64] but got [i32]
    local.set 4
    ^^^^^^^^^
../src/app.wat.patched:92148:7: error: type mismatch in call, expected [i32, f64, f64, f64, f64, i32, i32, i32, i32, i32, f32, f32] but got [i32, i32, i32]
      call 440
      ^^^^
../src/app.wat.patched:92149:7: error: type mismatch in drop, expected [any] but got []
      drop
      ^^^^
../src/app.wat.patched:92416:17: error: type mismatch in call, expected [i32, i32] but got [i32]
                call 405
                ^^^^
../src/app.wat.patched:92417:15: error: type mismatch at end of block, expected [] but got [i32]
              end
              ^^^
../src/app.wat.patched:92802:11: error: type mismatch at end of loop, expected [] but got [i32, i32, i32]
          end
          ^^^
../src/app.wat.patched:92943:5: error: type mismatch in call, expected [i32, i32, i64, i32] but got [... i32, i32, i32, i32]
    call 419
    ^^^^
../src/app.wat.patched:92949:5: error: type mismatch in call, expected [i32, i32, i64, i32] but got [... i32, i32, i32, i32]
    call 419
    ^^^^
../src/app.wat.patched:92957:5: error: type mismatch in call, expected [i32, i32, i64, i32] but got [... i32, i32, i32, i32]
    call 419
    ^^^^
../src/app.wat.patched:92965:5: error: type mismatch in call, expected [i32, i32, i64, i32] but got [... i32, i32, i32, i32]
    call 419
    ^^^^
../src/app.wat.patched:93625:5: error: type mismatch at end of function, expected [] but got [i32, i32]
    i32.store offset=120)
    ^^^^^^^^^
../src/app.wat.patched:93763:13: error: type mismatch in call, expected [i32, i32, i32] but got [i32]
            call 302
            ^^^^
../src/app.wat.patched:94109:5: error: type mismatch at end of block, expected [] but got [i32]
    end
    ^^^
../src/app.wat.patched:94601:7: error: type mismatch in call, expected [i32, i32, i32, i32, i32] but got [i32, i32, f32, f32, f32]
      call 34
      ^^^^
../src/app.wat.patched:94629:7: error: type mismatch in call, expected [i32, i32, i32, i32, i32, i32, i32, i32, i32, i32] but got [i32, i32, f32, f32]
      call 118
      ^^^^
../src/app.wat.patched:94769:5: error: type mismatch at end of function, expected [] but got [... i32, i32, i32, i32]
    call 173)
    ^^^^
../src/app.wat.patched:95095:25: error: type mismatch in call, expected [i32, i32] but got [i32]
                        call 405
                        ^^^^
../src/app.wat.patched:95096:23: error: type mismatch at end of block, expected [] but got [i32]
                      end
                      ^^^
../src/app.wat.patched:95148:19: error: type mismatch in call, expected [i32, i32] but got [i32]
                  call 405
                  ^^^^
../src/app.wat.patched:95149:17: error: type mismatch at end of block, expected [] but got [i32]
                end
                ^^^
../src/app.wat.patched:95241:45: error: type mismatch in call, expected [i32, i32, i32, i32] but got [i32, i32, i32]
                                            call 308
                                            ^^^^
../src/app.wat.patched:95285:49: error: type mismatch in call, expected [i32, f64, f64, i32, f64, i32, f64, i64] but got [i32, i32]
                                                call 555
                                                ^^^^
../src/app.wat.patched:95286:49: error: type mismatch in drop, expected [any] but got []
                                                drop
                                                ^^^^
../src/app.wat.patched:95297:47: error: type mismatch in call, expected [i32, f64, f64, i32, f64, i32, f64, i64] but got [i32, i32]
                                              call 555
                                              ^^^^
../src/app.wat.patched:95298:47: error: type mismatch in drop, expected [any] but got []
                                              drop
                                              ^^^^
../src/app.wat.patched:95315:49: error: type mismatch in call, expected [i32, i32, i32] but got [i32, i32]
                                                call 296
                                                ^^^^
../src/app.wat.patched:95324:47: error: type mismatch in call, expected [i32, i32, i32] but got [i32, i32]
                                              call 296
                                              ^^^^
../src/app.wat.patched:96044:19: error: type mismatch in call, expected [i32, f64, f64, i32, f64, i32, f64, i64] but got [i32, i32]
                  call 555
                  ^^^^
../src/app.wat.patched:96045:19: error: type mismatch in local.set, expected [i32] but got []
                  local.set 21
                  ^^^^^^^^^
../src/app.wat.patched:96062:19: error: type mismatch in call, expected [i32, f64, f64, i32, f64, i32, f64, i64] but got [i32, i32]
                  call 555
                  ^^^^
../src/app.wat.patched:96063:19: error: type mismatch in local.set, expected [i32] but got []
                  local.set 23
                  ^^^^^^^^^
../src/app.wat.patched:96193:43: error: type mismatch in call, expected [i32, i32, i32, i32] but got [i32, i32, i32]
                                          call 308
                                          ^^^^
../src/app.wat.patched:96194:41: error: type mismatch at end of block, expected [] but got [i32]
                                        end
                                        ^^^
../src/app.wat.patched:97518:19: error: type mismatch in call, expected [i32, i32, i32, i32] but got [i32, i32, i32]
                  call 308
                  ^^^^
../src/app.wat.patched:97552:19: error: type mismatch in call, expected [i32, i32, i32, i32] but got [i32, i32, i32]
                  call 308
                  ^^^^
../src/app.wat.patched:97553:17: error: type mismatch at end of block, expected [] but got [i32]
                end
                ^^^
../src/app.wat.patched:97635:9: error: type mismatch in call, expected [f64, i32, i32] but got []
        call 233
        ^^^^
../src/app.wat.patched:97636:9: error: type mismatch in local.tee, expected [i32] but got [f64]
        local.tee 2
        ^^^^^^^^^
../src/app.wat.patched:97647:7: error: type mismatch at end of `if true` branch, expected [] but got [... i32, i32, i32, i32]
      end
      ^^^
../src/app.wat.patched:97657:7: error: type mismatch in call, expected [i32, i32] but got [... f64, f64]
      call 141
      ^^^^
../src/app.wat.patched:97664:5: error: type mismatch at end of `if false` branch, expected [] but got [i32, i32]
    end
    ^^^
../src/app.wat.patched:97742:23: error: type mismatch in call, expected [i32, i32, i32] but got [i32]
                      call 302
                      ^^^^
../src/app.wat.patched:97888:23: error: type mismatch in call, expected [i32, i32, i32] but got [i32]
                      call 302
                      ^^^^
../src/app.wat.patched:97927:21: error: type mismatch at end of `if true` branch, expected [] but got [i32]
                    end
                    ^^^
../src/app.wat.patched:97981:13: error: type mismatch in call, expected [i32, i32, i32, i32, i32, i32] but got [i32, i32, i32]
            call 541
            ^^^^
../src/app.wat.patched:98034:13: error: type mismatch at end of `if true` branch, expected [] but got [... i32, i32, i32, f64]
            end
            ^^^
../src/app.wat.patched:98078:13: error: type mismatch at end of `if true` branch, expected [] but got [... i32, f64, i32, i32]
            end
            ^^^
../src/app.wat.patched:98086:13: error: type mismatch in call, expected [i32, i32, i32] but got [i32]
            call 302
            ^^^^
../src/app.wat.patched:98091:13: error: type mismatch in call, expected [i32, i32, i32] but got [i32]
            call 302
            ^^^^
../src/app.wat.patched:98096:13: error: type mismatch in call, expected [i32, i32, i32] but got [i32]
            call 302
            ^^^^
../src/app.wat.patched:98101:13: error: type mismatch in call, expected [i32, i32, i32] but got [i32]
            call 302
            ^^^^
../src/app.wat.patched:98106:13: error: type mismatch in call, expected [i32, i32, i32] but got [i32]
            call 302
            ^^^^
../src/app.wat.patched:98111:13: error: type mismatch in call, expected [i32, i32, i32] but got [i32]
            call 302
            ^^^^
../src/app.wat.patched:98116:13: error: type mismatch in call, expected [i32, i32, i32] but got [i32]
            call 302
            ^^^^
../src/app.wat.patched:98121:13: error: type mismatch in call, expected [i32, i32, i32] but got [i32]
            call 302
            ^^^^
../src/app.wat.patched:98126:13: error: type mismatch in call, expected [i32, i32, i32] but got [i32]
            call 302
            ^^^^
../src/app.wat.patched:98131:13: error: type mismatch in call, expected [i32, i32, i32] but got [i32]
            call 302
            ^^^^
../src/app.wat.patched:98264:15: error: type mismatch in call, expected [i32, i32, i32] but got [i32]
              call 302
              ^^^^
../src/app.wat.patched:98403:13: error: type mismatch in call, expected [i32, i32, i32] but got [i32]
            call 302
            ^^^^
../src/app.wat.patched:98501:27: error: type mismatch in call, expected [i32, i32, i32] but got [i32]
                          call 341
                          ^^^^
../src/app.wat.patched:98606:27: error: type mismatch in call, expected [i32, i32, i32, i32] but got [i32]
                          call 347
                          ^^^^
../src/app.wat.patched:98664:25: error: type mismatch in call, expected [i32, i32, i32] but got [i32]
                        call 341
                        ^^^^
../src/app.wat.patched:98745:7: error: type mismatch in call, expected [i32, i32, i32] but got [i32]
      call 341
      ^^^^
../src/app.wat.patched:98881:13: error: type mismatch in call, expected [i32, f64, i32, i32] but got [... i32, i32, i32, i32]
            call 452
            ^^^^
../src/app.wat.patched:98895:13: error: type mismatch in call, expected [i32, f64, f64, f64, f64] but got [... i32, i32, i32, i32, i32]
            call 95
            ^^^^
../src/app.wat.patched:99183:31: error: type mismatch in call, expected [i32, f64, f64, f64, f64] but got [i32, i32]
                              call 95
                              ^^^^
../src/app.wat.patched:99351:35: error: type mismatch in call, expected [i32, f64, f64, f64, f64, f64, i32, f32, f32, i32] but got [i32, i32, i32, i32]
                                  call 322
                                  ^^^^
../src/app.wat.patched:99417:27: error: type mismatch in call, expected [i32, f64, i32, i32] but got [... i32, i32, i32, i32]
                          call 452
                          ^^^^
../src/app.wat.patched:99435:27: error: type mismatch in call, expected [i32, f64, f64, f64, f64] but got [... i32, i32, i32, i32, i32]
                          call 95
                          ^^^^
../src/app.wat.patched:99499:27: error: type mismatch in call, expected [i32, f64, f64, f64, f64] but got [... i32, i32, i32, i32, i32]
                          call 95
                          ^^^^
../src/app.wat.patched:99613:23: error: type mismatch in call, expected [i32] but got [... f32]
                      call 87
                      ^^^^
../src/app.wat.patched:99690:45: error: type mismatch in call, expected [i32, f64, f64, f64, f64, f64, i32, f32, f32, i32] but got [i32, i32, i32, i32]
                                            call 322
                                            ^^^^
../src/app.wat.patched:99788:43: error: type mismatch in call, expected [i32, f64, f64, f64, f64, f64, i32, f32, f32, i32] but got [i32, i32, i32, i32]
                                          call 322
                                          ^^^^
../src/app.wat.patched:99832:33: error: type mismatch in call, expected [i32, f64, f64, f64, f64] but got [i32, i32]
                                call 95
                                ^^^^
../src/app.wat.patched:99902:29: error: type mismatch in call, expected [i32, f64, f64, f64, f64] but got [i32, i32]
                            call 95
                            ^^^^
../src/app.wat.patched:99978:27: error: type mismatch at end of block, expected [] but got [i32, i32, i32, i32]
                          end
                          ^^^
../src/app.wat.patched:99985:27: error: type mismatch in call, expected [i32, i32, i32] but got [i32, i32]
                          call 165
                          ^^^^
../src/app.wat.patched:100160:65: error: type mismatch in call, expected [i32, i32, i32] but got [i32, i32]
                                                                call 352
                                                                ^^^^
../src/app.wat.patched:100199:67: error: type mismatch in call, expected [i32, i32] but got [i32]
                                                                  call 405
                                                                  ^^^^
../src/app.wat.patched:100200:65: error: type mismatch at end of `if true` branch, expected [] but got [i32]
                                                                end
                                                                ^^^
../src/app.wat.patched:100237:67: error: type mismatch in call, expected [i32, i32] but got [i32]
                                                                  call 405
                                                                  ^^^^
../src/app.wat.patched:100238:65: error: type mismatch at end of `if true` branch, expected [] but got [i32]
                                                                end
                                                                ^^^
../src/app.wat.patched:100279:67: error: type mismatch in call, expected [i32, i32] but got [i32]
                                                                  call 405
                                                                  ^^^^
../src/app.wat.patched:100280:65: error: type mismatch at end of `if true` branch, expected [] but got [i32]
                                                                end
                                                                ^^^
../src/app.wat.patched:100321:67: error: type mismatch in call, expected [i32, i32] but got [i32]
                                                                  call 405
                                                                  ^^^^
../src/app.wat.patched:100322:65: error: type mismatch at end of `if true` branch, expected [] but got [i32]
                                                                end
                                                                ^^^
../src/app.wat.patched:100363:67: error: type mismatch in call, expected [i32, i32] but got [i32]
                                                                  call 405
                                                                  ^^^^
../src/app.wat.patched:100364:65: error: type mismatch at end of `if true` branch, expected [] but got [i32]
                                                                end
                                                                ^^^
../src/app.wat.patched:100405:67: error: type mismatch in call, expected [i32, i32] but got [i32]
                                                                  call 405
                                                                  ^^^^
../src/app.wat.patched:100406:65: error: type mismatch at end of `if true` branch, expected [] but got [i32]
                                                                end
                                                                ^^^
../src/app.wat.patched:100447:67: error: type mismatch in call, expected [i32, i32] but got [i32]
                                                                  call 405
                                                                  ^^^^
../src/app.wat.patched:100448:65: error: type mismatch at end of `if true` branch, expected [] but got [i32]
                                                                end
                                                                ^^^
../src/app.wat.patched:100489:67: error: type mismatch in call, expected [i32, i32] but got [i32]
                                                                  call 405
                                                                  ^^^^
../src/app.wat.patched:100490:65: error: type mismatch at end of `if true` branch, expected [] but got [i32]
                                                                end
                                                                ^^^
../src/app.wat.patched:100532:67: error: type mismatch in call, expected [i32, i32] but got [i32]
                                                                  call 405
                                                                  ^^^^
../src/app.wat.patched:100533:65: error: type mismatch at end of `if true` branch, expected [] but got [i32]
                                                                end
                                                                ^^^
../src/app.wat.patched:100622:67: error: type mismatch in call, expected [i32, i32] but got [i32]
                                                                  call 405
                                                                  ^^^^
../src/app.wat.patched:100623:65: error: type mismatch at end of `if true` branch, expected [] but got [i32]
                                                                end
                                                                ^^^
../src/app.wat.patched:100664:67: error: type mismatch in call, expected [i32, i32] but got [i32]
                                                                  call 405
                                                                  ^^^^
../src/app.wat.patched:100665:65: error: type mismatch at end of `if true` branch, expected [] but got [i32]
                                                                end
                                                                ^^^
../src/app.wat.patched:100759:11: error: type mismatch in call, expected [i32, f64, f64, f64, f64, f64, i32, f32, f32, i32] but got [i32, i32, i32, i32]
          call 322
          ^^^^
../src/app.wat.patched:100829:61: error: type mismatch in call, expected [f64, f64] but got [... i32, i32]
                                                            call 331
                                                            ^^^^
../src/app.wat.patched:100830:59: error: type mismatch at end of `if true` branch, expected [] but got [i32, f64]
                                                          end
                                                          ^^^
../src/app.wat.patched:100847:59: error: type mismatch in br_if, expected [i32] but got []
                                                          br_if 24 (;@3;)
                                                          ^^^^^
../src/app.wat.patched:100860:57: error: type mismatch in call, expected [f64, f64] but got [... i32, i32]
                                                        call 331
                                                        ^^^^
../src/app.wat.patched:100903:57: error: type mismatch in call, expected [i32, i32] but got [i32]
                                                        call 405
                                                        ^^^^
../src/app.wat.patched:100904:55: error: type mismatch at end of `if true` branch, expected [] but got [i32]
                                                      end
                                                      ^^^
../src/app.wat.patched:100942:57: error: type mismatch in call, expected [i32, i32] but got [i32]
                                                        call 405
                                                        ^^^^
../src/app.wat.patched:100943:55: error: type mismatch at end of `if true` branch, expected [] but got [i32]
                                                      end
                                                      ^^^
../src/app.wat.patched:100991:53: error: type mismatch in call, expected [i32, i32] but got [i32]
                                                    call 405
                                                    ^^^^
../src/app.wat.patched:101044:49: error: type mismatch in call, expected [i32, i32] but got [i32]
                                                call 405
                                                ^^^^
../src/app.wat.patched:101089:47: error: type mismatch in call, expected [i32, i32] but got [i32]
                                              call 405
                                              ^^^^
../src/app.wat.patched:101137:45: error: type mismatch in call, expected [i32, i32] but got [i32]
                                            call 405
                                            ^^^^
../src/app.wat.patched:101194:11: error: type mismatch at end of block, expected [] but got [i32]
          end
          ^^^
../src/app.wat.patched:101195:11: error: type mismatch in local.set, expected [i32] but got []
          local.set 2
          ^^^^^^^^^
../src/app.wat.patched:101230:11: error: type mismatch in br_if, expected [i32] but got []
          br_if 2 (;@1;)
          ^^^^^
../src/app.wat.patched:101233:9: error: type mismatch at end of block, expected [] but got [i32]
        end
        ^^^
../src/app.wat.patched:101387:13: error: type mismatch in call, expected [i32, i32, i32] but got [i32]
            call 302
            ^^^^
../src/app.wat.patched:102148:5: error: type mismatch at end of block, expected [] but got [i32, i32]
    end)
    ^^^
../src/app.wat.patched:102156:5: error: type mismatch in call, expected [i32, f64, f64, f64, f64, f64] but got [i32, i32, i32]
    call 535
    ^^^^
../src/app.wat.patched:102172:9: error: type mismatch in call, expected [i32, i32] but got []
        call 287
        ^^^^
../src/app.wat.patched:102201:5: error: type mismatch in call, expected [i32, f64, f64, f64, f64, f64] but got [i32, i32, i32]
    call 535
    ^^^^
../src/app.wat.patched:102218:11: error: type mismatch in call, expected [i32, i32] but got []
          call 287
          ^^^^
../src/app.wat.patched:102289:5: error: type mismatch at end of function, expected [] but got [i32]
    call 297)
    ^^^^
../src/app.wat.patched:102312:7: error: type mismatch in call, expected [i32, i32, f64, f64] but got [i32, f64, i32, i32]
      call 434
      ^^^^
../src/app.wat.patched:102313:7: error: type mismatch in return, expected [i32] but got [f64]
      return
      ^^^^^^
../src/app.wat.patched:102322:5: error: type mismatch in call, expected [i32, i64, i32] but got [... f64, i32, i32]
    call 451)
    ^^^^
../src/app.wat.patched:102335:5: error: type mismatch in call, expected [i32, f64, f64, f64, f64, f64] but got [i32, i32, i32]
    call 535
    ^^^^
../src/app.wat.patched:102450:5: error: type mismatch in call, expected [i32, f64, f64, f64, f64, f64] but got [i32, i32, i32]
    call 535
    ^^^^
../src/app.wat.patched:102464:5: error: type mismatch in call, expected [i32, f64, f64, f64, f64, f64] but got [i32, i32, i32]
    call 535
    ^^^^
../src/app.wat.patched:102635:5: error: type mismatch in call, expected [i32, f64, f64, f64, f64, f64] but got [i32, i32, i32]
    call 535
    ^^^^
../src/app.wat.patched:102647:5: error: type mismatch in call, expected [i32, f64, f64, f64, f64, f64] but got [i32, i32, i32]
    call 535
    ^^^^
../src/app.wat.patched:102746:5: error: type mismatch in call, expected [i32, f64, f64, f64, f64, f64] but got [i32, i32, i32]
    call 535
    ^^^^
../src/app.wat.patched:102929:5: error: type mismatch in call, expected [i32, f64, f64, f64, f64, f64] but got [i32, i32, i32]
    call 535
    ^^^^
../src/app.wat.patched:102941:5: error: type mismatch in call, expected [i32, f64, f64, f64, f64, f64] but got [i32, i32, i32]
    call 535
    ^^^^
../src/app.wat.patched:103213:29: error: type mismatch in call, expected [i32, i32, i32, i32] but got [i32, i32, i32]
                            call 308
                            ^^^^
../src/app.wat.patched:103309:33: error: type mismatch in call, expected [i32, f64, f64, i32, f64, i32, f64, i64] but got [i32, i32]
                                call 555
                                ^^^^
../src/app.wat.patched:103310:33: error: type mismatch in drop, expected [any] but got []
                                drop
                                ^^^^
../src/app.wat.patched:103313:33: error: type mismatch in call, expected [i32, f64, f64, i32, f64, i32, f64, i64] but got [i32, i32]
                                call 555
                                ^^^^
../src/app.wat.patched:103314:33: error: type mismatch in drop, expected [any] but got []
                                drop
                                ^^^^
../src/app.wat.patched:103317:33: error: type mismatch in call, expected [i32, f64, f64, i32, f64, i32, f64, i64] but got [i32, i32]
                                call 555
                                ^^^^
../src/app.wat.patched:103318:33: error: type mismatch in drop, expected [any] but got []
                                drop
                                ^^^^
../src/app.wat.patched:103329:31: error: type mismatch in call, expected [i32, f64, f64, i32, f64, i32, f64, i64] but got [i32, i32]
                              call 555
                              ^^^^
../src/app.wat.patched:103330:31: error: type mismatch in drop, expected [any] but got []
                              drop
                              ^^^^
../src/app.wat.patched:103344:33: error: type mismatch in call, expected [i32, i32, i32] but got [i32, i32]
                                call 296
                                ^^^^
../src/app.wat.patched:103354:33: error: type mismatch in call, expected [i32, i32, i32] but got [i32, i32]
                                call 296
                                ^^^^
../src/app.wat.patched:103362:31: error: type mismatch in call, expected [i32, i32, i32] but got [i32, i32]
                              call 296
                              ^^^^
../src/app.wat.patched:104177:45: error: type mismatch in call, expected [i32, f64, f64, i32, f64, i32, f64, i64] but got [i32, i32]
                                            call 555
                                            ^^^^
../src/app.wat.patched:104178:45: error: type mismatch in local.set, expected [i32] but got []
                                            local.set 25
                                            ^^^^^^^^^
../src/app.wat.patched:104190:45: error: type mismatch in call, expected [i32, f64, f64, i32, f64, i32, f64, i64] but got [i32, i32]
                                            call 555
                                            ^^^^
../src/app.wat.patched:104191:45: error: type mismatch in local.set, expected [i32] but got []
                                            local.set 26
                                            ^^^^^^^^^
../src/app.wat.patched:105918:71: error: type mismatch in call, expected [i32, f64, f64, i32, f64, i32, f64, i64] but got [i32, i32]
                                                                      call 555
                                                                      ^^^^
../src/app.wat.patched:105919:71: error: type mismatch in drop, expected [any] but got []
                                                                      drop
                                                                      ^^^^
../src/app.wat.patched:106091:19: error: type mismatch in call, expected [i32, i32, i32, i32] but got [i32, i32, i32]
                  call 308
                  ^^^^
../src/app.wat.patched:106107:23: error: type mismatch in call, expected [i32, i32, i32, i32] but got [i32, i32, i32]
                      call 308
                      ^^^^
../src/app.wat.patched:106108:21: error: type mismatch at end of `if true` branch, expected [] but got [i32]
                    end
                    ^^^
../src/app.wat.patched:106287:15: error: type mismatch in call, expected [i32, i32, i32, i32, i32, i32] but got [i32, i32, i32]
              call 531
              ^^^^
../src/app.wat.patched:106322:13: error: type mismatch in call, expected [i32, i32, i32] but got [i32]
            call 302
            ^^^^
../src/app.wat.patched:106586:5: error: type mismatch at end of block, expected [] but got [... i32, i32, i32, i32]
    end
    ^^^
../src/app.wat.patched:106759:5: error: type mismatch at end of function, expected [] but got [i32, i32]
    i64.xor)
    ^^^^^^^
../src/app.wat.patched:106771:5: error: type mismatch in call, expected [f64, i32, i32] but got []
    call 233
    ^^^^
../src/app.wat.patched:106772:5: error: type mismatch in local.tee, expected [i32] but got [f64]
    local.tee 5
    ^^^^^^^^^
../src/app.wat.patched:106781:7: error: type mismatch in call, expected [f64, i32, i32] but got []
      call 233
      ^^^^
../src/app.wat.patched:106782:7: error: type mismatch in local.tee, expected [i32] but got [f64]
      local.tee 4
      ^^^^^^^^^
../src/app.wat.patched:106792:5: error: type mismatch at end of `if true` branch, expected [] but got [... i32, i32, i32, i32]
    end
    ^^^
../src/app.wat.patched:106793:5: error: type mismatch in call, expected [f64, i32, i32] but got []
    call 233
    ^^^^
../src/app.wat.patched:106794:5: error: type mismatch in local.tee, expected [i32] but got [f64]
    local.tee 3
    ^^^^^^^^^
../src/app.wat.patched:106805:5: error: type mismatch in call, expected [f64, i32, i32] but got [i32, i32, i32]
    call 233
    ^^^^
../src/app.wat.patched:106806:5: error: type mismatch in local.tee, expected [i32] but got [f64]
    local.tee 2
    ^^^^^^^^^
../src/app.wat.patched:107150:7: error: type mismatch in local.set, expected [i32] but got []
      local.set 0
      ^^^^^^^^^
../src/app.wat.patched:107160:7: error: type mismatch in local.set, expected [i32] but got []
      local.set 1
      ^^^^^^^^^
../src/app.wat.patched:107170:7: error: type mismatch in local.set, expected [i32] but got []
      local.set 2
      ^^^^^^^^^
../src/app.wat.patched:107177:5: error: type mismatch in local.set, expected [i32] but got []
    local.set 3
    ^^^^^^^^^
../src/app.wat.patched:107184:5: error: type mismatch in i32.eq, expected [i32, i32] but got [i32]
    i32.eq
    ^^^^^^
../src/app.wat.patched:112199:31: error: type mismatch in call, expected [i32, i32, i32, i32, i32] but got [i32, i32]
                              call 510
                              ^^^^
../src/app.wat.patched:113159:25: error: type mismatch in call, expected [i32, i32, i32] but got [i32, i32]
                        call 352
                        ^^^^
../src/app.wat.patched:113192:25: error: type mismatch in call, expected [i32, i32, i32] but got [i32]
                        call 302
                        ^^^^
../src/app.wat.patched:113247:31: error: type mismatch in call, expected [i32, f64, f64, i32] but got [... i32, i32, i32, i32]
                              call 246
                              ^^^^
../src/app.wat.patched:113251:29: error: type mismatch at end of `if true` branch, expected [] but got [i32]
                            end
                            ^^^
../src/app.wat.patched:113308:29: error: type mismatch in call, expected [f64, f64] but got [i32, i32]
                            call 459
                            ^^^^
../src/app.wat.patched:113345:27: error: type mismatch at end of loop, expected [] but got [f64]
                          end
                          ^^^
../src/app.wat.patched:113348:27: error: type mismatch in call, expected [f64, f64] but got [i32, i32]
                          call 459
                          ^^^^
../src/app.wat.patched:113363:25: error: type mismatch at end of block, expected [] but got [f64]
                        end
                        ^^^
../src/app.wat.patched:113377:27: error: type mismatch in call, expected [i32, i32, i32] but got [i32]
                          call 302
                          ^^^^
../src/app.wat.patched:113437:25: error: type mismatch in call, expected [i32, i32, i32] but got [i32]
                        call 302
                        ^^^^
../src/app.wat.patched:113494:29: error: type mismatch in call, expected [f64, f64] but got [i32, i32]
                            call 459
                            ^^^^
../src/app.wat.patched:113534:31: error: type mismatch in call, expected [f64, f64] but got [i32, i32]
                              call 459
                              ^^^^
../src/app.wat.patched:113542:29: error: type mismatch at end of block, expected [] but got [f64]
                            end
                            ^^^
../src/app.wat.patched:113556:31: error: type mismatch in call, expected [i32, i32, i32] but got [i32]
                              call 302
                              ^^^^
../src/app.wat.patched:113625:31: error: type mismatch in call, expected [i32, f64, f64, i32] but got [... i32, i32, i32, i32]
                              call 246
                              ^^^^
../src/app.wat.patched:113629:29: error: type mismatch at end of `if true` branch, expected [] but got [i32]
                            end
                            ^^^
../src/app.wat.patched:113656:25: error: type mismatch at end of block, expected [] but got [f64]
                        end
                        ^^^
../src/app.wat.patched:113662:23: error: type mismatch at end of loop, expected [] but got [i32]
                      end
                      ^^^
../src/app.wat.patched:113663:23: error: type mismatch in local.set, expected [i32] but got []
                      local.set 5
                      ^^^^^^^^^
../src/app.wat.patched:113681:25: error: type mismatch in call, expected [i32, i32, i32] but got [i32]
                        call 302
                        ^^^^
../src/app.wat.patched:113767:29: error: type mismatch in call, expected [i32, i32] but got [i32]
                            call 405
                            ^^^^
../src/app.wat.patched:113768:27: error: type mismatch at end of `if true` branch, expected [] but got [i32]
                          end
                          ^^^
../src/app.wat.patched:113817:23: error: type mismatch in call, expected [i32, i32] but got [i32]
                      call 405
                      ^^^^
../src/app.wat.patched:113818:21: error: type mismatch at end of `if true` branch, expected [] but got [i32]
                    end
                    ^^^
../src/app.wat.patched:113932:17: error: type mismatch in call, expected [i32, i32, i32, i32, i32, i32, i64, i64, i64] but got [i32, i32, i32]
                call 484
                ^^^^
../src/app.wat.patched:113976:11: error: type mismatch in call, expected [i32, i32, i32, i32, i32, i32, i64, i64, i64] but got [i32, i32, i32]
          call 484
          ^^^^
../src/app.wat.patched:113990:13: error: type mismatch in call, expected [i32, i32] but got [... i64, i32]
            call 319
            ^^^^
../src/app.wat.patched:114000:15: error: type mismatch in call, expected [i32, i32, i32] but got [i32, i32]
              call 273
              ^^^^
../src/app.wat.patched:114001:13: error: type mismatch at end of `if true` branch, expected [] but got [i32]
            end
            ^^^
../src/app.wat.patched:114261:23: error: type mismatch in call, expected [i32, i32] but got [i32]
                      call 405
                      ^^^^
../src/app.wat.patched:114316:9: error: type mismatch in call, expected [i32, i32, i32] but got [i32]
        call 302
        ^^^^
../src/app.wat.patched:114357:11: error: type mismatch in call, expected [i32, i32] but got [i32]
          call 405
          ^^^^
../src/app.wat.patched:114394:19: error: type mismatch in call, expected [i32] but got [... f64]
                  call 492
                  ^^^^
../src/app.wat.patched:114796:9: error: type mismatch in call, expected [f64] but got [i32]
        call 382
        ^^^^
../src/app.wat.patched:114806:7: error: type mismatch at end of loop, expected [] but got [f64]
      end
      ^^^
../src/app.wat.patched:115327:5: error: type mismatch in call, expected [i32, f64, f64, f64, f64, f64, i32, f32, f32, i32, i32] but got [i32, i32]
    call 409
    ^^^^
../src/app.wat.patched:115562:5: error: type mismatch in call, expected [i32, f64, f64, f64, f64, f64, i32, f32, f32, i32, i32] but got [i32, i32]
    call 409
    ^^^^
../src/app.wat.patched:115692:11: error: type mismatch in call, expected [i32, i32] but got [i32]
          call 405
          ^^^^
../src/app.wat.patched:115693:9: error: type mismatch at end of block, expected [] but got [i32]
        end
        ^^^
../src/app.wat.patched:116912:41: error: type mismatch at end of loop, expected [] but got [... i32, i32, i32, i32]
                                        end
                                        ^^^
../src/app.wat.patched:117094:7: error: type mismatch at end of block, expected [] but got [... i32, i32, i32, i32]
      end
      ^^^
../src/app.wat.patched:117552:7: error: type mismatch in call, expected [i32, f64, f64, i32] but got [... i32, i32, i32, i32]
      call 246
      ^^^^
../src/app.wat.patched:117556:5: error: type mismatch at end of `if true` branch, expected [] but got [i32]
    end
    ^^^
../src/app.wat.patched:117619:9: error: type mismatch in call, expected [f64, i32, i32] but got []
        call 233
        ^^^^
../src/app.wat.patched:117620:9: error: type mismatch in local.tee, expected [i32] but got [f64]
        local.tee 2
        ^^^^^^^^^
../src/app.wat.patched:117634:7: error: type mismatch at end of `if true` branch, expected [] but got [... i32, i32, i32, i32]
      end
      ^^^
../src/app.wat.patched:117640:7: error: type mismatch in call, expected [i32, i32] but got [... f64, f64]
      call 141
      ^^^^
../src/app.wat.patched:117647:5: error: type mismatch at end of `if false` branch, expected [] but got [i32, i32]
    end
    ^^^
../src/app.wat.patched:117720:17: error: type mismatch in call, expected [i32, i32, i32] but got [i32]
                call 302
                ^^^^
../src/app.wat.patched:117785:15: error: type mismatch at end of `if true` branch, expected [] but got [i32]
              end
              ^^^
../src/app.wat.patched:117878:19: error: type mismatch in call, expected [i32, i32, i32] but got [i32]
                  call 302
                  ^^^^
../src/app.wat.patched:117881:19: error: type mismatch in br_if, expected [i32] but got []
                  br_if 6 (;@1;)
                  ^^^^^
../src/app.wat.patched:117882:17: error: type mismatch at end of block, expected [] but got [i32]
                end
                ^^^
../src/app.wat.patched:117917:17: error: type mismatch at end of `if true` branch, expected [] but got [i32]
                end
                ^^^
../src/app.wat.patched:117977:7: error: type mismatch at end of block, expected [] but got [i32]
      end
      ^^^
../src/app.wat.patched:117978:7: error: type mismatch in local.set, expected [i32] but got []
      local.set 8
      ^^^^^^^^^
../src/app.wat.patched:118006:45: error: type mismatch in call, expected [i32, i32, i32, i32, i32, i32] but got []
                                            call 389
                                            ^^^^
../src/app.wat.patched:118010:43: error: type mismatch in call, expected [i32, i32] but got [i32]
                                          call 193
                                          ^^^^
../src/app.wat.patched:118011:43: error: type mismatch in i32.eqz, expected [i32] but got []
                                          i32.eqz
                                          ^^^^^^^
../src/app.wat.patched:118209:45: error: type mismatch in call, expected [i32, i32] but got [i32]
                                            call 405
                                            ^^^^
../src/app.wat.patched:118210:43: error: type mismatch at end of block, expected [] but got [i32]
                                          end
                                          ^^^
../src/app.wat.patched:118259:39: error: type mismatch in call, expected [i32, i32] but got [i32]
                                      call 405
                                      ^^^^
../src/app.wat.patched:118314:51: error: type mismatch in call, expected [i32, i32] but got [... i64, i32]
                                                  call 372
                                                  ^^^^
../src/app.wat.patched:118328:51: error: type mismatch in call, expected [i32, i32] but got [... i64, i32]
                                                  call 418
                                                  ^^^^
../src/app.wat.patched:118331:49: error: type mismatch at end of `if true` branch, expected [] but got [i32]
                                                end
                                                ^^^
../src/app.wat.patched:118428:47: error: type mismatch in call, expected [i32, i32] but got [i32]
                                              call 405
                                              ^^^^
../src/app.wat.patched:118470:45: error: type mismatch in call, expected [i32, i32] but got [i32]
                                            call 405
                                            ^^^^
../src/app.wat.patched:118509:41: error: type mismatch at end of block, expected [] but got [i32]
                                        end
                                        ^^^
../src/app.wat.patched:118648:21: error: type mismatch in call, expected [i32, i32] but got [i32]
                    call 405
                    ^^^^
../src/app.wat.patched:118649:19: error: type mismatch at end of block, expected [] but got [i32]
                  end
                  ^^^
../src/app.wat.patched:118699:21: error: type mismatch in call, expected [i32, i32] but got [i32]
                    call 405
                    ^^^^
../src/app.wat.patched:118700:19: error: type mismatch at end of `if true` branch, expected [] but got [i32]
                  end
                  ^^^
../src/app.wat.patched:118743:19: error: type mismatch in call, expected [f64] but got [i32]
                  call 500
                  ^^^^
../src/app.wat.patched:118774:23: error: type mismatch in call, expected [i32, i32, i32] but got [i32]
                      call 302
                      ^^^^
../src/app.wat.patched:118897:41: error: type mismatch in call, expected [i32] but got [... f64]
                                        call 129
                                        ^^^^
../src/app.wat.patched:118907:37: error: type mismatch at end of block, expected [] but got [i32, f64, i32]
                                    end
                                    ^^^
../src/app.wat.patched:118912:37: error: type mismatch in local.tee, expected [f64] but got [i32]
                                    local.tee 52
                                    ^^^^^^^^^
../src/app.wat.patched:119223:43: error: type mismatch in call, expected [i32] but got [... f64]
                                          call 7
                                          ^^^^
../src/app.wat.patched:119231:41: error: type mismatch at end of block, expected [] but got [i32, f64, f64, f64]
                                        end
                                        ^^^
../src/app.wat.patched:119258:35: error: type mismatch at end of block, expected [] but got [i32, i32]
                                  end
                                  ^^^
../src/app.wat.patched:119277:33: error: type mismatch at end of loop, expected [] but got [i32, i32]
                                end
                                ^^^
../src/app.wat.patched:119420:45: error: type mismatch in call, expected [i32, i32] but got [i32]
                                            call 405
                                            ^^^^
../src/app.wat.patched:119465:43: error: type mismatch in call, expected [i32, i32] but got [i32]
                                          call 405
                                          ^^^^
../src/app.wat.patched:119573:39: error: type mismatch at end of loop, expected [] but got [i32, i32]
                                      end
                                      ^^^
../src/app.wat.patched:119594:31: error: type mismatch in call, expected [i32, i32] but got [i32]
                              call 220
                              ^^^^
../src/app.wat.patched:119603:29: error: type mismatch in call, expected [i32] but got [... f64]
                            call 7
                            ^^^^
../src/app.wat.patched:119620:31: error: type mismatch in call, expected [i32, i32, i32, i32] but got [i32]
                              call 380
                              ^^^^
../src/app.wat.patched:119637:29: error: type mismatch in call, expected [i32, i32, i32, i32] but got [... f64, f64, f64, i32]
                            call 226
                            ^^^^
../src/app.wat.patched:119773:45: error: type mismatch in call, expected [i32, i32, i32] but got [i32]
                                            call 302
                                            ^^^^
../src/app.wat.patched:119823:43: error: type mismatch in call, expected [i32, i32, i32] but got [i32]
                                          call 302
                                          ^^^^
../src/app.wat.patched:119888:39: error: type mismatch at end of `if true` branch, expected [] but got [i32]
                                      end
                                      ^^^
../src/app.wat.patched:119943:41: error: type mismatch in call, expected [i32, i32, i32, i32] but got [i32]
                                        call 347
                                        ^^^^
../src/app.wat.patched:120142:41: error: type mismatch in call, expected [f64, f64] but got [... i32, i32]
                                        call 331
                                        ^^^^
../src/app.wat.patched:120155:39: error: type mismatch in call, expected [f64, f64] but got [... i32, i32]
                                      call 331
                                      ^^^^
../src/app.wat.patched:120217:37: error: type mismatch in call, expected [i32, i32, i32, i32, i32, i32] but got [i32, i32, i32, i32]
                                    call 253
                                    ^^^^
../src/app.wat.patched:120359:47: error: type mismatch in call, expected [i32] but got [... f64]
                                              call 7
                                              ^^^^
../src/app.wat.patched:120371:47: error: type mismatch in call, expected [i32, i32] but got [... i64, i32]
                                              call 319
                                              ^^^^
../src/app.wat.patched:120618:49: error: type mismatch in call, expected [i32, i32] but got [... i64, i32]
                                                call 319
                                                ^^^^
../src/app.wat.patched:120805:49: error: type mismatch in call, expected [f64, f64] but got [... i32, i32]
                                                call 331
                                                ^^^^
../src/app.wat.patched:120806:47: error: type mismatch at end of block, expected [] but got [i32, f64]
                                              end
                                              ^^^
../src/app.wat.patched:120810:45: error: type mismatch at end of block, expected [] but got [i32, f64, f64, f64]
                                            end
                                            ^^^
../src/app.wat.patched:120832:41: error: type mismatch in call, expected [i32, i32, i32, i32, i32, i32] but got [i32, i32, i32, i32]
                                        call 253
                                        ^^^^
../src/app.wat.patched:120921:47: error: type mismatch in call, expected [i32, i32, i32, i32, i32, i32] but got [i32, i32, i32, i32]
                                              call 253
                                              ^^^^
../src/app.wat.patched:121018:45: error: type mismatch in call, expected [i32, i32, i32, i32, i32, i32] but got [i32, i32, i32, i32]
                                            call 253
                                            ^^^^
../src/app.wat.patched:121168:49: error: type mismatch in call, expected [i32, i32] but got [i32]
                                                call 405
                                                ^^^^
../src/app.wat.patched:121205:47: error: type mismatch in call, expected [i32, i32] but got [i32]
                                              call 405
                                              ^^^^
../src/app.wat.patched:121223:33: error: type mismatch in call, expected [i32, i32] but got [i32]
                                call 220
                                ^^^^
../src/app.wat.patched:121377:21: error: type mismatch in call, expected [i32, i32, f64, f64, f64, f64] but got [i32]
                    call 538
                    ^^^^
../src/app.wat.patched:121378:21: error: type mismatch in local.set, expected [i32] but got []
                    local.set 6
                    ^^^^^^^^^
../src/app.wat.patched:121436:19: error: type mismatch in call, expected [i32] but got [... f64]
                  call 129
                  ^^^^
../src/app.wat.patched:121437:17: error: type mismatch at end of block, expected [] but got [i32]
                end
                ^^^
../src/app.wat.patched:121439:17: error: type mismatch in call, expected [i32, i32] but got [i32]
                call 22
                ^^^^
../src/app.wat.patched:121441:17: error: type mismatch in call, expected [i32, i32] but got [i32]
                call 66
                ^^^^
../src/app.wat.patched:121465:17: error: type mismatch in call, expected [i32] but got [... f64]
                call 94
                ^^^^
../src/app.wat.patched:121499:19: error: type mismatch in call, expected [i32, i32, i32] but got [i32, i32]
                  call 140
                  ^^^^
../src/app.wat.patched:121568:19: error: type mismatch in call, expected [i32, f64, f64, f64, f64] but got [i32, i32]
                  call 8
                  ^^^^
../src/app.wat.patched:121596:17: error: type mismatch in call, expected [i32, f64, f64, f64, f64, f64] but got [... f64, i32, i32, i32, f64, f64]
                call 80
                ^^^^
../src/app.wat.patched:121598:17: error: type mismatch in call, expected [i32, i32, i32, i32, i32] but got [f64, i32, f64, f64, i32]
                call 186
                ^^^^
../src/app.wat.patched:121660:15: error: type mismatch at end of `if true` branch, expected [] but got [... i32, f64, i32, i32]
              end
              ^^^
../src/app.wat.patched:121697:15: error: type mismatch at end of `if true` branch, expected [] but got [... i32, f64, i32, i32]
              end
              ^^^
../src/app.wat.patched:121705:15: error: type mismatch in call, expected [i32, i32, i32] but got [i32]
              call 302
              ^^^^
../src/app.wat.patched:121710:15: error: type mismatch in call, expected [i32, i32, i32] but got [i32]
              call 302
              ^^^^
../src/app.wat.patched:121715:15: error: type mismatch in call, expected [i32, i32, i32] but got [i32]
              call 302
              ^^^^
../src/app.wat.patched:121720:15: error: type mismatch in call, expected [i32, i32, i32] but got [i32]
              call 302
              ^^^^
../src/app.wat.patched:121725:15: error: type mismatch in call, expected [i32, i32, i32] but got [i32]
              call 302
              ^^^^
../src/app.wat.patched:121730:15: error: type mismatch in call, expected [i32, i32, i32] but got [i32]
              call 302
              ^^^^
../src/app.wat.patched:121735:15: error: type mismatch in call, expected [i32, i32, i32] but got [i32]
              call 302
              ^^^^
../src/app.wat.patched:121740:15: error: type mismatch in call, expected [i32, i32, i32] but got [i32]
              call 302
              ^^^^
../src/app.wat.patched:121745:15: error: type mismatch in call, expected [i32, i32, i32] but got [i32]
              call 302
              ^^^^
../src/app.wat.patched:121878:17: error: type mismatch in call, expected [i32, i32, i32] but got [i32]
                call 302
                ^^^^
../src/app.wat.patched:122139:33: error: type mismatch in call, expected [i32, i32, i32] but got [i32]
                                call 341
                                ^^^^
../src/app.wat.patched:122248:33: error: type mismatch in call, expected [i32, i32, i32, i32] but got [i32]
                                call 347
                                ^^^^
../src/app.wat.patched:122298:31: error: type mismatch in call, expected [i32, i32, i32] but got [i32]
                              call 341
                              ^^^^
../src/app.wat.patched:122377:17: error: type mismatch in call, expected [i32, i32, i32] but got [i32]
                call 341
                ^^^^
../src/app.wat.patched:122493:23: error: type mismatch in call, expected [i32, f64, i32, i32] but got [... i32, i32, i32, i32]
                      call 452
                      ^^^^
../src/app.wat.patched:122755:37: error: type mismatch in call, expected [i32, f64, f64, f64, f64] but got [i32, i32]
                                    call 95
                                    ^^^^
../src/app.wat.patched:122938:41: error: type mismatch at end of loop, expected [] but got [i32, i32, i32, i32]
                                        end
                                        ^^^
../src/app.wat.patched:122991:35: error: type mismatch in call, expected [i32, f64, i32, i32] but got [... i32, i32, i32, i32]
                                  call 452
                                  ^^^^
../src/app.wat.patched:123221:45: error: type mismatch at end of loop, expected [] but got [i32, i32, i32, i32]
                                            end
                                            ^^^
../src/app.wat.patched:123311:43: error: type mismatch at end of loop, expected [] but got [i32, i32, i32, i32]
                                          end
                                          ^^^
../src/app.wat.patched:123429:35: error: type mismatch at end of block, expected [] but got [... i32, i32, i32, i32]
                                  end
                                  ^^^
../src/app.wat.patched:123436:35: error: type mismatch in call, expected [i32, i32, i32] but got [i32, i32]
                                  call 165
                                  ^^^^
../src/app.wat.patched:123537:77: error: type mismatch in call, expected [i32, i32] but got [i32]
...                                                                     call 405
                                                                        ^^^^
../src/app.wat.patched:123538:75: error: type mismatch at end of `if true` branch, expected [] but got [i32]
                                                                          end
                                                                          ^^^
../src/app.wat.patched:123580:75: error: type mismatch in call, expected [i32, i32, i32] but got [i32, i32]
...                                                                     call 352
                                                                        ^^^^
../src/app.wat.patched:123619:77: error: type mismatch in call, expected [i32, i32] but got [i32]
...                                                                     call 405
                                                                        ^^^^
../src/app.wat.patched:123620:75: error: type mismatch at end of `if true` branch, expected [] but got [i32]
                                                                          end
                                                                          ^^^
../src/app.wat.patched:123654:77: error: type mismatch in call, expected [i32, i32] but got [i32]
...                                                                     call 405
                                                                        ^^^^
../src/app.wat.patched:123655:75: error: type mismatch at end of `if true` branch, expected [] but got [i32]
                                                                          end
                                                                          ^^^
../src/app.wat.patched:123696:77: error: type mismatch in call, expected [i32, i32] but got [i32]
...                                                                     call 405
                                                                        ^^^^
../src/app.wat.patched:123697:75: error: type mismatch at end of `if true` branch, expected [] but got [i32]
                                                                          end
                                                                          ^^^
../src/app.wat.patched:123738:77: error: type mismatch in call, expected [i32, i32] but got [i32]
...                                                                     call 405
                                                                        ^^^^
../src/app.wat.patched:123739:75: error: type mismatch at end of `if true` branch, expected [] but got [i32]
                                                                          end
                                                                          ^^^
../src/app.wat.patched:123792:77: error: type mismatch in call, expected [i32, i32] but got [i32]
...                                                                     call 405
                                                                        ^^^^
../src/app.wat.patched:123793:75: error: type mismatch at end of `if true` branch, expected [] but got [i32]
                                                                          end
                                                                          ^^^
../src/app.wat.patched:123834:77: error: type mismatch in call, expected [i32, i32] but got [i32]
...                                                                     call 405
                                                                        ^^^^
../src/app.wat.patched:123835:75: error: type mismatch at end of `if true` branch, expected [] but got [i32]
                                                                          end
                                                                          ^^^
../src/app.wat.patched:123879:77: error: type mismatch in call, expected [i32, i32] but got [i32]
...                                                                     call 405
                                                                        ^^^^
../src/app.wat.patched:123880:75: error: type mismatch at end of `if true` branch, expected [] but got [i32]
                                                                          end
                                                                          ^^^
../src/app.wat.patched:123925:77: error: type mismatch in call, expected [i32, i32] but got [i32]
...                                                                     call 405
                                                                        ^^^^
../src/app.wat.patched:123926:75: error: type mismatch at end of `if true` branch, expected [] but got [i32]
                                                                          end
                                                                          ^^^
../src/app.wat.patched:123972:77: error: type mismatch in call, expected [i32, i32] but got [i32]
...                                                                     call 405
                                                                        ^^^^
../src/app.wat.patched:123973:75: error: type mismatch at end of `if true` branch, expected [] but got [i32]
                                                                          end
                                                                          ^^^
../src/app.wat.patched:124014:77: error: type mismatch in call, expected [i32, i32] but got [i32]
...                                                                     call 405
                                                                        ^^^^
../src/app.wat.patched:124015:75: error: type mismatch at end of `if true` branch, expected [] but got [i32]
                                                                          end
                                                                          ^^^
../src/app.wat.patched:124056:77: error: type mismatch in call, expected [i32, i32] but got [i32]
...                                                                     call 405
                                                                        ^^^^
../src/app.wat.patched:124057:75: error: type mismatch at end of `if true` branch, expected [] but got [i32]
                                                                          end
                                                                          ^^^
../src/app.wat.patched:124102:77: error: type mismatch in call, expected [i32, i32] but got [i32]
...                                                                     call 405
                                                                        ^^^^
../src/app.wat.patched:124103:75: error: type mismatch at end of `if true` branch, expected [] but got [i32]
                                                                          end
                                                                          ^^^
../src/app.wat.patched:124247:21: error: type mismatch in call, expected [i32, i32, i32, i32, i32] but got [i64, i64, i32, i32]
                    call 338
                    ^^^^
../src/app.wat.patched:124248:21: error: type mismatch in local.tee, expected [i64] but got [i32]
                    local.tee 44
                    ^^^^^^^^^
../src/app.wat.patched:124366:21: error: type mismatch in call, expected [i32, i32, f64, f64, f64, f64] but got [i32]
                    call 167
                    ^^^^
../src/app.wat.patched:124367:21: error: type mismatch in i32.eqz, expected [i32] but got []
                    i32.eqz
                    ^^^^^^^
../src/app.wat.patched:124420:21: error: type mismatch in call, expected [i32, i32] but got [... f64, f64]
                    call 166
                    ^^^^
../src/app.wat.patched:124440:19: error: type mismatch in call, expected [i32, i32, i32] but got [i32]
                  call 302
                  ^^^^
../src/app.wat.patched:124459:19: error: type mismatch in call, expected [f64, i32, i32] but got []
                  call 233
                  ^^^^
../src/app.wat.patched:124460:19: error: type mismatch in local.tee, expected [i32] but got [f64]
                  local.tee 9
                  ^^^^^^^^^
../src/app.wat.patched:124476:17: error: type mismatch at end of `if true` branch, expected [] but got [... i32, i32, i32, i32]
                end
                ^^^
../src/app.wat.patched:124485:17: error: type mismatch in call, expected [f64, i32, i32] but got []
                call 233
                ^^^^
../src/app.wat.patched:124486:17: error: type mismatch in local.tee, expected [i32] but got [f64]
                local.tee 12
                ^^^^^^^^^
../src/app.wat.patched:124490:17: error: type mismatch in call, expected [i32, i32, f64] but got [... i32, i32, i32]
                call 177
                ^^^^
../src/app.wat.patched:124525:15: error: type mismatch at end of `if false` branch, expected [] but got [i32]
              end
              ^^^
../src/app.wat.patched:124570:7: error: type mismatch in call, expected [f64, i32, i32] but got []
      call 233
      ^^^^
../src/app.wat.patched:124571:7: error: type mismatch in local.tee, expected [i32] but got [f64]
      local.tee 0
      ^^^^^^^^^
../src/app.wat.patched:124583:5: error: type mismatch at end of `if true` branch, expected [] but got [... i32, i32, i32, i32]
    end
    ^^^
../src/app.wat.patched:124584:5: error: type mismatch in call, expected [f64, i32, i32] but got []
    call 233
    ^^^^
../src/app.wat.patched:124585:5: error: type mismatch in local.tee, expected [i32] but got [f64]
    local.tee 1
    ^^^^^^^^^
../src/app.wat.patched:124587:5: error: type mismatch in call, expected [i32, i32, i32] but got [i32, i32]
    call 72
    ^^^^
../src/app.wat.patched:124620:7: error: type mismatch in call, expected [i32, i32] but got [i32]
      call 57
      ^^^^
../src/app.wat.patched:124664:7: error: type mismatch in call, expected [i32, i32] but got []
      call 529
      ^^^^
../src/app.wat.patched:127346:11: error: type mismatch in call, expected [i32, i32, i32] but got [i32]
          call 302
          ^^^^
../src/app.wat.patched:128043:15: error: type mismatch at end of block, expected [] but got [i32]
              end
              ^^^
../src/app.wat.patched:130054:23: error: type mismatch at end of block, expected [] but got [i32, i32]
                      end
                      ^^^
../src/app.wat.patched:130884:11: error: type mismatch at end of block, expected [] but got [i32]
          end
          ^^^
../src/app.wat.patched:131119:7: error: type mismatch at end of block, expected [] but got [i32]
      end
      ^^^
../src/app.wat.patched:131363:13: error: type mismatch in call, expected [i32, f64, f64, f64, f64, f64] but got [i32, i32, i32]
            call 535
            ^^^^
../src/app.wat.patched:131377:13: error: type mismatch in call, expected [i32, f64, f64, f64, f64, f64] but got [i32, i32, i32]
            call 535
            ^^^^
../src/app.wat.patched:131480:13: error: type mismatch in call, expected [i32, f64, f64, f64, f64, f64] but got [i32, i32, i32]
            call 535
            ^^^^
../src/app.wat.patched:131494:13: error: type mismatch in call, expected [i32, f64, f64, f64, f64, f64] but got [i32, i32, i32]
            call 535
            ^^^^
../src/app.wat.patched:131599:13: error: type mismatch in call, expected [i32, f64, f64, f64, f64, f64] but got [i32, i32, i32]
            call 535
            ^^^^
../src/app.wat.patched:131609:13: error: type mismatch in call, expected [i32, f64, f64, f64, f64, f64] but got [i32, i32, i32]
            call 535
            ^^^^
../src/app.wat.patched:131732:19: error: type mismatch in call, expected [i32, f64, f64, f64, f64, f64] but got [i32, i32, i32]
                  call 535
                  ^^^^
../src/app.wat.patched:131748:19: error: type mismatch in call, expected [i32, f64, f64, f64, f64, f64] but got [i32, i32, i32]
                  call 535
                  ^^^^
../src/app.wat.patched:131891:23: error: type mismatch in call, expected [i32, f64, f64, f64, f64, f64] but got [i32, i32, i32]
                      call 535
                      ^^^^
../src/app.wat.patched:131907:23: error: type mismatch in call, expected [i32, f64, f64, f64, f64, f64] but got [i32, i32, i32]
                      call 535
                      ^^^^
../src/app.wat.patched:132044:23: error: type mismatch in call, expected [i32, f64, f64, f64, f64, f64] but got [i32, i32, i32]
                      call 535
                      ^^^^
../src/app.wat.patched:132056:23: error: type mismatch in call, expected [i32, f64, f64, f64, f64, f64] but got [i32, i32, i32]
                      call 535
                      ^^^^
../src/app.wat.patched:132204:23: error: type mismatch in call, expected [i32, f64, f64, f64, f64, f64] but got [i32, i32, i32]
                      call 535
                      ^^^^
../src/app.wat.patched:132222:23: error: type mismatch in call, expected [i32, f64, f64, f64, f64, f64] but got [i32, i32, i32]
                      call 535
                      ^^^^
../src/app.wat.patched:132371:23: error: type mismatch in call, expected [i32, f64, f64, f64, f64, f64] but got [i32, i32, i32]
                      call 535
                      ^^^^
../src/app.wat.patched:132387:23: error: type mismatch in call, expected [i32, f64, f64, f64, f64, f64] but got [i32, i32, i32]
                      call 535
                      ^^^^
../src/app.wat.patched:132564:23: error: type mismatch in call, expected [i32, f64, f64, f64, f64, f64] but got [i32, i32, i32]
                      call 535
                      ^^^^
../src/app.wat.patched:132949:21: error: type mismatch in call, expected [i32, f64, f64, f64, f64, f64] but got [i32, i32, i32]
                    call 535
                    ^^^^
../src/app.wat.patched:132963:21: error: type mismatch in call, expected [i32, f64, f64, f64, f64, f64] but got [i32, i32, i32]
                    call 535
                    ^^^^
../src/app.wat.patched:133098:21: error: type mismatch in call, expected [i32, f64, f64, f64, f64, f64] but got [i32, i32, i32]
                    call 535
                    ^^^^
../src/app.wat.patched:133114:21: error: type mismatch in call, expected [i32, f64, f64, f64, f64, f64] but got [i32, i32, i32]
                    call 535
                    ^^^^
../src/app.wat.patched:133248:21: error: type mismatch in call, expected [i32, f64, f64, f64, f64, f64] but got [i32, i32, i32]
                    call 535
                    ^^^^
../src/app.wat.patched:133260:21: error: type mismatch in call, expected [i32, f64, f64, f64, f64, f64] but got [i32, i32, i32]
                    call 535
                    ^^^^
../src/app.wat.patched:133394:21: error: type mismatch in call, expected [i32, f64, f64, f64, f64, f64] but got [i32, i32, i32]
                    call 535
                    ^^^^
../src/app.wat.patched:133406:21: error: type mismatch in call, expected [i32, f64, f64, f64, f64, f64] but got [i32, i32, i32]
                    call 535
                    ^^^^
../src/app.wat.patched:133561:21: error: type mismatch in call, expected [i32, f64, f64, f64, f64, f64] but got [i32, i32, i32]
                    call 535
                    ^^^^
../src/app.wat.patched:133573:21: error: type mismatch in call, expected [i32, f64, f64, f64, f64, f64] but got [i32, i32, i32]
                    call 535
                    ^^^^
../src/app.wat.patched:133924:9: error: type mismatch at end of loop, expected [] but got [i32, i32, i32, i32]
        end
        ^^^
../src/app.wat.patched:134028:7: error: type mismatch at end of block, expected [] but got [... i32, i32, i32, i32]
      end
      ^^^
../src/app.wat.patched:134141:5: error: type mismatch at end of block, expected [] but got [i32]
    end
    ^^^
../src/app.wat.patched:134155:7: error: type mismatch in call, expected [i32, i32, i32, i32] but got []
      call 335
      ^^^^
../src/app.wat.patched:134527:9: error: type mismatch in call, expected [i32, f64, f64, i32] but got [... i32, i32, i32, i32]
        call 246
        ^^^^
../src/app.wat.patched:134534:7: error: type mismatch at end of `if true` branch, expected [] but got [i32]
      end
      ^^^
../src/app.wat.patched:134577:9: error: type mismatch in call, expected [i32, f64, f64, i32] but got [... i32, i32, i32, i32]
        call 246
        ^^^^
../src/app.wat.patched:134591:7: error: type mismatch at end of `if true` branch, expected [] but got [i32]
      end
      ^^^
../src/app.wat.patched:134619:9: error: type mismatch in call, expected [i32, f64, f64, i32] but got [... i32, i32, i32, i32]
        call 246
        ^^^^
../src/app.wat.patched:134626:7: error: type mismatch at end of `if true` branch, expected [] but got [i32]
      end
      ^^^
../src/app.wat.patched:136248:17: error: type mismatch in call, expected [i32, i32, i32] but got [i32]
                call 302
                ^^^^
../src/app.wat.patched:136367:23: error: type mismatch in call, expected [i32, f64, f64, i32] but got [... i32, i32, i32, i32]
                      call 246
                      ^^^^
../src/app.wat.patched:136371:21: error: type mismatch at end of `if true` branch, expected [] but got [i32]
                    end
                    ^^^
../src/app.wat.patched:136845:19: error: type mismatch in call, expected [i32, i32, i32] but got [i32]
                  call 302
                  ^^^^
../src/app.wat.patched:136968:21: error: type mismatch in f64.add, expected [f64, f64] but got [... i32, f64]
                    f64.add
                    ^^^^^^^
../src/app.wat.patched:137117:21: error: type mismatch in call, expected [i32, i32, i32] but got [f64, i32]
                    call 302
                    ^^^^
../src/app.wat.patched:137193:21: error: type mismatch in call, expected [i32, i32, i32] but got [i32, i32]
                    call 302
                    ^^^^
../src/app.wat.patched:137242:19: error: type mismatch at end of `if true` branch, expected [] but got [i32]
                  end
                  ^^^
../src/app.wat.patched:137352:31: error: type mismatch in call, expected [i32, i32, i32] but got [f64]
                              call 441
                              ^^^^
../src/app.wat.patched:137393:27: error: type mismatch in call, expected [i32, i32, i32] but got [f64]
                          call 441
                          ^^^^
../src/app.wat.patched:137438:27: error: type mismatch in call, expected [i32, i32, i32] but got [f64]
                          call 441
                          ^^^^
../src/app.wat.patched:137787:41: error: type mismatch in call, expected [i32, i32, i32, i32] but got [i32, i32]
                                        call 242
                                        ^^^^
../src/app.wat.patched:137900:41: error: type mismatch in call, expected [i32, i32, i32] but got [i32, i32]
                                        call 302
                                        ^^^^
../src/app.wat.patched:138007:45: error: type mismatch in call, expected [i32, i32] but got [i32]
                                            call 405
                                            ^^^^
../src/app.wat.patched:138078:47: error: type mismatch in call, expected [i32, i32, f64, f64, f64, f64, f64, f64, f64, f64] but got [i32, f64, f64, i32, f64, i32, f64, i64]
                                              call 554
                                              ^^^^
../src/app.wat.patched:138115:45: error: type mismatch in call, expected [i32, i32] but got [i32]
                                            call 405
                                            ^^^^
../src/app.wat.patched:138117:43: error: type mismatch at end of block, expected [] but got [i32]
                                          end
                                          ^^^
../src/app.wat.patched:138179:43: error: type mismatch in call, expected [i32, i32, i32] but got [i32]
                                          call 302
                                          ^^^^
../src/app.wat.patched:138238:39: error: type mismatch at end of `if true` branch, expected [] but got [i32]
                                      end
                                      ^^^
../src/app.wat.patched:138356:37: error: type mismatch at end of `if true` branch, expected [] but got [i32]
                                    end
                                    ^^^
../src/app.wat.patched:138371:39: error: type mismatch at end of `if true` branch, expected [] but got [i32]
                                      i32.load
                                      ^^^^^^^^
../src/app.wat.patched:138429:35: error: type mismatch at end of `if false` branch, expected [] but got [i32]
                                  end
                                  ^^^
../src/app.wat.patched:138431:35: error: type mismatch in call, expected [i32, i32, i32, i32, i32, i32] but got [i32, i32]
                                  call 362
                                  ^^^^
../src/app.wat.patched:138505:27: error: type mismatch at end of `if true` branch, expected [] but got [i32]
                          end
                          ^^^
../src/app.wat.patched:138520:29: error: type mismatch at end of `if true` branch, expected [] but got [i32]
                            i32.load
                            ^^^^^^^^
../src/app.wat.patched:138580:25: error: type mismatch at end of `if false` branch, expected [] but got [i32]
                        end
                        ^^^
../src/app.wat.patched:138582:25: error: type mismatch in call, expected [i32, i32, i32, i32, i32, i32] but got [i32, i32]
                        call 362
                        ^^^^
../src/app.wat.patched:138646:27: error: type mismatch at end of `if true` branch, expected [] but got [i32]
                          end
                          ^^^
../src/app.wat.patched:138661:29: error: type mismatch at end of `if true` branch, expected [] but got [i32]
                            i32.load
                            ^^^^^^^^
../src/app.wat.patched:138729:25: error: type mismatch at end of `if false` branch, expected [] but got [i32]
                        end
                        ^^^
../src/app.wat.patched:138731:25: error: type mismatch in call, expected [i32, i32, i32, i32, i32, i32] but got [i32, i32]
                        call 362
                        ^^^^
../src/app.wat.patched:138785:25: error: type mismatch in local.tee, expected [i64] but got [... i32]
                        local.tee 36
                        ^^^^^^^^^
../src/app.wat.patched:138907:25: error: type mismatch at end of `if true` branch, expected [] but got [i64, i64]
                        select
                        ^^^^^^
../src/app.wat.patched:138960:21: error: type mismatch in call, expected [i32, i32, i32] but got [i32, i32]
                    call 352
                    ^^^^
../src/app.wat.patched:138975:23: error: type mismatch in call, expected [f64, i32, i32] but got []
                      call 233
                      ^^^^
../src/app.wat.patched:138976:23: error: type mismatch in local.tee, expected [i32] but got [f64]
                      local.tee 3
                      ^^^^^^^^^
../src/app.wat.patched:139038:25: error: type mismatch in call, expected [i32, i32] but got [i32]
                        call 405
                        ^^^^
../src/app.wat.patched:139113:11: error: type mismatch in call, expected [i32, i32] but got [i32]
          call 405
          ^^^^
../src/app.wat.patched:139114:9: error: type mismatch at end of `if false` branch, expected [] but got [i32]
        end
        ^^^
../src/app.wat.patched:139172:7: error: type mismatch in call, expected [f64] but got [... i32]
      call 442
      ^^^^
../src/app.wat.patched:139172:7: error: type mismatch at end of `if true` branch, expected [] but got [i32]
      call 442
      ^^^^
../src/app.wat.patched:139837:31: error: type mismatch in call, expected [i32, i32] but got [i32]
                              call 405
                              ^^^^
../src/app.wat.patched:139838:29: error: type mismatch at end of `if true` branch, expected [] but got [i32]
                            end
                            ^^^
../src/app.wat.patched:139941:21: error: type mismatch in call, expected [i32, i32] but got [i32]
                    call 405
                    ^^^^
../src/app.wat.patched:139942:19: error: type mismatch at end of `if true` branch, expected [] but got [i32]
                  end
                  ^^^
../src/app.wat.patched:139992:13: error: type mismatch in call, expected [i32, i32] but got [i32]
            call 405
            ^^^^
../src/app.wat.patched:139993:11: error: type mismatch at end of block, expected [] but got [i32]
          end
          ^^^
../src/app.wat.patched:140280:7: error: type mismatch at end of block, expected [] but got [i32]
      end
      ^^^
../src/app.wat.patched:141138:239: error: type mismatch in call, expected [i32, i32] but got [i32]
...                                                                      call 57
                                                                         ^^^^
../src/app.wat.patched:141175:245: error: type mismatch in call, expected [i32, i32] but got [i32]
...                                                                      call 57
                                                                         ^^^^
../src/app.wat.patched:141203:245: error: type mismatch in call, expected [i32, i32] but got [i32]
...                                                                      call 57
                                                                         ^^^^
../src/app.wat.patched:141230:245: error: type mismatch in call, expected [i32, i32] but got [i32]
...                                                                      call 57
                                                                         ^^^^
../src/app.wat.patched:141257:245: error: type mismatch in call, expected [i32, i32] but got [i32]
...                                                                      call 57
                                                                         ^^^^
../src/app.wat.patched:141296:245: error: type mismatch in call, expected [i32, i32] but got [i32]
...                                                                      call 57
                                                                         ^^^^
../src/app.wat.patched:141325:247: error: type mismatch in call, expected [i32, i32] but got [i32]
...                                                                      call 57
                                                                         ^^^^
../src/app.wat.patched:141357:245: error: type mismatch in call, expected [i32, i32] but got [i32]
...                                                                      call 57
                                                                         ^^^^
../src/app.wat.patched:141387:247: error: type mismatch in call, expected [i32, i32] but got [i32]
...                                                                      call 57
                                                                         ^^^^
../src/app.wat.patched:141415:245: error: type mismatch in call, expected [i32, i32] but got [i32]
...                                                                      call 57
                                                                         ^^^^
../src/app.wat.patched:141449:247: error: type mismatch in call, expected [i32, i32] but got [i32]
...                                                                      call 57
                                                                         ^^^^
../src/app.wat.patched:141479:247: error: type mismatch in call, expected [i32, i32] but got [i32]
...                                                                      call 57
                                                                         ^^^^
../src/app.wat.patched:141513:247: error: type mismatch in call, expected [i32, i32] but got [i32]
...                                                                      call 57
                                                                         ^^^^
../src/app.wat.patched:141545:245: error: type mismatch in call, expected [i32, i32] but got [i32]
...                                                                      call 57
                                                                         ^^^^
../src/app.wat.patched:141574:247: error: type mismatch in call, expected [i32, i32] but got [i32]
...                                                                      call 57
                                                                         ^^^^
../src/app.wat.patched:141604:247: error: type mismatch in call, expected [i32, i32] but got [i32]
...                                                                      call 57
                                                                         ^^^^
../src/app.wat.patched:141634:247: error: type mismatch in call, expected [i32, i32] but got [i32]
...                                                                      call 57
                                                                         ^^^^
../src/app.wat.patched:141664:247: error: type mismatch in call, expected [i32, i32] but got [i32]
...                                                                      call 57
                                                                         ^^^^
../src/app.wat.patched:141700:247: error: type mismatch in call, expected [i32, i32] but got [i32]
...                                                                      call 57
                                                                         ^^^^
../src/app.wat.patched:141742:247: error: type mismatch in call, expected [i32, i32] but got [i32]
...                                                                     call 405
                                                                        ^^^^
../src/app.wat.patched:141743:245: error: type mismatch at end of `if true` branch, expected [] but got [i32]
...                                                                          end
                                                                             ^^^
../src/app.wat.patched:141852:253: error: type mismatch in call, expected [i32, i32] but got [i32]
...                                                                     call 405
                                                                        ^^^^
../src/app.wat.patched:141853:251: error: type mismatch at end of `if true` branch, expected [] but got [i32]
...                                                                          end
                                                                             ^^^
../src/app.wat.patched:141922:245: error: type mismatch in call, expected [i32, i32, i32, i32] but got [i32]
...                                                                     call 226
                                                                        ^^^^
../src/app.wat.patched:141949:245: error: type mismatch in call, expected [i32, i32] but got [i32]
...                                                                      call 57
                                                                         ^^^^
../src/app.wat.patched:141980:245: error: type mismatch in call, expected [i32, i32] but got [i32]
...                                                                      call 57
                                                                         ^^^^
../src/app.wat.patched:142007:245: error: type mismatch in call, expected [i32, i32] but got [i32]
...                                                                      call 57
                                                                         ^^^^
../src/app.wat.patched:142035:245: error: type mismatch in call, expected [i32, i32] but got [i32]
...                                                                      call 57
                                                                         ^^^^
../src/app.wat.patched:142069:243: error: type mismatch in call, expected [i32, i32] but got [i32]
...                                                                      call 57
                                                                         ^^^^
../src/app.wat.patched:142101:243: error: type mismatch in call, expected [i32, i32] but got [i32]
...                                                                      call 57
                                                                         ^^^^
../src/app.wat.patched:142138:241: error: type mismatch in call, expected [i32, i32] but got [i32]
...                                                                      call 57
                                                                         ^^^^
../src/app.wat.patched:142165:241: error: type mismatch in call, expected [i32, i32] but got [i32]
...                                                                      call 57
                                                                         ^^^^
../src/app.wat.patched:142196:241: error: type mismatch in call, expected [i32, i32] but got [i32]
...                                                                      call 57
                                                                         ^^^^
../src/app.wat.patched:142227:241: error: type mismatch in call, expected [i32, i32] but got [i32]
...                                                                      call 57
                                                                         ^^^^
../src/app.wat.patched:142259:241: error: type mismatch in call, expected [i32, i32] but got [i32]
...                                                                      call 57
                                                                         ^^^^
../src/app.wat.patched:142288:243: error: type mismatch in call, expected [i32, i32] but got [i32]
...                                                                      call 57
                                                                         ^^^^
../src/app.wat.patched:142320:241: error: type mismatch in call, expected [i32, i32] but got [i32]
...                                                                      call 57
                                                                         ^^^^
../src/app.wat.patched:142349:243: error: type mismatch in call, expected [i32, i32] but got [i32]
...                                                                      call 57
                                                                         ^^^^
../src/app.wat.patched:142377:241: error: type mismatch in call, expected [i32, i32] but got [i32]
...                                                                      call 57
                                                                         ^^^^
../src/app.wat.patched:142410:243: error: type mismatch in call, expected [i32, i32] but got [i32]
...                                                                      call 57
                                                                         ^^^^
../src/app.wat.patched:142440:243: error: type mismatch in call, expected [i32, i32] but got [i32]
...                                                                      call 57
                                                                         ^^^^
../src/app.wat.patched:142470:243: error: type mismatch in call, expected [i32, i32] but got [i32]
...                                                                      call 57
                                                                         ^^^^
../src/app.wat.patched:142498:241: error: type mismatch in call, expected [i32, i32] but got [i32]
...                                                                      call 57
                                                                         ^^^^
../src/app.wat.patched:142536:243: error: type mismatch in call, expected [i32, i32] but got [i32]
...                                                                      call 57
                                                                         ^^^^
../src/app.wat.patched:142567:243: error: type mismatch in call, expected [i32, i32] but got [i32]
...                                                                      call 57
                                                                         ^^^^
../src/app.wat.patched:142601:243: error: type mismatch in call, expected [i32, i32] but got [i32]
...                                                                      call 57
                                                                         ^^^^
../src/app.wat.patched:142632:243: error: type mismatch in call, expected [i32, i32] but got [i32]
...                                                                      call 57
                                                                         ^^^^
../src/app.wat.patched:142662:243: error: type mismatch in call, expected [i32, i32] but got [i32]
...                                                                      call 57
                                                                         ^^^^
../src/app.wat.patched:142709:241: error: type mismatch in call, expected [i32, i32] but got [i32]
...                                                                     call 405
                                                                        ^^^^
../src/app.wat.patched:142710:239: error: type mismatch at end of `if true` branch, expected [] but got [i32]
...                                                                          end
                                                                             ^^^
../src/app.wat.patched:142712:239: error: type mismatch in call, expected [i32, i32] but got [i32]
...                                                                     call 305
                                                                        ^^^^
../src/app.wat.patched:142754:241: error: type mismatch in call, expected [i32, i32] but got [i32]
...                                                                     call 405
                                                                        ^^^^
../src/app.wat.patched:142755:239: error: type mismatch at end of `if true` branch, expected [] but got [i32]
...                                                                          end
                                                                             ^^^
../src/app.wat.patched:142786:239: error: type mismatch in call, expected [i32, i32] but got [i32]
...                                                                      call 57
                                                                         ^^^^
../src/app.wat.patched:142907:241: error: type mismatch in call, expected [i32, i32] but got [i32]
...                                                                     call 405
                                                                        ^^^^
../src/app.wat.patched:142908:239: error: type mismatch at end of block, expected [] but got [i32]
...                                                                          end
                                                                             ^^^
../src/app.wat.patched:143014:245: error: type mismatch in call, expected [i32, i32] but got [i32]
...                                                                      call 57
                                                                         ^^^^
../src/app.wat.patched:143073:241: error: type mismatch in call, expected [i32, i32] but got [i32]
...                                                                     call 405
                                                                        ^^^^
../src/app.wat.patched:143074:239: error: type mismatch at end of block, expected [] but got [i32]
...                                                                          end
                                                                             ^^^
../src/app.wat.patched:143163:241: error: type mismatch in call, expected [i32, i32] but got [i32]
...                                                                     call 405
                                                                        ^^^^
../src/app.wat.patched:143164:239: error: type mismatch at end of `if true` branch, expected [] but got [i32]
...                                                                          end
                                                                             ^^^
../src/app.wat.patched:143205:241: error: type mismatch in call, expected [i32, i32] but got [i32]
...                                                                     call 405
                                                                        ^^^^
../src/app.wat.patched:143206:239: error: type mismatch at end of `if true` branch, expected [] but got [i32]
...                                                                          end
                                                                             ^^^
../src/app.wat.patched:143251:241: error: type mismatch in call, expected [i32, i32] but got [i32]
...                                                                     call 405
                                                                        ^^^^
../src/app.wat.patched:143252:239: error: type mismatch at end of `if true` branch, expected [] but got [i32]
...                                                                          end
                                                                             ^^^
../src/app.wat.patched:143293:241: error: type mismatch in call, expected [i32, i32] but got [i32]
...                                                                     call 405
                                                                        ^^^^
../src/app.wat.patched:143294:239: error: type mismatch at end of `if true` branch, expected [] but got [i32]
...                                                                          end
                                                                             ^^^
../src/app.wat.patched:143296:239: error: type mismatch in call, expected [i32, i32] but got [i32]
...                                                                     call 305
                                                                        ^^^^
../src/app.wat.patched:143298:239: error: type mismatch in call, expected [i32, i32] but got [i32]
...                                                                     call 305
                                                                        ^^^^
../src/app.wat.patched:143306:239: error: type mismatch in call, expected [i32, i32] but got [i32]
...                                                                     call 305
                                                                        ^^^^
../src/app.wat.patched:143308:239: error: type mismatch in call, expected [i32, i32] but got [i32]
...                                                                     call 305
                                                                        ^^^^
../src/app.wat.patched:143346:241: error: type mismatch in call, expected [i32, i32] but got [i32]
...                                                                     call 405
                                                                        ^^^^
../src/app.wat.patched:143347:239: error: type mismatch at end of `if true` branch, expected [] but got [i32]
...                                                                          end
                                                                             ^^^
../src/app.wat.patched:143386:241: error: type mismatch in call, expected [i32, i32] but got [i32]
...                                                                     call 405
                                                                        ^^^^
../src/app.wat.patched:143387:239: error: type mismatch at end of `if true` branch, expected [] but got [i32]
...                                                                          end
                                                                             ^^^
../src/app.wat.patched:143425:241: error: type mismatch in call, expected [i32, i32] but got [i32]
...                                                                     call 405
                                                                        ^^^^
../src/app.wat.patched:143426:239: error: type mismatch at end of `if true` branch, expected [] but got [i32]
...                                                                          end
                                                                             ^^^
../src/app.wat.patched:143465:241: error: type mismatch in call, expected [i32, i32] but got [i32]
...                                                                     call 405
                                                                        ^^^^
../src/app.wat.patched:143466:239: error: type mismatch at end of `if true` branch, expected [] but got [i32]
...                                                                          end
                                                                             ^^^
../src/app.wat.patched:143505:241: error: type mismatch in call, expected [i32, i32] but got [i32]
...                                                                     call 405
                                                                        ^^^^
../src/app.wat.patched:143506:239: error: type mismatch at end of `if true` branch, expected [] but got [i32]
...                                                                          end
                                                                             ^^^
../src/app.wat.patched:143545:241: error: type mismatch in call, expected [i32, i32] but got [i32]
...                                                                     call 405
                                                                        ^^^^
../src/app.wat.patched:143546:239: error: type mismatch at end of `if true` branch, expected [] but got [i32]
...                                                                          end
                                                                             ^^^
../src/app.wat.patched:143584:241: error: type mismatch in call, expected [i32, i32] but got [i32]
...                                                                     call 405
                                                                        ^^^^
../src/app.wat.patched:143585:239: error: type mismatch at end of `if true` branch, expected [] but got [i32]
...                                                                          end
                                                                             ^^^
../src/app.wat.patched:143631:241: error: type mismatch in call, expected [i32, i32] but got [i32]
...                                                                     call 405
                                                                        ^^^^
../src/app.wat.patched:143632:239: error: type mismatch at end of `if true` branch, expected [] but got [i32]
...                                                                          end
                                                                             ^^^
../src/app.wat.patched:143670:241: error: type mismatch in call, expected [i32, i32] but got [i32]
...                                                                     call 405
                                                                        ^^^^
../src/app.wat.patched:143671:239: error: type mismatch at end of `if true` branch, expected [] but got [i32]
...                                                                          end
                                                                             ^^^
../src/app.wat.patched:143702:239: error: type mismatch in call, expected [i32, i32] but got [i32]
...                                                                      call 57
                                                                         ^^^^
../src/app.wat.patched:143747:241: error: type mismatch in call, expected [i32, i32] but got [i32]
...                                                                     call 405
                                                                        ^^^^
../src/app.wat.patched:143748:239: error: type mismatch at end of `if true` branch, expected [] but got [i32]
...                                                                          end
                                                                             ^^^
../src/app.wat.patched:143750:239: error: type mismatch in call, expected [i32, i32] but got [i32]
...                                                                     call 223
                                                                        ^^^^
../src/app.wat.patched:143798:243: error: type mismatch in call, expected [i32, i32] but got [i32]
...                                                                     call 405
                                                                        ^^^^
../src/app.wat.patched:143799:241: error: type mismatch at end of `if true` branch, expected [] but got [i32]
...                                                                          end
                                                                             ^^^
../src/app.wat.patched:143842:241: error: type mismatch in call, expected [i32, i32] but got [i32]
...                                                                     call 405
                                                                        ^^^^
../src/app.wat.patched:143843:239: error: type mismatch at end of `if false` branch, expected [] but got [i32]
...                                                                          end
                                                                             ^^^
../src/app.wat.patched:143890:243: error: type mismatch in call, expected [i32, i32] but got [i32]
...                                                                     call 405
                                                                        ^^^^
../src/app.wat.patched:143891:241: error: type mismatch at end of `if true` branch, expected [] but got [i32]
...                                                                          end
                                                                             ^^^
../src/app.wat.patched:143933:241: error: type mismatch in call, expected [i32, i32] but got [i32]
...                                                                     call 405
                                                                        ^^^^
../src/app.wat.patched:143934:239: error: type mismatch at end of `if false` branch, expected [] but got [i32]
...                                                                          end
                                                                             ^^^
../src/app.wat.patched:143976:241: error: type mismatch in call, expected [i32, i32] but got [i32]
...                                                                     call 405
                                                                        ^^^^
../src/app.wat.patched:143977:239: error: type mismatch at end of `if true` branch, expected [] but got [i32]
...                                                                          end
                                                                             ^^^
../src/app.wat.patched:144006:241: error: type mismatch in call, expected [i32, i32] but got [i32]
...                                                                      call 57
                                                                         ^^^^
../src/app.wat.patched:144116:241: error: type mismatch in call, expected [i32, i32] but got [i32]
...                                                                      call 57
                                                                         ^^^^
../src/app.wat.patched:144156:241: error: type mismatch in call, expected [i32, i32] but got [i32]
...                                                                     call 405
                                                                        ^^^^
../src/app.wat.patched:144157:239: error: type mismatch at end of `if true` branch, expected [] but got [i32]
...                                                                          end
                                                                             ^^^
../src/app.wat.patched:144212:245: error: type mismatch in call, expected [i32, i32] but got [i32]
...                                                                     call 405
                                                                        ^^^^
../src/app.wat.patched:144213:243: error: type mismatch at end of block, expected [] but got [i32]
...                                                                          end
                                                                             ^^^
../src/app.wat.patched:144257:245: error: type mismatch in call, expected [i32, i32] but got [i32]
...                                                                     call 405
                                                                        ^^^^
../src/app.wat.patched:144258:243: error: type mismatch at end of block, expected [] but got [i32]
...                                                                          end
                                                                             ^^^
../src/app.wat.patched:144312:241: error: type mismatch in call, expected [i32, i32] but got [i32]
...                                                                     call 405
                                                                        ^^^^
../src/app.wat.patched:144313:239: error: type mismatch at end of `if true` branch, expected [] but got [i32]
...                                                                          end
                                                                             ^^^
../src/app.wat.patched:144340:239: error: type mismatch in call, expected [i32, i32] but got [i32]
...                                                                      call 57
                                                                         ^^^^
../src/app.wat.patched:144387:239: error: type mismatch in call, expected [i32, f64, f64, f64, i32, f32, f32, i32] but got [i32]
...                                                                     call 240
                                                                        ^^^^
../src/app.wat.patched:144428:241: error: type mismatch in call, expected [i32, i32] but got [i32]
...                                                                     call 405
                                                                        ^^^^
../src/app.wat.patched:144429:239: error: type mismatch at end of `if true` branch, expected [] but got [i32]
...                                                                          end
                                                                             ^^^
../src/app.wat.patched:144467:241: error: type mismatch in call, expected [i32, i32] but got [i32]
...                                                                     call 405
                                                                        ^^^^
../src/app.wat.patched:144468:239: error: type mismatch at end of `if true` branch, expected [] but got [i32]
...                                                                          end
                                                                             ^^^
../src/app.wat.patched:144525:245: error: type mismatch in call, expected [i32, i32] but got [i32]
...                                                                     call 405
                                                                        ^^^^
../src/app.wat.patched:144526:243: error: type mismatch at end of `if true` branch, expected [] but got [i32]
...                                                                          end
                                                                             ^^^
../src/app.wat.patched:144577:241: error: type mismatch in call, expected [i32, i32] but got [i32]
...                                                                     call 405
                                                                        ^^^^
../src/app.wat.patched:144578:239: error: type mismatch at end of `if true` branch, expected [] but got [i32]
...                                                                          end
                                                                             ^^^
../src/app.wat.patched:144705:251: error: type mismatch in call, expected [i32, i32] but got [i32]
...                                                                     call 405
                                                                        ^^^^
../src/app.wat.patched:144706:249: error: type mismatch at end of `if true` branch, expected [] but got [i32]
...                                                                          end
                                                                             ^^^
../src/app.wat.patched:144762:247: error: type mismatch in call, expected [i32, i32] but got [i32]
...                                                                     call 405
                                                                        ^^^^
../src/app.wat.patched:144763:245: error: type mismatch at end of `if true` branch, expected [] but got [i32]
...                                                                          end
                                                                             ^^^
../src/app.wat.patched:144894:241: error: type mismatch in call, expected [i32, i32] but got [i32]
...                                                                     call 405
                                                                        ^^^^
../src/app.wat.patched:144895:239: error: type mismatch at end of block, expected [] but got [i32]
...                                                                          end
                                                                             ^^^
../src/app.wat.patched:144933:241: error: type mismatch in call, expected [i32, i32] but got [i32]
...                                                                     call 405
                                                                        ^^^^
../src/app.wat.patched:144934:239: error: type mismatch at end of `if true` branch, expected [] but got [i32]
...                                                                          end
                                                                             ^^^
../src/app.wat.patched:144936:239: error: type mismatch in call, expected [i32, f64, f64, f64, i32, f32, f32, i32] but got [i32]
...                                                                     call 240
                                                                        ^^^^
../src/app.wat.patched:144982:241: error: type mismatch in call, expected [i32, i32] but got [i32]
...                                                                     call 405
                                                                        ^^^^
../src/app.wat.patched:144983:239: error: type mismatch at end of `if true` branch, expected [] but got [i32]
...                                                                          end
                                                                             ^^^
../src/app.wat.patched:144985:239: error: type mismatch in call, expected [i32, i32] but got [i32]
...                                                                     call 261
                                                                        ^^^^
../src/app.wat.patched:145027:241: error: type mismatch in call, expected [i32, i32] but got [i32]
...                                                                     call 405
                                                                        ^^^^
../src/app.wat.patched:145028:239: error: type mismatch at end of `if true` branch, expected [] but got [i32]
...                                                                          end
                                                                             ^^^
../src/app.wat.patched:145094:245: error: type mismatch in call, expected [i32, f64, f64, f64, i32, f32, f32, i32] but got [i32]
...                                                                     call 240
                                                                        ^^^^
../src/app.wat.patched:145157:241: error: type mismatch in call, expected [i32, i32] but got [i32]
...                                                                     call 405
                                                                        ^^^^
../src/app.wat.patched:145158:239: error: type mismatch at end of block, expected [] but got [i32]
...                                                                          end
                                                                             ^^^
../src/app.wat.patched:145267:247: error: type mismatch in call, expected [i32, i32] but got [i32]
...                                                                     call 405
                                                                        ^^^^
../src/app.wat.patched:145268:245: error: type mismatch at end of `if true` branch, expected [] but got [i32]
...                                                                          end
                                                                             ^^^
../src/app.wat.patched:145338:241: error: type mismatch in call, expected [i32, i32] but got [i32]
...                                                                     call 405
                                                                        ^^^^
../src/app.wat.patched:145339:239: error: type mismatch at end of `if true` branch, expected [] but got [i32]
...                                                                          end
                                                                             ^^^
../src/app.wat.patched:145381:241: error: type mismatch in call, expected [i32, i32] but got [i32]
...                                                                     call 405
                                                                        ^^^^
../src/app.wat.patched:145382:239: error: type mismatch at end of `if true` branch, expected [] but got [i32]
...                                                                          end
                                                                             ^^^
../src/app.wat.patched:145420:241: error: type mismatch in call, expected [i32, i32] but got [i32]
...                                                                     call 405
                                                                        ^^^^
../src/app.wat.patched:145421:239: error: type mismatch at end of `if true` branch, expected [] but got [i32]
...                                                                          end
                                                                             ^^^
../src/app.wat.patched:145459:241: error: type mismatch in call, expected [i32, i32] but got [i32]
...                                                                     call 405
                                                                        ^^^^
../src/app.wat.patched:145460:239: error: type mismatch at end of `if true` branch, expected [] but got [i32]
...                                                                          end
                                                                             ^^^
../src/app.wat.patched:145498:241: error: type mismatch in call, expected [i32, i32] but got [i32]
...                                                                     call 405
                                                                        ^^^^
../src/app.wat.patched:145499:239: error: type mismatch at end of `if true` branch, expected [] but got [i32]
...                                                                          end
                                                                             ^^^
../src/app.wat.patched:145545:241: error: type mismatch in call, expected [i32, i32] but got [i32]
...                                                                     call 405
                                                                        ^^^^
../src/app.wat.patched:145546:239: error: type mismatch at end of `if true` branch, expected [] but got [i32]
...                                                                          end
                                                                             ^^^
../src/app.wat.patched:145587:241: error: type mismatch in call, expected [i32, i32] but got [i32]
...                                                                     call 405
                                                                        ^^^^
../src/app.wat.patched:145588:239: error: type mismatch at end of `if true` branch, expected [] but got [i32]
...                                                                          end
                                                                             ^^^
../src/app.wat.patched:145647:241: error: type mismatch in call, expected [i32, i32] but got [i32]
...                                                                     call 405
                                                                        ^^^^
../src/app.wat.patched:145648:239: error: type mismatch at end of block, expected [] but got [i32]
...                                                                          end
                                                                             ^^^
../src/app.wat.patched:145759:247: error: type mismatch in call, expected [i32, i32] but got [i32]
...                                                                     call 405
                                                                        ^^^^
../src/app.wat.patched:145760:245: error: type mismatch at end of `if true` branch, expected [] but got [i32]
...                                                                          end
                                                                             ^^^
../src/app.wat.patched:145826:241: error: type mismatch in call, expected [i32, i32] but got [i32]
...                                                                     call 405
                                                                        ^^^^
../src/app.wat.patched:145827:239: error: type mismatch at end of `if true` branch, expected [] but got [i32]
...                                                                          end
                                                                             ^^^
../src/app.wat.patched:145866:241: error: type mismatch in call, expected [i32, i32] but got [i32]
...                                                                     call 405
                                                                        ^^^^
../src/app.wat.patched:145867:239: error: type mismatch at end of `if true` branch, expected [] but got [i32]
...                                                                          end
                                                                             ^^^
../src/app.wat.patched:145912:241: error: type mismatch in call, expected [i32, i32] but got [i32]
...                                                                     call 405
                                                                        ^^^^
../src/app.wat.patched:145913:239: error: type mismatch at end of `if true` branch, expected [] but got [i32]
...                                                                          end
                                                                             ^^^
../src/app.wat.patched:145920:241: error: type mismatch in call, expected [i32, i32, i32, i32] but got [i32]
...                                                                     call 299
                                                                        ^^^^
../src/app.wat.patched:145971:239: error: type mismatch in call, expected [i32, i32] but got [i32]
...                                                                     call 405
                                                                        ^^^^
../src/app.wat.patched:145972:237: error: type mismatch at end of `if false` branch, expected [] but got [i32]
...                                                                          end
                                                                             ^^^
../src/app.wat.patched:146332:5: error: type mismatch at end of block, expected [] but got [... f32, f32, i32, i32]
    end)
    ^^^
../src/app.wat.patched:146548:5: error: type mismatch in call, expected [i32, i32, i32, i32] but got [... f64, f64, f64, i32]
    call 413
    ^^^^
../src/app.wat.patched:146549:5: error: type mismatch in local.set, expected [i64] but got [... i32]
    local.set 38
    ^^^^^^^^^
../src/app.wat.patched:146572:5: error: type mismatch in call, expected [i32, i32] but got [... i64, i64]
    call 426
    ^^^^
../src/app.wat.patched:146962:35: error: type mismatch in call, expected [i32, i32] but got [... i64, i64]
                                  call 426
                                  ^^^^
../src/app.wat.patched:147119:37: error: type mismatch in call, expected [i32, i32, i32, i32] but got [i32, i32, i32]
                                    call 268
                                    ^^^^
../src/app.wat.patched:147196:25: error: type mismatch in call, expected [i32, i32, i32] but got [i32]
                        call 302
                        ^^^^
../src/app.wat.patched:147210:27: error: type mismatch in call, expected [i32, i32, i32, i32] but got [i32, i32, i32]
                          call 308
                          ^^^^
../src/app.wat.patched:147211:25: error: type mismatch at end of `if true` branch, expected [] but got [i32]
                        end
                        ^^^
../src/app.wat.patched:147308:21: error: type mismatch in call, expected [i32, i32] but got [... i64, i64]
                    call 426
                    ^^^^
../src/app.wat.patched:147496:21: error: type mismatch in call, expected [i32, i32] but got [i32]
                    call 405
                    ^^^^
../src/app.wat.patched:147509:15: error: type mismatch in call, expected [f64, i32, i32] but got []
              call 233
              ^^^^
../src/app.wat.patched:147510:15: error: type mismatch in local.tee, expected [i32] but got [f64]
              local.tee 1
              ^^^^^^^^^
../src/app.wat.patched:147524:13: error: type mismatch in call, expected [f64, i32, i32] but got []
            call 233
            ^^^^
../src/app.wat.patched:147525:13: error: type mismatch in local.tee, expected [i32] but got [f64]
            local.tee 2
            ^^^^^^^^^
../src/app.wat.patched:147527:13: error: type mismatch in call, expected [i32, i32, i32] but got [i32, i32]
            call 72
            ^^^^
../src/app.wat.patched:147545:9: error: type mismatch in call, expected [i32, i32, i32] but got [i32]
        call 112
        ^^^^
../src/app.wat.patched:147552:9: error: type mismatch in call, expected [i32, i32, i32, f64, f64] but got [i32]
        call 131
        ^^^^
../src/app.wat.patched:147707:7: error: type mismatch in call, expected [f64, i32, i32] but got []
      call 233
      ^^^^
../src/app.wat.patched:147708:7: error: type mismatch in local.tee, expected [i32] but got [f64]
      local.tee 5
      ^^^^^^^^^
../src/app.wat.patched:147720:5: error: type mismatch at end of `if true` branch, expected [] but got [... i32, i32, i32, i32]
    end
    ^^^
../src/app.wat.patched:147749:5: error: type mismatch in call, expected [i32, f64] but got [... i32, i32]
    call 126
    ^^^^
../src/app.wat.patched:147756:5: error: type mismatch at end of `if true` branch, expected [] but got [i32, f64]
    end
    ^^^
../src/app.wat.patched:147780:9: error: type mismatch in call, expected [i32, i32, i32, i32, i32] but got [i32, f64, f64, f64, f64]
        call 174
        ^^^^
../src/app.wat.patched:147785:7: error: type mismatch in call, expected [i32, i32] but got [i32]
      call 170
      ^^^^
../src/app.wat.patched:147831:11: error: type mismatch in call, expected [i32, f64, f64] but got [i32, i32, i32]
          call 71
          ^^^^
../src/app.wat.patched:147845:9: error: type mismatch in call, expected [i32, i32, i32] but got [i32, i32]
        call 10
        ^^^^
../src/app.wat.patched:147900:15: error: type mismatch in call, expected [i32, i32] but got [i32]
              call 405
              ^^^^
../src/app.wat.patched:147901:13: error: type mismatch at end of `if true` branch, expected [] but got [i32]
            end
            ^^^
../src/app.wat.patched:147977:13: error: type mismatch in call, expected [i32, f64, f64] but got [i32, i32, i32]
            call 71
            ^^^^
../src/app.wat.patched:147995:9: error: type mismatch in i32.eqz, expected [i32] but got []
        i32.eqz
        ^^^^^^^
../src/app.wat.patched:148059:11: error: type mismatch in call, expected [i32, i32] but got [i32]
          call 405
          ^^^^
../src/app.wat.patched:148123:7: error: type mismatch in call, expected [i32, f64, f64, i32] but got [... i32, i32, i32, i32]
      call 246
      ^^^^
../src/app.wat.patched:148127:5: error: type mismatch at end of `if true` branch, expected [] but got [i32]
    end
    ^^^
../src/app.wat.patched:148147:5: error: type mismatch at end of function, expected [] but got [i32]
    i32.const 0)
    ^^^^^^^^^
../src/app.wat.patched:148691:9: error: type mismatch in call, expected [i32, i32, i32] but got [i32]
        call 228
        ^^^^
../src/app.wat.patched:148731:5: error: type mismatch at end of function, expected [] but got [i32]
    call 297)
    ^^^^
../src/app.wat.patched:149023:7: error: type mismatch in call, expected [i32, i32, i32] but got [i32]
      call 302
      ^^^^
../src/app.wat.patched:149124:35: error: type mismatch at end of `if true` branch, expected [] but got [i32]
                                  end
                                  ^^^
../src/app.wat.patched:149157:35: error: type mismatch at end of `if true` branch, expected [] but got [i32]
                                  end
                                  ^^^
../src/app.wat.patched:149193:35: error: type mismatch at end of `if true` branch, expected [] but got [i32]
                                  end
                                  ^^^
../src/app.wat.patched:149270:33: error: type mismatch at end of `if true` branch, expected [] but got [i32]
                                end
                                ^^^
../src/app.wat.patched:149302:33: error: type mismatch at end of `if true` branch, expected [] but got [i32]
                                end
                                ^^^
../src/app.wat.patched:149334:31: error: type mismatch at end of `if true` branch, expected [] but got [i32]
                              end
                              ^^^
../src/app.wat.patched:149364:31: error: type mismatch at end of `if true` branch, expected [] but got [i32]
                              end
                              ^^^
../src/app.wat.patched:149408:27: error: type mismatch at end of `if true` branch, expected [] but got [i32]
                          end
                          ^^^
../src/app.wat.patched:149424:25: error: type mismatch at end of `if true` branch, expected [] but got [i32]
                        end
                        ^^^
../src/app.wat.patched:149538:23: error: type mismatch at end of `if true` branch, expected [] but got [i32]
                      end
                      ^^^
../src/app.wat.patched:149617:19: error: type mismatch in call, expected [i32, i32] but got [i32]
                  call 405
                  ^^^^
../src/app.wat.patched:149640:13: error: type mismatch at end of `if true` branch, expected [] but got [i32]
            end
            ^^^
../src/app.wat.patched:149678:13: error: type mismatch at end of `if true` branch, expected [] but got [i32]
            end
            ^^^
../src/app.wat.patched:149748:11: error: type mismatch in call, expected [i32, i32] but got [i32]
          call 405
          ^^^^
../src/app.wat.patched:151360:5: error: type mismatch at end of block, expected [] but got [i32, i32, i32]
    end)
    ^^^
../src/app.wat.patched:151409:15: error: type mismatch in call, expected [i32, i32, i32] but got [f64]
              call 441
              ^^^^
../src/app.wat.patched:151429:13: error: type mismatch in call, expected [i32, i32, i32] but got [f64]
            call 441
            ^^^^
../src/app.wat.patched:151449:11: error: type mismatch in call, expected [i32, i32, i32] but got [f64]
          call 441
          ^^^^
../src/app.wat.patched:151468:9: error: type mismatch in call, expected [i32, i32, i32] but got [f64]
        call 441
        ^^^^
../src/app.wat.patched:151696:17: error: type mismatch in call, expected [i32, i32, i32] but got [f64]
                call 441
                ^^^^
../src/app.wat.patched:151721:15: error: type mismatch in call, expected [i32, i32] but got [f64]
              call 344
              ^^^^
../src/app.wat.patched:151723:15: error: type mismatch in f64.mul, expected [f64, f64] but got [f64]
              f64.mul
              ^^^^^^^
../src/app.wat.patched:153149:19: error: type mismatch in call, expected [i32, i32] but got [i32]
                  call 405
                  ^^^^
../src/app.wat.patched:153150:17: error: type mismatch at end of `if true` branch, expected [] but got [i32]
                end
                ^^^
../src/app.wat.patched:153203:19: error: type mismatch in local.tee, expected [i32] but got []
                  local.tee 6
                  ^^^^^^^^^
../src/app.wat.patched:153218:23: error: type mismatch in br_if, expected [i32] but got []
                      br_if 2 (;@7;)
                      ^^^^^
../src/app.wat.patched:153247:21: error: type mismatch in i32.eqz, expected [i32] but got []
                    i32.eqz
                    ^^^^^^^
../src/app.wat.patched:153387:13: error: type mismatch in call, expected [i32, i64, i64, i64, i64] but got [i32, i32, i32, i32]
            call 497
            ^^^^
../src/app.wat.patched:153637:5: error: type mismatch at end of function, expected [] but got [i32, i32]
    i64.xor)
    ^^^^^^^
../src/app.wat.patched:154813:15: error: type mismatch in call, expected [i64, i64, i64] but got [... i32, i32, i32]
              call 427
              ^^^^
../src/app.wat.patched:154825:13: error: type mismatch at end of block, expected [] but got [i32, i64]
            end
            ^^^
../src/app.wat.patched:154941:7: error: type mismatch at end of block, expected [] but got [... i32, i32, i32, i32]
      end
      ^^^
../src/app.wat.patched:155385:5: error: type mismatch at end of block, expected [] but got [i32, i32]
    end
    ^^^
../src/app.wat.patched:155397:5: error: type mismatch at end of function, expected [] but got [i32]
    call 297)
    ^^^^
../src/app.wat.patched:155707:27: error: type mismatch in call, expected [i32, f64, f64, f64, f64, f64] but got [i32, i32, i32, i32, i32, i32]
                          call 535
                          ^^^^
../src/app.wat.patched:155897:25: error: type mismatch in call, expected [i32, f64, f64, i32] but got [... i32, i32, i32, i32]
                        call 246
                        ^^^^
../src/app.wat.patched:155899:25: error: type mismatch at end of `if true` branch, expected [] but got [i32]
                        i32.load
                        ^^^^^^^^
../src/app.wat.patched:156008:21: error: type mismatch in call, expected [i32, f64, f64, f64, f64, i32, i32, i32, i32, f32, f32] but got [i32, i32, i32]
                    call 445
                    ^^^^
../src/app.wat.patched:156114:49: error: type mismatch in call, expected [i32, i32, i32] but got [i32]
                                                call 302
                                                ^^^^
../src/app.wat.patched:156148:49: error: type mismatch in call, expected [i32, i32, i32] but got [i32]
                                                call 302
                                                ^^^^
../src/app.wat.patched:156178:49: error: type mismatch in call, expected [i32, i32, i32] but got [i32]
                                                call 302
                                                ^^^^
../src/app.wat.patched:156208:49: error: type mismatch in call, expected [i32, i32, i32] but got [i32]
                                                call 302
                                                ^^^^
../src/app.wat.patched:156257:49: error: type mismatch in call, expected [i32, i32] but got [i32]
                                                call 405
                                                ^^^^
../src/app.wat.patched:156258:47: error: type mismatch at end of `if true` branch, expected [] but got [i32]
                                              end
                                              ^^^
../src/app.wat.patched:156296:49: error: type mismatch in call, expected [i32, i32] but got [i32]
                                                call 405
                                                ^^^^
../src/app.wat.patched:156297:47: error: type mismatch at end of `if true` branch, expected [] but got [i32]
                                              end
                                              ^^^
../src/app.wat.patched:156339:49: error: type mismatch in call, expected [i32, i32] but got [i32]
                                                call 405
                                                ^^^^
../src/app.wat.patched:156340:47: error: type mismatch at end of `if true` branch, expected [] but got [i32]
                                              end
                                              ^^^
../src/app.wat.patched:156378:49: error: type mismatch in call, expected [i32, i32] but got [i32]
                                                call 405
                                                ^^^^
../src/app.wat.patched:156379:47: error: type mismatch at end of `if true` branch, expected [] but got [i32]
                                              end
                                              ^^^
../src/app.wat.patched:156472:21: error: type mismatch in call, expected [i32, i32, i32] but got [i32, i32]
                    call 352
                    ^^^^
../src/app.wat.patched:156498:23: error: type mismatch in call, expected [i32, i32, i32] but got [i32]
                      call 302
                      ^^^^
../src/app.wat.patched:156574:23: error: type mismatch in call, expected [i32, i32] but got [i32]
                      call 405
                      ^^^^
../src/app.wat.patched:156575:21: error: type mismatch at end of `if true` branch, expected [] but got [i32]
                    end
                    ^^^
../src/app.wat.patched:156617:23: error: type mismatch in call, expected [i32, i32] but got [i32]
                      call 405
                      ^^^^
../src/app.wat.patched:156618:21: error: type mismatch at end of `if true` branch, expected [] but got [i32]
                    end
                    ^^^
../src/app.wat.patched:162396:9: error: type mismatch in call, expected [i32, f64, f64, f64, i32, i32] but got [... i32, i32, i32, i32, i32, i32]
        call 403
        ^^^^
../src/app.wat.patched:162604:5: error: type mismatch in call, expected [i32, i32, i64, i32] but got [... i32, i32, i32, i32]
    call 419
    ^^^^
../src/app.wat.patched:162610:5: error: type mismatch in call, expected [i32, i32, i64, i32] but got [... i32, i32, i32, i32]
    call 419
    ^^^^
../src/app.wat.patched:162619:5: error: type mismatch in call, expected [i32, i32, i64, i32] but got [... i32, i32, i32, i32]
    call 419
    ^^^^
../src/app.wat.patched:163285:5: error: type mismatch at end of function, expected [] but got [i32, i32]
    i32.store offset=120)
    ^^^^^^^^^
../src/app.wat.patched:163415:5: error: type mismatch at end of function, expected [] but got [i32]
    call 297)
    ^^^^
../src/app.wat.patched:163479:11: error: type mismatch in call, expected [i32, i32, i32] but got [i32]
          call 302
          ^^^^
../src/app.wat.patched:163527:11: error: type mismatch at end of loop, expected [] but got [... i32, i32, f64, i32]
          end
          ^^^
../src/app.wat.patched:163543:9: error: type mismatch in call, expected [i32, i32, i32, i32] but got [i32, i32, i32]
        call 308
        ^^^^
../src/app.wat.patched:163803:9: error: type mismatch in call, expected [i32, f64, f64, f64, i32, f32, f32, i32] but got [i32, i32]
        call 240
        ^^^^
../src/app.wat.patched:163807:9: error: type mismatch in call, expected [i32, i32] but got [i32]
        call 261
        ^^^^
../src/app.wat.patched:164193:13: error: type mismatch at end of `if true` branch, expected [] but got [... i32, i32, i32, i32]
            end
            ^^^
../src/app.wat.patched:164464:13: error: type mismatch at end of `if true` branch, expected [] but got [i32, i32, i32, i32]
            end
            ^^^
../src/app.wat.patched:164552:13: error: type mismatch at end of `if true` branch, expected [] but got [i32, i32, i32, i32]
            end
            ^^^
../src/app.wat.patched:164680:11: error: type mismatch at end of `if true` branch, expected [] but got [... i32, i32, i32, i32]
          end
          ^^^
../src/app.wat.patched:164931:11: error: type mismatch at end of `if true` branch, expected [] but got [i32, i32, i32, i32]
          end
          ^^^
../src/app.wat.patched:165012:11: error: type mismatch at end of `if true` branch, expected [] but got [i32, i32, i32, i32]
          end
          ^^^
../src/app.wat.patched:165178:29: error: type mismatch in call, expected [i32, i32, i32] but got [i32]
                            call 302
                            ^^^^
../src/app.wat.patched:165191:31: error: type mismatch in call, expected [i32, i32, i32, i32] but got [i32, i32, i32]
                              call 308
                              ^^^^
../src/app.wat.patched:165192:29: error: type mismatch at end of `if true` branch, expected [] but got [i32]
                            end
                            ^^^
../src/app.wat.patched:165302:23: error: type mismatch in call, expected [i32, i32, i32, i32, i32] but got [i32, i64, i64, i32, i32]
                      call 338
                      ^^^^
../src/app.wat.patched:165303:23: error: type mismatch in i32.wrap_i64, expected [i64] but got [i32]
                      i32.wrap_i64
                      ^^^^^^^^^^^^
../src/app.wat.patched:165308:23: error: type mismatch in i32.add, expected [i32, i32] but got [i32]
                      i32.add
                      ^^^^^^^
../src/app.wat.patched:165443:19: error: type mismatch in br_if, expected [i32] but got []
                  br_if 6 (;@1;)
                  ^^^^^
../src/app.wat.patched:165699:15: error: type mismatch in call, expected [i32, i32, i32, i32, i32] but got [i32, i64, i64, i32, i32]
              call 338
              ^^^^
../src/app.wat.patched:165700:15: error: type mismatch in i32.wrap_i64, expected [i64] but got [i32]
              i32.wrap_i64
              ^^^^^^^^^^^^
../src/app.wat.patched:165706:15: error: type mismatch in i32.add, expected [i32, i32] but got [i32]
              i32.add
              ^^^^^^^
../src/app.wat.patched:165837:17: error: type mismatch in call, expected [i32, i32, i32, i32] but got [i32, i32, i32]
                call 268
                ^^^^
../src/app.wat.patched:165873:7: error: type mismatch at end of block, expected [] but got [i32]
      end
      ^^^
../src/app.wat.patched:165874:7: error: type mismatch in local.set, expected [i32] but got []
      local.set 1
      ^^^^^^^^^
../src/app.wat.patched:165880:5: error: type mismatch in block, expected [i32] but got []
    end
    ^^^
../src/app.wat.patched:165881:5: error: type mismatch at end of function, expected [] but got [i32, i32]
    i32.const -2147483647)
    ^^^^^^^^^
../src/app.wat.patched:166163:13: error: type mismatch in call, expected [i32, i32, i32] but got [i32]
            call 302
            ^^^^
../src/app.wat.patched:166269:11: error: type mismatch in call, expected [i32, i32, i32] but got [i32]
          call 302
          ^^^^
../src/app.wat.patched:166344:5: error: type mismatch at end of block, expected [] but got [i32]
    end
    ^^^
../src/app.wat.patched:166412:23: error: type mismatch in call, expected [f64] but got [... i32]
                      call 236
                      ^^^^
../src/app.wat.patched:166434:21: error: type mismatch at end of `if true` branch, expected [] but got [i32, f64]
                    end
                    ^^^
../src/app.wat.patched:166466:47: error: type mismatch in call, expected [f64] but got [... i32]
                                              call 236
                                              ^^^^
../src/app.wat.patched:166467:45: error: type mismatch at end of `if true` branch, expected [] but got [i32, f64]
                                            end
                                            ^^^
../src/app.wat.patched:166592:51: error: type mismatch in call, expected [i32, f64, f64, i32] but got [... i32, i32, i32, i32]
                                                  call 246
                                                  ^^^^
../src/app.wat.patched:166640:53: error: type mismatch in call, expected [i32, f64, f64, i32] but got [... i32, i32, i32, i32]
                                                    call 246
                                                    ^^^^
../src/app.wat.patched:166642:53: error: type mismatch at end of `if true` branch, expected [] but got [i32]
                                                    i32.load offset=56
                                                    ^^^^^^^^
../src/app.wat.patched:166726:57: error: type mismatch in call, expected [i32, f64, f64, i32] but got [... i32, i32, i32, i32]
                                                        call 246
                                                        ^^^^
../src/app.wat.patched:166731:57: error: type mismatch at end of `if true` branch, expected [] but got [i32]
                                                        i32.load offset=56
                                                        ^^^^^^^^
../src/app.wat.patched:166785:49: error: type mismatch at end of block, expected [] but got [i32]
                                                end
                                                ^^^
../src/app.wat.patched:166812:49: error: type mismatch in call, expected [f64] but got [... i32]
                                                call 236
                                                ^^^^
../src/app.wat.patched:166813:47: error: type mismatch at end of `if true` branch, expected [] but got [i32, f64]
                                              end
                                              ^^^
../src/app.wat.patched:166948:63: error: type mismatch in call, expected [i32, f64, f64, i32] but got [... i32, i32, i32, i32]
                                                              call 246
                                                              ^^^^
../src/app.wat.patched:166950:63: error: type mismatch at end of `if true` branch, expected [] but got [i32]
                                                              i32.load offset=40
                                                              ^^^^^^^^
../src/app.wat.patched:166989:61: error: type mismatch in call, expected [i32, f64, f64, i32] but got [... i32, i32, i32, i32]
                                                            call 246
                                                            ^^^^
../src/app.wat.patched:166991:61: error: type mismatch at end of `if true` branch, expected [] but got [i32]
                                                            i32.load offset=40
                                                            ^^^^^^^^
../src/app.wat.patched:167053:59: error: type mismatch in call, expected [i32, f64, f64, i32] but got [... i32, i32, i32, i32]
                                                          call 246
                                                          ^^^^
../src/app.wat.patched:167054:57: error: type mismatch at end of `if true` branch, expected [] but got [i32]
                                                        end
                                                        ^^^
../src/app.wat.patched:167190:61: error: type mismatch in call, expected [i32, f64, f64, i32] but got [... i32, i32, i32, i32]
                                                            call 246
                                                            ^^^^
../src/app.wat.patched:167195:61: error: type mismatch at end of `if true` branch, expected [] but got [i32]
                                                            i32.load offset=40
                                                            ^^^^^^^^
../src/app.wat.patched:167262:55: error: type mismatch in call, expected [f64, f64] but got [... i32, i32]
                                                      call 331
                                                      ^^^^
../src/app.wat.patched:167309:47: error: type mismatch in call, expected [f64] but got [... i32]
                                              call 236
                                              ^^^^
../src/app.wat.patched:167310:45: error: type mismatch at end of `if true` branch, expected [] but got [i32, f64]
                                            end
                                            ^^^
../src/app.wat.patched:167362:47: error: type mismatch in call, expected [f64] but got [... i32]
                                              call 236
                                              ^^^^
../src/app.wat.patched:167363:45: error: type mismatch at end of `if true` branch, expected [] but got [i32, f64]
                                            end
                                            ^^^
../src/app.wat.patched:167419:47: error: type mismatch in call, expected [f64] but got [... i32]
                                              call 236
                                              ^^^^
../src/app.wat.patched:167420:45: error: type mismatch at end of `if true` branch, expected [] but got [i32, f64]
                                            end
                                            ^^^
../src/app.wat.patched:167475:47: error: type mismatch in call, expected [f64] but got [... i32]
                                              call 236
                                              ^^^^
../src/app.wat.patched:167476:45: error: type mismatch at end of `if true` branch, expected [] but got [i32, f64]
                                            end
                                            ^^^
../src/app.wat.patched:167528:47: error: type mismatch in call, expected [i32, f64, f64, i32] but got [... i32, i32, i32, i32]
                                              call 246
                                              ^^^^
../src/app.wat.patched:167532:45: error: type mismatch at end of `if true` branch, expected [] but got [i32]
                                            end
                                            ^^^
../src/app.wat.patched:167558:47: error: type mismatch in call, expected [f64] but got [... i32]
                                              call 236
                                              ^^^^
../src/app.wat.patched:167559:45: error: type mismatch at end of `if true` branch, expected [] but got [i32, f64]
                                            end
                                            ^^^
../src/app.wat.patched:167623:63: error: type mismatch in call, expected [f64] but got [... i32]
                                                              call 236
                                                              ^^^^
../src/app.wat.patched:167624:61: error: type mismatch at end of `if true` branch, expected [] but got [i32, f64]
                                                            end
                                                            ^^^
../src/app.wat.patched:167661:61: error: type mismatch in call, expected [f64] but got [... i32]
                                                            call 236
                                                            ^^^^
../src/app.wat.patched:167662:59: error: type mismatch at end of `if true` branch, expected [] but got [i32, f64]
                                                          end
                                                          ^^^
../src/app.wat.patched:167695:59: error: type mismatch in call, expected [f64] but got [... i32]
                                                          call 236
                                                          ^^^^
../src/app.wat.patched:167696:57: error: type mismatch at end of `if true` branch, expected [] but got [i32, f64]
                                                        end
                                                        ^^^
../src/app.wat.patched:167760:55: error: type mismatch in call, expected [f64] but got [... i32]
                                                      call 236
                                                      ^^^^
../src/app.wat.patched:167761:53: error: type mismatch at end of `if true` branch, expected [] but got [i32, f64]
                                                    end
                                                    ^^^
../src/app.wat.patched:167792:53: error: type mismatch in call, expected [f64] but got [... i32]
                                                    call 236
                                                    ^^^^
../src/app.wat.patched:167793:51: error: type mismatch at end of `if true` branch, expected [] but got [i32, f64]
                                                  end
                                                  ^^^
../src/app.wat.patched:167821:51: error: type mismatch in call, expected [f64] but got [... i32]
                                                  call 236
                                                  ^^^^
../src/app.wat.patched:167822:49: error: type mismatch at end of `if true` branch, expected [] but got [i32, f64]
                                                end
                                                ^^^
../src/app.wat.patched:167849:49: error: type mismatch in call, expected [f64] but got [... i32]
                                                call 236
                                                ^^^^
../src/app.wat.patched:167850:47: error: type mismatch at end of `if true` branch, expected [] but got [i32, f64]
                                              end
                                              ^^^
../src/app.wat.patched:168265:47: error: type mismatch in call, expected [f64] but got [... i32]
                                              call 236
                                              ^^^^
../src/app.wat.patched:168266:45: error: type mismatch at end of block, expected [] but got [i32, f64]
                                            end
                                            ^^^
../src/app.wat.patched:168397:61: error: type mismatch in call, expected [i32, f64, f64, i32] but got [... i32, i32, i32, i32]
                                                            call 246
                                                            ^^^^
../src/app.wat.patched:168401:59: error: type mismatch at end of `if true` branch, expected [] but got [i32]
                                                          end
                                                          ^^^
../src/app.wat.patched:168442:59: error: type mismatch in call, expected [i32, f64, f64, i32] but got [... i32, i32, i32, i32]
                                                          call 246
                                                          ^^^^
../src/app.wat.patched:168446:57: error: type mismatch at end of `if true` branch, expected [] but got [i32]
                                                        end
                                                        ^^^
../src/app.wat.patched:168507:57: error: type mismatch in call, expected [i32, f64, f64, i32] but got [... i32, i32, i32, i32]
                                                        call 246
                                                        ^^^^
../src/app.wat.patched:168508:55: error: type mismatch at end of `if true` branch, expected [] but got [i32]
                                                      end
                                                      ^^^
../src/app.wat.patched:168555:57: error: type mismatch in call, expected [i32, f64, f64, i32] but got [... i32, i32, i32, i32]
                                                        call 246
                                                        ^^^^
../src/app.wat.patched:168557:57: error: type mismatch at end of `if true` branch, expected [] but got [i32]
                                                        i32.load offset=40
                                                        ^^^^^^^^
../src/app.wat.patched:168633:59: error: type mismatch in call, expected [i32, f64, f64, i32] but got [... i32, i32, i32, i32]
                                                          call 246
                                                          ^^^^
../src/app.wat.patched:168638:59: error: type mismatch at end of `if true` branch, expected [] but got [i32]
                                                          i32.load offset=40
                                                          ^^^^^^^^
../src/app.wat.patched:168702:53: error: type mismatch in call, expected [f64, f64] but got [... i32, i32]
                                                    call 331
                                                    ^^^^
../src/app.wat.patched:168749:45: error: type mismatch in call, expected [f64] but got [... i32]
                                            call 236
                                            ^^^^
../src/app.wat.patched:168750:43: error: type mismatch at end of `if true` branch, expected [] but got [i32, f64]
                                          end
                                          ^^^
../src/app.wat.patched:169019:41: error: type mismatch in call, expected [i32, i32] but got [i32]
                                        call 405
                                        ^^^^
../src/app.wat.patched:169020:39: error: type mismatch at end of `if true` branch, expected [] but got [i32]
                                      end
                                      ^^^
../src/app.wat.patched:169080:45: error: type mismatch in call, expected [i32, i32] but got [i32]
                                            call 405
                                            ^^^^
../src/app.wat.patched:169081:43: error: type mismatch at end of `if true` branch, expected [] but got [i32]
                                          end
                                          ^^^
../src/app.wat.patched:169381:37: error: type mismatch at end of loop, expected [] but got [i32]
                                    end
                                    ^^^
../src/app.wat.patched:169503:23: error: type mismatch in call, expected [i32, i32] but got [i32]
                      call 405
                      ^^^^
../src/app.wat.patched:169504:21: error: type mismatch at end of `if true` branch, expected [] but got [i32]
                    end
                    ^^^
../src/app.wat.patched:169564:27: error: type mismatch in call, expected [i32, i32] but got [i32]
                          call 405
                          ^^^^
../src/app.wat.patched:169565:25: error: type mismatch at end of `if true` branch, expected [] but got [i32]
                        end
                        ^^^
../src/app.wat.patched:169621:21: error: type mismatch in call, expected [i32, i32] but got [i32]
                    call 405
                    ^^^^
../src/app.wat.patched:169622:19: error: type mismatch at end of `if true` branch, expected [] but got [i32]
                  end
                  ^^^
../src/app.wat.patched:169714:15: error: type mismatch in call, expected [i32, f64, f64, f64, f64] but got [i32, i32]
              call 95
              ^^^^
../src/app.wat.patched:169788:13: error: type mismatch at end of `if true` branch, expected [] but got [i32, i32, i32, i32]
            end
            ^^^
../src/app.wat.patched:170051:13: error: type mismatch at end of `if true` branch, expected [] but got [i32, i32, i32, i32]
            end
            ^^^
../src/app.wat.patched:170128:13: error: type mismatch at end of `if true` branch, expected [] but got [i32, i32, i32, i32]
            end
            ^^^
../src/app.wat.patched:170181:13: error: type mismatch in call, expected [i32, f64, f64, f64, f64] but got [i32, i32]
            call 95
            ^^^^
../src/app.wat.patched:170287:11: error: type mismatch at end of `if true` branch, expected [] but got [... i32, i32, i32, i32]
          end
          ^^^
../src/app.wat.patched:170517:11: error: type mismatch at end of `if true` branch, expected [] but got [i32, i32, i32, i32]
          end
          ^^^
../src/app.wat.patched:170608:11: error: type mismatch at end of `if true` branch, expected [] but got [i32, i32, i32, i32]
          end
          ^^^
../src/app.wat.patched:170770:7: error: type mismatch in call, expected [i32, i32, i32, i32] but got [... f64, f64, f64, f64]
      call 537
      ^^^^
../src/app.wat.patched:170878:5: error: type mismatch at end of `if true` branch, expected [] but got [i32, i32, i32]
    end
    ^^^
../src/app.wat.patched:171577:27: error: type mismatch in call, expected [i32] but got [... i64]
                          call 496
                          ^^^^
../src/app.wat.patched:171583:27: error: type mismatch in call, expected [i32] but got [... i64]
                          call 496
                          ^^^^
../src/app.wat.patched:172333:9: error: type mismatch in call, expected [i32, i32, i32] but got [f64]
        call 441
        ^^^^
../src/app.wat.patched:172363:5: error: type mismatch in call, expected [i32, i32, i32, i32] but got [i32, i32]
    call 242
    ^^^^
../src/app.wat.patched:172706:5: error: type mismatch at end of function, expected [] but got [i32]
    i64.store offset=928)
    ^^^^^^^^^
../src/app.wat.patched:176806:13: error: type mismatch at end of block, expected [] but got [i32, i32]
            end
            ^^^
../src/app.wat.patched:176954:15: error: type mismatch in call, expected [i32, i32, i32] but got [i32, i32]
              call 198
              ^^^^
../src/app.wat.patched:177018:15: error: type mismatch in call, expected [i32, i32, i32] but got [i32, i32]
              call 198
              ^^^^
../src/app.wat.patched:177558:19: error: type mismatch in call, expected [i32, f64, i32, i32] but got [... i32, i32, i32, i32]
                  call 452
                  ^^^^
../src/app.wat.patched:177567:17: error: type mismatch at end of `if true` branch, expected [] but got [i32, i32, i32, i32]
                end
                ^^^
../src/app.wat.patched:177586:17: error: type mismatch at end of `if true` branch, expected [] but got [i32, i32, i32, i32]
                end
                ^^^
../src/app.wat.patched:177756:17: error: type mismatch at end of `if true` branch, expected [] but got [i32, i32, i32, i32]
                end
                ^^^
../src/app.wat.patched:177814:17: error: type mismatch in call, expected [i32, f64, f64, f64, f64] but got [i32, i32]
                call 95
                ^^^^
../src/app.wat.patched:177864:15: error: type mismatch at end of `if true` branch, expected [] but got [i32, i32, i32, i32]
              end
              ^^^
../src/app.wat.patched:177885:15: error: type mismatch at end of `if true` branch, expected [] but got [i32, i32, i32, i32]
              end
              ^^^
../src/app.wat.patched:178079:15: error: type mismatch at end of `if true` branch, expected [] but got [i32, i32, i32, i32]
              end
              ^^^
../src/app.wat.patched:178137:15: error: type mismatch in call, expected [i32, f64, f64, f64, f64] but got [i32, i32]
              call 95
              ^^^^
../src/app.wat.patched:178201:13: error: type mismatch at end of `if true` branch, expected [] but got [i32, i32, i32, i32]
            end
            ^^^
../src/app.wat.patched:178427:13: error: type mismatch at end of `if true` branch, expected [] but got [i32, i32, i32, i32]
            end
            ^^^
../src/app.wat.patched:178967:13: error: type mismatch in call, expected [i32, f64, f64, f64, i32, i32] but got [i32, i32, i32, i32, i32, i32]
            call 403
            ^^^^
../src/app.wat.patched:179079:7: error: type mismatch in call, expected [i32, i32, i32, i32, i32] but got [i32, i32, f32, f32, f32]
      call 34
      ^^^^
../src/app.wat.patched:179167:5: error: type mismatch at end of function, expected [] but got [... i32, i32, i32, i32]
    call 173)
    ^^^^
../src/app.wat.patched:179191:7: error: type mismatch in call, expected [i32, i32, f64, f64] but got [i32, f64, i32, i32]
      call 434
      ^^^^
../src/app.wat.patched:179192:7: error: type mismatch in return, expected [i32] but got [f64]
      return
      ^^^^^^
../src/app.wat.patched:179201:5: error: type mismatch in call, expected [i32, i64, i32] but got [... f64, i32, i32]
    call 451)
    ^^^^
../src/app.wat.patched:179248:67: error: type mismatch in call, expected [i32] but got []
                                                                  call 518
                                                                  ^^^^
../src/app.wat.patched:179270:75: error: type mismatch in call, expected [i32, i64] but got [... i64, i32]
...                                                                     call 212
                                                                        ^^^^
../src/app.wat.patched:179271:75: error: type mismatch in local.tee, expected [i64] but got [... i32]
...                                                                  local.tee 9
                                                                     ^^^^^^^^^
../src/app.wat.patched:179943:7: error: type mismatch in local.tee, expected [i64] but got [... i32]
      local.tee 21
      ^^^^^^^^^
../src/app.wat.patched:180084:5: error: type mismatch at end of `if true` branch, expected [] but got [i64, i64]
    end
    ^^^
../src/app.wat.patched:180183:13: error: type mismatch in call, expected [i32, f64, f64, i32] but got [... i32, i32, i32, i32]
            call 246
            ^^^^
../src/app.wat.patched:180190:11: error: type mismatch at end of `if true` branch, expected [] but got [i32]
          end
          ^^^
../src/app.wat.patched:180238:5: error: type mismatch at end of loop, expected [] but got [i32]
    end
    ^^^
../src/app.wat.patched:180239:5: error: type mismatch in local.set, expected [i32] but got []
    local.set 5
    ^^^^^^^^^
../src/app.wat.patched:180273:21: error: type mismatch in call, expected [i32, i32, i32] but got [i32, i32]
                    call 325
                    ^^^^
../src/app.wat.patched:180491:21: error: type mismatch in call, expected [i32, i32] but got [i32]
                    call 405
                    ^^^^
../src/app.wat.patched:180492:19: error: type mismatch at end of `if true` branch, expected [] but got [i32]
                  end
                  ^^^
../src/app.wat.patched:180534:19: error: type mismatch at end of loop, expected [] but got [i32]
                  end
                  ^^^
../src/app.wat.patched:180577:15: error: type mismatch in br_if, expected [i32] but got []
              br_if 3 (;@2;)
              ^^^^^
../src/app.wat.patched:180580:13: error: type mismatch at end of `if true` branch, expected [] but got [i32]
            end
            ^^^
../src/app.wat.patched:180737:39: error: type mismatch in call, expected [i32, i32, i32, i32] but got [i32, i32, i32]
                                      call 308
                                      ^^^^
../src/app.wat.patched:180738:37: error: type mismatch at end of `if true` branch, expected [] but got [i32]
                                    end
                                    ^^^
../src/app.wat.patched:180838:31: error: type mismatch in i32.wrap_i64, expected [i64] but got [... i32]
                              i32.wrap_i64
                              ^^^^^^^^^^^^
../src/app.wat.patched:180843:31: error: type mismatch in i32.add, expected [i32, i32] but got [... i64, i32]
                              i32.add
                              ^^^^^^^
../src/app.wat.patched:180949:29: error: type mismatch at end of loop, expected [] but got [i32, i64]
                            end
                            ^^^
../src/app.wat.patched:180968:27: error: type mismatch in br_if, expected [i32] but got []
                          br_if 6 (;@5;)
                          ^^^^^
../src/app.wat.patched:181220:23: error: type mismatch in i32.wrap_i64, expected [i64] but got [... i32]
                      i32.wrap_i64
                      ^^^^^^^^^^^^
../src/app.wat.patched:181226:23: error: type mismatch in i32.add, expected [i32, i32] but got [... i64, i32]
                      i32.add
                      ^^^^^^^
../src/app.wat.patched:181360:21: error: type mismatch at end of loop, expected [] but got [i32, i64]
                    end
                    ^^^
../src/app.wat.patched:181393:15: error: type mismatch at end of block, expected [] but got [i32]
              end
              ^^^
../src/app.wat.patched:181396:15: error: type mismatch in select, expected [any, any, i32] but got [i32]
              select
              ^^^^^^
../src/app.wat.patched:181399:15: error: type mismatch in i32.store, expected [i32, i32] but got [i32]
              i32.store offset=8
              ^^^^^^^^^
../src/app.wat.patched:181400:13: error: type mismatch in block, expected [i32] but got []
            end
            ^^^
../src/app.wat.patched:181401:11: error: type mismatch at end of block, expected [] but got [i32, i32, i32]
          end
          ^^^
../src/app.wat.patched:181605:9: error: type mismatch at end of `if true` branch, expected [] but got [i32]
        end
        ^^^
../src/app.wat.patched:181610:9: error: type mismatch in return, expected [i32] but got []
        return
        ^^^^^^
../src/app.wat.patched:183499:11: error: type mismatch at end of block, expected [] but got [i32, i32]
          end
          ^^^
../src/app.wat.patched:183925:13: error: type mismatch in call, expected [i32, i32, i32, i32, i32, i32] but got [i32, i32]
            call 327
            ^^^^
../src/app.wat.patched:183961:15: error: type mismatch in call, expected [i32, i32, i32] but got [i32]
              call 302
              ^^^^
../src/app.wat.patched:184373:15: error: type mismatch in call, expected [i32, f64, f64, f64, f64, f64] but got [i32, i32, i32]
              call 535
              ^^^^
../src/app.wat.patched:184499:23: error: type mismatch in call, expected [i32, f64, f64, f64, f64, f64] but got [i32, i32, i32]
                      call 535
                      ^^^^
../src/app.wat.patched:184511:23: error: type mismatch in call, expected [i32, f64, f64, f64, f64, f64] but got [i32, i32, i32]
                      call 535
                      ^^^^
../src/app.wat.patched:184633:21: error: type mismatch in call, expected [i32, f64, f64, f64, f64, f64] but got [i32, i32, i32]
                    call 535
                    ^^^^
../src/app.wat.patched:184653:21: error: type mismatch in call, expected [i32, f64, f64, f64, f64, f64] but got [i32, i32, i32]
                    call 535
                    ^^^^
../src/app.wat.patched:184936:9: error: type mismatch at end of block, expected [] but got [i32, i32, i32, i32]
        end
        ^^^
../src/app.wat.patched:185090:25: error: type mismatch at end of `if true` branch, expected [] but got [i32, i32, i32, i32]
                        end
                        ^^^
../src/app.wat.patched:185157:27: error: type mismatch in call, expected [i32, f64, f64, f64, f64, f64] but got [i32, i32, i32]
                          call 535
                          ^^^^
../src/app.wat.patched:185169:27: error: type mismatch in call, expected [i32, f64, f64, f64, f64, f64] but got [i32, i32, i32]
                          call 535
                          ^^^^
../src/app.wat.patched:185345:23: error: type mismatch in call, expected [i32, f64, f64, f64, f64, f64] but got [i32, i32, i32]
                      call 535
                      ^^^^
../src/app.wat.patched:185357:23: error: type mismatch in call, expected [i32, f64, f64, f64, f64, f64] but got [i32, i32, i32]
                      call 535
                      ^^^^
../src/app.wat.patched:185501:13: error: type mismatch at end of block, expected [] but got [i32]
            end
            ^^^
../src/app.wat.patched:185502:13: error: type mismatch in local.set, expected [i32] but got []
            local.set 10
            ^^^^^^^^^
../src/app.wat.patched:185509:13: error: type mismatch in br_if, expected [i32] but got []
            br_if 0 (;@4;)
            ^^^^^
../src/app.wat.patched:185574:5: error: type mismatch at end of `if true` branch, expected [] but got [i32, i32, i32, i32]
    end)
    ^^^
../src/app.wat.patched:185591:7: error: type mismatch in call, expected [i32, i32, i32, i32] but got [i32]
      call 380
      ^^^^
../src/app.wat.patched:185759:21: error: type mismatch in call, expected [i32, i32] but got [i32]
                    call 405
                    ^^^^
../src/app.wat.patched:185760:19: error: type mismatch at end of `if true` branch, expected [] but got [i32]
                  end
                  ^^^
../src/app.wat.patched:185797:19: error: type mismatch in call, expected [i32, i32] but got [i32]
                  call 57
                  ^^^^
../src/app.wat.patched:185865:15: error: type mismatch in call, expected [i32, i32] but got [i32]
              call 405
              ^^^^
../src/app.wat.patched:185866:13: error: type mismatch at end of `if true` branch, expected [] but got [i32]
            end
            ^^^
../src/app.wat.patched:185903:15: error: type mismatch in call, expected [i32, i32, i32] but got [i32]
              call 302
              ^^^^
../src/app.wat.patched:185974:19: error: type mismatch at end of `if true` branch, expected [] but got [i32]
                  i32.load
                  ^^^^^^^^
../src/app.wat.patched:186012:17: error: type mismatch at end of `if true` branch, expected [] but got [i32]
                end
                ^^^
../src/app.wat.patched:186051:17: error: type mismatch at end of `if true` branch, expected [] but got [i32]
                end
                ^^^
../src/app.wat.patched:186083:19: error: type mismatch at end of `if true` branch, expected [] but got [i32]
                  i32.load
                  ^^^^^^^^
../src/app.wat.patched:186120:17: error: type mismatch at end of `if true` branch, expected [] but got [i32]
                end
                ^^^
../src/app.wat.patched:186181:17: error: type mismatch at end of `if true` branch, expected [] but got [i32]
                end
                ^^^
../src/app.wat.patched:186283:15: error: type mismatch at end of `if true` branch, expected [] but got [i32]
              end
              ^^^
../src/app.wat.patched:186347:15: error: type mismatch at end of `if true` branch, expected [] but got [i32]
              i32.load
              ^^^^^^^^
../src/app.wat.patched:186384:13: error: type mismatch at end of `if true` branch, expected [] but got [i32]
            end
            ^^^
../src/app.wat.patched:186430:13: error: type mismatch at end of `if true` branch, expected [] but got [i32]
            end
            ^^^
../src/app.wat.patched:186472:7: error: type mismatch at end of block, expected [] but got [i32]
      end
      ^^^
../src/app.wat.patched:187193:5: error: type mismatch at end of function, expected [] but got [i32]
    i32.store8 offset=1028)
    ^^^^^^^^^^
../src/app.wat.patched:187202:5: error: type mismatch in call, expected [i32, i32, i32, i32] but got [i32, i32, i32]
    call 394)
    ^^^^
../src/app.wat.patched:187202:5: error: type mismatch in implicit return, expected [i32] but got []
    call 394)
    ^^^^
../src/app.wat.patched:187218:7: error: type mismatch in call, expected [i32, f64, f64, i32] but got [... i32, i32, i32, i32]
      call 246
      ^^^^
../src/app.wat.patched:187222:5: error: type mismatch at end of `if true` branch, expected [] but got [i32]
    end
    ^^^
../src/app.wat.patched:187540:31: error: type mismatch in call, expected [i32, i64] but got [... i64, i32]
                              call 212
                              ^^^^
../src/app.wat.patched:187541:31: error: type mismatch in i32.wrap_i64, expected [i64] but got [... i32]
                              i32.wrap_i64
                              ^^^^^^^^^^^^
../src/app.wat.patched:187547:31: error: type mismatch in i32.add, expected [i32, i32] but got [... i64, i32]
                              i32.add
                              ^^^^^^^
../src/app.wat.patched:187679:29: error: type mismatch at end of loop, expected [] but got [i32]
                            end
                            ^^^
../src/app.wat.patched:187777:19: error: type mismatch in call, expected [i32, i32, i32] but got [i32]
                  call 302
                  ^^^^
../src/app.wat.patched:187797:21: error: type mismatch in call, expected [i32, i32, i32, i32] but got [i32, i32, i32]
                    call 308
                    ^^^^
../src/app.wat.patched:187798:19: error: type mismatch at end of `if true` branch, expected [] but got [i32]
                  end
                  ^^^
../src/app.wat.patched:187899:15: error: type mismatch in call, expected [i32, i64] but got [... i64, i32]
              call 212
              ^^^^
../src/app.wat.patched:187900:15: error: type mismatch in i32.wrap_i64, expected [i64] but got [... i32]
              i32.wrap_i64
              ^^^^^^^^^^^^
../src/app.wat.patched:187905:15: error: type mismatch in i32.add, expected [i32, i32] but got [... i64, i32]
              i32.add
              ^^^^^^^
../src/app.wat.patched:188015:13: error: type mismatch at end of loop, expected [] but got [i32]
            end
            ^^^
../src/app.wat.patched:188084:11: error: type mismatch in call, expected [i32, i32] but got [i32]
          call 405
          ^^^^
../src/app.wat.patched:188085:9: error: type mismatch at end of block, expected [] but got [i32]
        end
        ^^^
../src/app.wat.patched:188133:11: error: type mismatch in call, expected [i32, i32] but got [i32]
          call 405
          ^^^^
../src/app.wat.patched:188134:9: error: type mismatch at end of `if true` branch, expected [] but got [i32]
        end
        ^^^
../src/app.wat.patched:188676:7: error: type mismatch in call, expected [i32, i32] but got [i32]
      call 421
      ^^^^
../src/app.wat.patched:188702:5: error: type mismatch in call, expected [i32, f64, f64, f64, f64, i32, i32, i32, i32, f32, f32] but got [i32, i32]
    call 445
    ^^^^
../src/app.wat.patched:188792:13: error: type mismatch in local.tee, expected [i64] but got [... i32]
            local.tee 2
            ^^^^^^^^^
../src/app.wat.patched:188905:13: error: type mismatch at end of `if true` branch, expected [] but got [i64, i64]
            select
            ^^^^^^
../src/app.wat.patched:188933:13: error: type mismatch in call, expected [i32, i32, i32] but got [i32]
            call 302
            ^^^^
../src/app.wat.patched:188965:13: error: type mismatch in call, expected [i32, i32] but got [i32]
            call 454
            ^^^^
../src/app.wat.patched:189133:9: error: type mismatch at end of block, expected [] but got [i32]
        end
        ^^^
../src/app.wat.patched:189434:29: error: type mismatch in call, expected [i32, i32] but got [i32]
                            call 405
                            ^^^^
../src/app.wat.patched:189488:27: error: type mismatch in call, expected [i32, i32, i32, i32, i32, i32, i32] but got [i32, i32]
                          call 386
                          ^^^^
../src/app.wat.patched:189489:27: error: type mismatch in br_if, expected [i32] but got []
                          br_if 1 (;@10;)
                          ^^^^^
../src/app.wat.patched:189511:29: error: type mismatch in call, expected [i32, f64, f64, i32] but got [... i32, i32, i32, i32]
                            call 246
                            ^^^^
../src/app.wat.patched:189521:27: error: type mismatch at end of `if true` branch, expected [] but got [i32]
                          end
                          ^^^
../src/app.wat.patched:189550:29: error: type mismatch in call, expected [i32, f64, f64, i32] but got [... i32, i32, i32, i32]
                            call 246
                            ^^^^
../src/app.wat.patched:189557:27: error: type mismatch at end of `if true` branch, expected [] but got [i32]
                          end
                          ^^^
../src/app.wat.patched:189610:29: error: type mismatch in call, expected [i32, f64, f64, i32] but got [... i32, i32, i32, i32]
                            call 246
                            ^^^^
../src/app.wat.patched:189614:27: error: type mismatch at end of `if true` branch, expected [] but got [i32]
                          end
                          ^^^
../src/app.wat.patched:189678:45: error: type mismatch in call, expected [i32, f64, f64, i32] but got [... i32, i32, i32, i32]
                                            call 246
                                            ^^^^
../src/app.wat.patched:189685:43: error: type mismatch at end of `if true` branch, expected [] but got [i32]
                                          end
                                          ^^^
../src/app.wat.patched:189716:43: error: type mismatch in call, expected [i32, f64, f64, i32] but got [... i32, i32, i32, i32]
                                          call 246
                                          ^^^^
../src/app.wat.patched:189723:41: error: type mismatch at end of `if true` branch, expected [] but got [i32]
                                        end
                                        ^^^
../src/app.wat.patched:189769:41: error: type mismatch in call, expected [i32, f64, f64, i32] but got [... i32, i32, i32, i32]
                                        call 246
                                        ^^^^
../src/app.wat.patched:189780:39: error: type mismatch at end of `if true` branch, expected [] but got [i32]
                                      end
                                      ^^^
../src/app.wat.patched:189829:35: error: type mismatch at end of `if true` branch, expected [] but got [i32]
                                  end
                                  ^^^
../src/app.wat.patched:189858:33: error: type mismatch at end of `if true` branch, expected [] but got [i32]
                                end
                                ^^^
../src/app.wat.patched:189901:31: error: type mismatch in call, expected [i32, f64, f64, i32] but got [... i32, i32, i32, i32]
                              call 246
                              ^^^^
../src/app.wat.patched:189907:29: error: type mismatch at end of block, expected [] but got [i32, i32]
                            end
                            ^^^
../src/app.wat.patched:189908:29: error: type mismatch in local.set, expected [i32] but got []
                            local.set 1
                            ^^^^^^^^^
../src/app.wat.patched:189921:27: error: type mismatch at end of block, expected [] but got [i32]
                          end
                          ^^^
../src/app.wat.patched:189922:27: error: type mismatch in local.tee, expected [i32] but got []
                          local.tee 1
                          ^^^^^^^^^
../src/app.wat.patched:189923:27: error: type mismatch in i32.store, expected [i32, i32] but got [i32]
                          i32.store
                          ^^^^^^^^^
../src/app.wat.patched:189954:23: error: type mismatch in br_if, expected [i32] but got []
                      br_if 2 (;@7;)
                      ^^^^^
../src/app.wat.patched:190007:27: error: type mismatch in call, expected [i32, f64, f64, i32] but got [... i32, i32, i32, i32]
                          call 246
                          ^^^^
../src/app.wat.patched:190014:25: error: type mismatch at end of `if true` branch, expected [] but got [i32]
                        end
                        ^^^
../src/app.wat.patched:190031:29: error: type mismatch in call, expected [i32, i32, i32, i32] but got [i32, i32, i32]
                            call 308
                            ^^^^
../src/app.wat.patched:190032:27: error: type mismatch at end of `if true` branch, expected [] but got [i32]
                          end
                          ^^^
../src/app.wat.patched:190038:27: error: type mismatch at end of `if true` branch, expected [] but got [i32]
                          i32.add
                          ^^^^^^^
../src/app.wat.patched:190041:25: error: type mismatch at end of `if false` branch, expected [] but got [i32]
                        end
                        ^^^
../src/app.wat.patched:190043:25: error: type mismatch in i32.store8, expected [i32, i32] but got [i32]
                        i32.store8
                        ^^^^^^^^^^
../src/app.wat.patched:190048:23: error: type mismatch in `if true` branch, expected [i32] but got []
                      end
                      ^^^
../src/app.wat.patched:190066:25: error: type mismatch in call, expected [i32, i32, i32, i32, i32, i32] but got [i32, i32]
                        call 398
                        ^^^^
../src/app.wat.patched:190115:29: error: type mismatch in br_if, expected [i32] but got []
                            br_if 7 (;@5;)
                            ^^^^^
../src/app.wat.patched:190116:27: error: type mismatch at end of `if true` branch, expected [] but got [i32]
                          end
                          ^^^
../src/app.wat.patched:190118:27: error: type mismatch in call, expected [i32, i32] but got [i32]
                          call 405
                          ^^^^
../src/app.wat.patched:190119:25: error: type mismatch at end of `if false` branch, expected [] but got [i32]
                        end
                        ^^^
../src/app.wat.patched:190144:25: error: type mismatch in br_if, expected [i32] but got []
                        br_if 6 (;@4;)
                        ^^^^^
../src/app.wat.patched:190196:21: error: type mismatch at end of `if true` branch, expected [] but got [i32, i32]
                    end
                    ^^^
../src/app.wat.patched:190365:17: error: type mismatch in call, expected [i32, i32] but got [i32]
                call 405
                ^^^^
../src/app.wat.patched:190561:17: error: type mismatch in call, expected [i32, i32] but got [i32]
                call 405
                ^^^^
../src/app.wat.patched:190851:7: error: type mismatch in local.tee, expected [i64] but got [... i32]
      local.tee 8
      ^^^^^^^^^
../src/app.wat.patched:190969:7: error: type mismatch at end of `if true` branch, expected [] but got [i64, i64]
      select
      ^^^^^^
../src/app.wat.patched:191105:25: error: type mismatch in local.tee, expected [i64] but got [... i32]
                        local.tee 8
                        ^^^^^^^^^
../src/app.wat.patched:191107:25: error: type mismatch in i32.and, expected [i32, i32] but got [... i64, i32]
                        i32.and
                        ^^^^^^^
../src/app.wat.patched:191219:25: error: type mismatch in local.tee, expected [i64] but got [... i32]
                        local.tee 8
                        ^^^^^^^^^
../src/app.wat.patched:191221:25: error: type mismatch in i32.and, expected [i32, i32] but got [... i64, i32]
                        i32.and
                        ^^^^^^^
../src/app.wat.patched:191429:17: error: type mismatch in call, expected [i32, i32, i32] but got [i32, i32]
                call 424
                ^^^^
../src/app.wat.patched:191493:13: error: type mismatch at end of loop, expected [] but got [... i32, i32, i32, i32]
            end
            ^^^
../src/app.wat.patched:191575:25: error: type mismatch in local.tee, expected [i64] but got [... i32]
                        local.tee 8
                        ^^^^^^^^^
../src/app.wat.patched:191577:25: error: type mismatch in i32.and, expected [i32, i32] but got [... i64, i32]
                        i32.and
                        ^^^^^^^
../src/app.wat.patched:191848:17: error: type mismatch at end of loop, expected [] but got [... i32, i32, i32, i32]
                end
                ^^^
../src/app.wat.patched:191894:15: error: type mismatch at end of loop, expected [] but got [... i32, i32, i32, i32]
              end
              ^^^
../src/app.wat.patched:191919:15: error: type mismatch in call, expected [i32, i32, i32] but got [i32, i32]
              call 424
              ^^^^
../src/app.wat.patched:191971:11: error: type mismatch in call, expected [i32, i32, i32] but got [i32, i32]
          call 424
          ^^^^
../src/app.wat.patched:192057:23: error: type mismatch in call, expected [i32, i32] but got [i32]
                      call 405
                      ^^^^
../src/app.wat.patched:192058:21: error: type mismatch at end of `if true` branch, expected [] but got [i32]
                    end
                    ^^^
../src/app.wat.patched:192111:23: error: type mismatch in call, expected [i32, i32] but got [i32]
                      call 405
                      ^^^^
../src/app.wat.patched:192112:21: error: type mismatch at end of `if true` branch, expected [] but got [i32]
                    end
                    ^^^
../src/app.wat.patched:192160:27: error: type mismatch in call, expected [i32, i32] but got [i32]
                          call 405
                          ^^^^
../src/app.wat.patched:192161:25: error: type mismatch at end of `if true` branch, expected [] but got [i32]
                        end
                        ^^^
../src/app.wat.patched:192215:23: error: type mismatch in call, expected [i32, i32] but got [i32]
                      call 405
                      ^^^^
../src/app.wat.patched:192216:21: error: type mismatch at end of `if true` branch, expected [] but got [i32]
                    end
                    ^^^
../src/app.wat.patched:192634:13: error: type mismatch in call, expected [i32, i32] but got [i32]
            call 405
            ^^^^
../src/app.wat.patched:192732:9: error: type mismatch at end of block, expected [] but got [i32]
        end
        ^^^
../src/app.wat.patched:193519:5: error: type mismatch at end of function, expected [] but got [i32]
    call 297)
    ^^^^
../src/app.wat.patched:193594:11: error: type mismatch in call, expected [i32, i32, i32, i32] but got [i32, i32, i32]
          call 308
          ^^^^
../src/app.wat.patched:193595:9: error: type mismatch at end of `if true` branch, expected [] but got [i32]
        end
        ^^^
../src/app.wat.patched:193717:5: error: type mismatch at end of `if true` branch, expected [] but got [i32]
    end
    ^^^
../src/app.wat.patched:194113:11: error: type mismatch in call, expected [i32, i32, i32] but got [i32]
          call 302
          ^^^^
../src/app.wat.patched:194135:9: error: type mismatch at end of `if true` branch, expected [] but got [i32]
        end
        ^^^
../src/app.wat.patched:194278:21: error: type mismatch in call, expected [i32, i32, i32, i32] but got [i32, i32, i32]
                    call 308
                    ^^^^
../src/app.wat.patched:194314:21: error: type mismatch in call, expected [i32, i32, i32, i32] but got [i32, i32, i32]
                    call 308
                    ^^^^
../src/app.wat.patched:194315:19: error: type mismatch at end of block, expected [] but got [i32]
                  end
                  ^^^
../src/app.wat.patched:194451:15: error: type mismatch in call, expected [i32, i32] but got [i32]
              call 355
              ^^^^
../src/app.wat.patched:194504:13: error: type mismatch in call, expected [i32, i32] but got [i32]
            call 355
            ^^^^
../src/app.wat.patched:194804:5: error: type mismatch at end of function, expected [] but got [i32, i32, i32]
    select)
    ^^^^^^
../src/app.wat.patched:194807:5: error: type mismatch in call, expected [f64, i32, i32] but got []
    call 233
    ^^^^
../src/app.wat.patched:194808:5: error: type mismatch in local.tee, expected [i32] but got [f64]
    local.tee 2
    ^^^^^^^^^
../src/app.wat.patched:194810:5: error: type mismatch in call, expected [i32, i32, i32, i32, i32] but got [i32, i32]
    call 181
    ^^^^
../src/app.wat.patched:194815:11: error: type mismatch in call, expected [i32, i32, f64, f64] but got [i32]
          call 31
          ^^^^
../src/app.wat.patched:194816:11: error: type mismatch in i32.eqz, expected [i32] but got []
          i32.eqz
          ^^^^^^^
../src/app.wat.patched:194818:13: error: type mismatch in call, expected [f64, i32, i32] but got []
            call 233
            ^^^^
../src/app.wat.patched:194819:13: error: type mismatch in local.tee, expected [i32] but got [f64]
            local.tee 3
            ^^^^^^^^^
../src/app.wat.patched:194825:15: error: type mismatch in call, expected [i32, i32, f64, f64] but got [i32]
              call 31
              ^^^^
../src/app.wat.patched:194826:15: error: type mismatch in i32.eqz, expected [i32] but got []
              i32.eqz
              ^^^^^^^
../src/app.wat.patched:194828:17: error: type mismatch in call, expected [f64, i32, i32] but got []
                call 233
                ^^^^
../src/app.wat.patched:194829:17: error: type mismatch in local.tee, expected [i32] but got [f64]
                local.tee 4
                ^^^^^^^^^
../src/app.wat.patched:194834:17: error: type mismatch in call, expected [i32, i32, f64, f64] but got [i32, i32, i32, i32]
                call 31
                ^^^^
../src/app.wat.patched:194835:17: error: type mismatch in i32.eqz, expected [i32] but got []
                i32.eqz
                ^^^^^^^
../src/app.wat.patched:194856:17: error: type mismatch in call, expected [i32, i32] but got [i32]
                call 57
                ^^^^
../src/app.wat.patched:194881:15: error: type mismatch in call, expected [i32, i32] but got [i32]
              call 57
              ^^^^
../src/app.wat.patched:194891:13: error: type mismatch in call, expected [i32, f64] but got [... i32, i32]
            call 107
            ^^^^
../src/app.wat.patched:194896:13: error: type mismatch in call, expected [i32, f64] but got [... i32, i32]
            call 107
            ^^^^
../src/app.wat.patched:194914:13: error: type mismatch in call, expected [f64, i32, i32] but got [... i32, i32, i32]
            call 233
            ^^^^
../src/app.wat.patched:194915:13: error: type mismatch in local.tee, expected [i32] but got [... f64]
            local.tee 5
            ^^^^^^^^^
../src/app.wat.patched:194921:13: error: type mismatch in call, expected [i32, i32, f64, f64] but got [... i32, i32, i32, i32]
            call 31
            ^^^^
../src/app.wat.patched:194947:13: error: type mismatch in call, expected [f64, i32, i32] but got [... i32, i32, i32]
            call 233
            ^^^^
../src/app.wat.patched:194948:13: error: type mismatch in local.tee, expected [i32] but got [... f64]
            local.tee 5
            ^^^^^^^^^
../src/app.wat.patched:194956:13: error: type mismatch in call, expected [i32, i32, f64, f64] but got [... i32, i32, i32, i32]
            call 31
            ^^^^
../src/app.wat.patched:194977:15: error: type mismatch in call, expected [i32, i32] but got [i32]
              call 57
              ^^^^
../src/app.wat.patched:195081:11: error: type mismatch in call, expected [i32, i32] but got [i32]
          call 57
          ^^^^
../src/app.wat.patched:195109:9: error: type mismatch in call, expected [i32, i32] but got [i32]
        call 57
        ^^^^
../src/app.wat.patched:195130:7: error: type mismatch in call, expected [i32, i32] but got [i32]
      call 57
      ^^^^
../src/app.wat.patched:195151:5: error: type mismatch in call, expected [i32, i32] but got [i32]
    call 57)
    ^^^^
../src/app.wat.patched:195179:7: error: type mismatch in call, expected [i32, f64, f64, i32] but got [... i32, i32, i32, i32]
      call 246
      ^^^^
../src/app.wat.patched:195183:5: error: type mismatch at end of `if true` branch, expected [] but got [i32]
    end
    ^^^
../src/app.wat.patched:195241:7: error: type mismatch in call, expected [i32, i32, i32, i32, i32] but got [i32, i32, f32, f32, f32]
      call 34
      ^^^^
../src/app.wat.patched:195360:5: error: type mismatch at end of function, expected [] but got [... i32, i32, i32, i32]
    call 173)
    ^^^^
../src/app.wat.patched:195363:5: error: type mismatch in call, expected [f64, i32, i32] but got []
    call 233
    ^^^^
../src/app.wat.patched:195364:5: error: type mismatch in local.tee, expected [i32] but got [f64]
    local.tee 1
    ^^^^^^^^^
../src/app.wat.patched:195368:5: error: type mismatch in call, expected [i32, i32, f64, f64] but got [i32, i32, i32]
    call 31
    ^^^^
../src/app.wat.patched:195369:5: error: type mismatch in if, expected [i32] but got []
    if (result i32)  ;; label = @1
    ^^
../src/app.wat.patched:195397:7: error: type mismatch in call, expected [i32, i32] but got [i32]
      call 57
      ^^^^
../src/app.wat.patched:195731:19: error: type mismatch in call, expected [i32, i32, i32, i32] but got [i32, i32, i32]
                  call 308
                  ^^^^
../src/app.wat.patched:198030:5: error: type mismatch in call, expected [i32, i32, i32, i32, i32] but got [i32, i32]
    call 527
    ^^^^
../src/app.wat.patched:198034:5: error: type mismatch in call, expected [i32, i32, i32, i32, i32] but got [i32, i32]
    call 527
    ^^^^
../src/app.wat.patched:198220:17: error: type mismatch in call, expected [i32, i32] but got [i32]
                call 405
                ^^^^
../src/app.wat.patched:198340:19: error: type mismatch in call, expected [i32, i32, f64, f64, f64, f64, f64, f64, f64, f64] but got [i32, f64, f64, i32, f64, i32, f64, i64]
                  call 554
                  ^^^^
../src/app.wat.patched:198382:17: error: type mismatch in call, expected [i32, i32] but got [i32]
                call 405
                ^^^^
../src/app.wat.patched:198383:15: error: type mismatch at end of block, expected [] but got [i32]
              end
              ^^^
../src/app.wat.patched:198639:11: error: type mismatch in call, expected [i32, i32, i32, i32] but got [i32, i32]
          call 209
          ^^^^
../src/app.wat.patched:198651:13: error: type mismatch in call, expected [i32, i32, i32, i32] but got [i32, i32]
            call 209
            ^^^^
../src/app.wat.patched:198662:13: error: type mismatch in call, expected [i32, i32, i32, i32] but got [i32, i32, i32]
            call 209
            ^^^^
../src/app.wat.patched:198860:13: error: type mismatch in call, expected [i32, i32, i32, i32] but got [i32, i32, i32]
            call 209
            ^^^^
../src/app.wat.patched:198866:11: error: type mismatch at end of block, expected [] but got [i32]
          end
          ^^^
../src/app.wat.patched:198870:9: error: type mismatch at end of block, expected [] but got [i32]
        end
        ^^^
../src/app.wat.patched:199078:25: error: type mismatch in call, expected [i32, f64, f64, f64, f64, f64] but got [i32, i32, i32]
                        call 535
                        ^^^^
../src/app.wat.patched:199094:29: error: type mismatch in call, expected [i32, i32] but got []
                            call 287
                            ^^^^
../src/app.wat.patched:199117:25: error: type mismatch in call, expected [i32, f64, f64, f64, f64, f64] but got [i32, i32, i32]
                        call 535
                        ^^^^
../src/app.wat.patched:199130:31: error: type mismatch in call, expected [i32, i32] but got []
                              call 287
                              ^^^^
../src/app.wat.patched:199218:23: error: type mismatch in call, expected [i32, f64, f64, f64, f64, f64] but got [i32, i32, i32]
                      call 535
                      ^^^^
../src/app.wat.patched:199234:27: error: type mismatch in call, expected [i32, i32] but got []
                          call 287
                          ^^^^
../src/app.wat.patched:199257:23: error: type mismatch in call, expected [i32, f64, f64, f64, f64, f64] but got [i32, i32, i32]
                      call 535
                      ^^^^
../src/app.wat.patched:199399:17: error: type mismatch in local.set, expected [i32] but got []
                local.set 4
                ^^^^^^^^^
../src/app.wat.patched:199410:15: error: type mismatch in local.set, expected [i32] but got []
              local.set 11
              ^^^^^^^^^
../src/app.wat.patched:199417:15: error: type mismatch in i32.ne, expected [i32, i32] but got [i32]
              i32.ne
              ^^^^^^
../src/app.wat.patched:199453:23: error: type mismatch in i32.eqz, expected [i32] but got []
                      i32.eqz
                      ^^^^^^^
../src/app.wat.patched:199523:23: error: type mismatch in call, expected [i32, f64, f64, f64, f64, f64] but got [i32, i32, i32]
                      call 535
                      ^^^^
../src/app.wat.patched:199540:27: error: type mismatch in call, expected [i32, i32] but got []
                          call 287
                          ^^^^
../src/app.wat.patched:199563:23: error: type mismatch in call, expected [i32, f64, f64, f64, f64, f64] but got [i32, i32, i32]
                      call 535
                      ^^^^
../src/app.wat.patched:199577:29: error: type mismatch in call, expected [i32, i32] but got []
                            call 287
                            ^^^^
../src/app.wat.patched:199670:23: error: type mismatch in call, expected [i32, f64, f64, f64, f64, f64] but got [i32, i32, i32, i32]
                      call 535
                      ^^^^
../src/app.wat.patched:199686:27: error: type mismatch in call, expected [i32, i32] but got []
                          call 287
                          ^^^^
../src/app.wat.patched:199713:23: error: type mismatch in call, expected [i32, f64, f64, f64, f64, f64] but got [i32, i32, i32]
                      call 535
                      ^^^^
../src/app.wat.patched:199715:23: error: type mismatch in i32.add, expected [i32, i32] but got [i32]
                      i32.add
                      ^^^^^^^
../src/app.wat.patched:199729:29: error: type mismatch in call, expected [i32, i32] but got []
                            call 287
                            ^^^^
../src/app.wat.patched:199899:27: error: type mismatch in call, expected [i32, i32] but got []
                          call 287
                          ^^^^
../src/app.wat.patched:199922:23: error: type mismatch in call, expected [i32, f64, f64, f64, f64, f64] but got [i32, i32, i32]
                      call 535
                      ^^^^
../src/app.wat.patched:199936:29: error: type mismatch in call, expected [i32, i32] but got []
                            call 287
                            ^^^^
../src/app.wat.patched:200036:23: error: type mismatch in call, expected [i32, f64, f64, f64, f64, f64] but got [i32, i32, i32, i32]
                      call 535
                      ^^^^
../src/app.wat.patched:200052:27: error: type mismatch in call, expected [i32, i32] but got []
                          call 287
                          ^^^^
../src/app.wat.patched:200071:23: error: type mismatch in i32.xor, expected [i32, i32] but got [i32]
                      i32.xor
                      ^^^^^^^
../src/app.wat.patched:200078:23: error: type mismatch in call, expected [i32, f64, f64, f64, f64, f64] but got [i32, i32, i32]
                      call 535
                      ^^^^
../src/app.wat.patched:200090:27: error: type mismatch in call, expected [i32, i32] but got []
                          call 287
                          ^^^^
../src/app.wat.patched:200232:27: error: type mismatch in call, expected [i32, i32] but got []
                          call 287
                          ^^^^
../src/app.wat.patched:200255:23: error: type mismatch in call, expected [i32, f64, f64, f64, f64, f64] but got [i32, i32, i32]
                      call 535
                      ^^^^
../src/app.wat.patched:200268:29: error: type mismatch in call, expected [i32, i32] but got []
                            call 287
                            ^^^^
../src/app.wat.patched:200373:19: error: type mismatch in local.set, expected [i32] but got []
                  local.set 4
                  ^^^^^^^^^
../src/app.wat.patched:200451:19: error: type mismatch in call, expected [i32, f64, f64, f64, f64, f64] but got [i32, i32, i32]
                  call 535
                  ^^^^
../src/app.wat.patched:200467:23: error: type mismatch in call, expected [i32, i32] but got []
                      call 287
                      ^^^^
../src/app.wat.patched:200490:19: error: type mismatch in call, expected [i32, f64, f64, f64, f64, f64] but got [i32, i32, i32]
                  call 535
                  ^^^^
../src/app.wat.patched:200620:15: error: type mismatch in i32.add, expected [i32, i32] but got [i32]
              i32.add
              ^^^^^^^
../src/app.wat.patched:200648:15: error: type mismatch in call, expected [i32, i64, i64, i64, i64] but got [i32, i32, i32, i32]
              call 497
              ^^^^
../src/app.wat.patched:200724:15: error: type mismatch in select, expected [i32, i32, i32] but got [i32, i32]
              select
              ^^^^^^
../src/app.wat.patched:200751:15: error: type mismatch in i32.add, expected [i32, i32] but got [i32]
              i32.add
              ^^^^^^^
../src/app.wat.patched:200776:15: error: type mismatch in i32.add, expected [i32, i32] but got [i32]
              i32.add
              ^^^^^^^
../src/app.wat.patched:200805:15: error: type mismatch in i32.add, expected [i32, i32] but got [i32]
              i32.add
              ^^^^^^^
../src/app.wat.patched:200835:15: error: type mismatch in select, expected [i32, i32, i32] but got [i32, i32]
              select
              ^^^^^^
../src/app.wat.patched:200862:15: error: type mismatch in i32.add, expected [i32, i32] but got [i32]
              i32.add
              ^^^^^^^
../src/app.wat.patched:200888:15: error: type mismatch in i32.add, expected [i32, i32] but got [i32]
              i32.add
              ^^^^^^^
../src/app.wat.patched:200914:15: error: type mismatch in i32.add, expected [i32, i32] but got [i32]
              i32.add
              ^^^^^^^
../src/app.wat.patched:200940:15: error: type mismatch in select, expected [i32, i32, i32] but got [i32, i32]
              select
              ^^^^^^
../src/app.wat.patched:200977:15: error: type mismatch in i32.store, expected [i32, i32] but got [i32]
              i32.store offset=12
              ^^^^^^^^^
../src/app.wat.patched:200991:15: error: type mismatch in i32.add, expected [i32, i32] but got [i32]
              i32.add
              ^^^^^^^
../src/app.wat.patched:201016:15: error: type mismatch in i32.add, expected [i32, i32] but got [i32]
              i32.add
              ^^^^^^^
../src/app.wat.patched:201041:15: error: type mismatch in i32.add, expected [i32, i32] but got [i32]
              i32.add
              ^^^^^^^
../src/app.wat.patched:201067:15: error: type mismatch in i32.add, expected [i32, i32] but got [i32]
              i32.add
              ^^^^^^^
../src/app.wat.patched:201092:15: error: type mismatch in i32.add, expected [i32, i32] but got [i32]
              i32.add
              ^^^^^^^
../src/app.wat.patched:201122:15: error: type mismatch in select, expected [i32, i32, i32] but got [i32, i32]
              select
              ^^^^^^
../src/app.wat.patched:201145:15: error: type mismatch in i32.add, expected [i32, i32] but got [i32]
              i32.add
              ^^^^^^^
../src/app.wat.patched:201205:15: error: type mismatch in i32.add, expected [i32, i32] but got [i32]
              i32.add
              ^^^^^^^
../src/app.wat.patched:201230:15: error: type mismatch in i32.add, expected [i32, i32] but got [i32]
              i32.add
              ^^^^^^^
../src/app.wat.patched:201255:15: error: type mismatch in i32.add, expected [i32, i32] but got [i32]
              i32.add
              ^^^^^^^
../src/app.wat.patched:201284:15: error: type mismatch in i32.add, expected [i32, i32] but got [i32]
              i32.add
              ^^^^^^^
../src/app.wat.patched:201309:15: error: type mismatch in i32.add, expected [i32, i32] but got [i32]
              i32.add
              ^^^^^^^
../src/app.wat.patched:201338:15: error: type mismatch in i32.add, expected [i32, i32] but got [i32]
              i32.add
              ^^^^^^^
../src/app.wat.patched:201363:15: error: type mismatch in i32.add, expected [i32, i32] but got [i32]
              i32.add
              ^^^^^^^
../src/app.wat.patched:201396:13: error: type mismatch in select, expected [i32, i32, i32] but got [i32, i32]
            select
            ^^^^^^
../src/app.wat.patched:201446:13: error: type mismatch in i32.add, expected [i32, i32] but got [i32]
            i32.add
            ^^^^^^^
../src/app.wat.patched:201471:13: error: type mismatch in i32.add, expected [i32, i32] but got [i32]
            i32.add
            ^^^^^^^
../src/app.wat.patched:201500:13: error: type mismatch in i32.add, expected [i32, i32] but got [i32]
            i32.add
            ^^^^^^^
../src/app.wat.patched:201525:13: error: type mismatch in i32.add, expected [i32, i32] but got [i32]
            i32.add
            ^^^^^^^
../src/app.wat.patched:201554:13: error: type mismatch in i32.add, expected [i32, i32] but got [i32]
            i32.add
            ^^^^^^^
../src/app.wat.patched:201611:13: error: type mismatch in i32.add, expected [i32, i32] but got [i32]
            i32.add
            ^^^^^^^
../src/app.wat.patched:201636:13: error: type mismatch in i32.add, expected [i32, i32] but got [i32]
            i32.add
            ^^^^^^^
../src/app.wat.patched:201665:13: error: type mismatch in i32.add, expected [i32, i32] but got [i32]
            i32.add
            ^^^^^^^
../src/app.wat.patched:201691:13: error: type mismatch in select, expected [i32, i32, i32] but got [i32, i32]
            select
            ^^^^^^
../src/app.wat.patched:201714:13: error: type mismatch in i32.add, expected [i32, i32] but got [i32]
            i32.add
            ^^^^^^^
../src/app.wat.patched:201743:13: error: type mismatch in i32.add, expected [i32, i32] but got [i32]
            i32.add
            ^^^^^^^
../src/app.wat.patched:201772:13: error: type mismatch in i32.add, expected [i32, i32] but got [i32]
            i32.add
            ^^^^^^^
../src/app.wat.patched:201824:13: error: type mismatch in i32.add, expected [i32, i32] but got [i32]
            i32.add
            ^^^^^^^
../src/app.wat.patched:201849:13: error: type mismatch in i32.add, expected [i32, i32] but got [i32]
            i32.add
            ^^^^^^^
../src/app.wat.patched:201883:13: error: type mismatch in i32.add, expected [i32, i32] but got [i32]
            i32.add
            ^^^^^^^
../src/app.wat.patched:201909:13: error: type mismatch in i32.add, expected [i32, i32] but got [i32]
            i32.add
            ^^^^^^^
../src/app.wat.patched:201934:13: error: type mismatch in i32.add, expected [i32, i32] but got [i32]
            i32.add
            ^^^^^^^
../src/app.wat.patched:201960:13: error: type mismatch in select, expected [i32, i32, i32] but got [i32, i32]
            select
            ^^^^^^
../src/app.wat.patched:201983:13: error: type mismatch in i32.add, expected [i32, i32] but got [i32]
            i32.add
            ^^^^^^^
../src/app.wat.patched:202008:13: error: type mismatch in i32.add, expected [i32, i32] but got [i32]
            i32.add
            ^^^^^^^
../src/app.wat.patched:202041:13: error: type mismatch in i32.add, expected [i32, i32] but got [i32]
            i32.add
            ^^^^^^^
../src/app.wat.patched:202066:13: error: type mismatch in i32.add, expected [i32, i32] but got [i32]
            i32.add
            ^^^^^^^
../src/app.wat.patched:202093:13: error: type mismatch in select, expected [i32, i32, i32] but got [i32, i32]
            select
            ^^^^^^
../src/app.wat.patched:202116:13: error: type mismatch in i32.add, expected [i32, i32] but got [i32]
            i32.add
            ^^^^^^^
../src/app.wat.patched:202142:13: error: type mismatch in i32.add, expected [i32, i32] but got [i32]
            i32.add
            ^^^^^^^
../src/app.wat.patched:202167:13: error: type mismatch in i32.add, expected [i32, i32] but got [i32]
            i32.add
            ^^^^^^^
../src/app.wat.patched:202196:13: error: type mismatch in i32.add, expected [i32, i32] but got [i32]
            i32.add
            ^^^^^^^
../src/app.wat.patched:202222:13: error: type mismatch in i32.add, expected [i32, i32] but got [i32]
            i32.add
            ^^^^^^^
../src/app.wat.patched:202247:13: error: type mismatch in i32.add, expected [i32, i32] but got [i32]
            i32.add
            ^^^^^^^
../src/app.wat.patched:202272:13: error: type mismatch in i32.add, expected [i32, i32] but got [i32]
            i32.add
            ^^^^^^^
../src/app.wat.patched:202301:13: error: type mismatch in i32.add, expected [i32, i32] but got [i32]
            i32.add
            ^^^^^^^
../src/app.wat.patched:202326:13: error: type mismatch in i32.add, expected [i32, i32] but got [i32]
            i32.add
            ^^^^^^^
../src/app.wat.patched:202352:13: error: type mismatch in i32.add, expected [i32, i32] but got [i32]
            i32.add
            ^^^^^^^
../src/app.wat.patched:202405:13: error: type mismatch in i32.add, expected [i32, i32] but got [i32]
            i32.add
            ^^^^^^^
../src/app.wat.patched:202434:13: error: type mismatch in i32.add, expected [i32, i32] but got [i32]
            i32.add
            ^^^^^^^
../src/app.wat.patched:202467:13: error: type mismatch in i32.add, expected [i32, i32] but got [i32]
            i32.add
            ^^^^^^^
../src/app.wat.patched:202493:13: error: type mismatch in i32.add, expected [i32, i32] but got [i32]
            i32.add
            ^^^^^^^
../src/app.wat.patched:202518:13: error: type mismatch in i32.add, expected [i32, i32] but got [i32]
            i32.add
            ^^^^^^^
../src/app.wat.patched:202543:13: error: type mismatch in i32.add, expected [i32, i32] but got [i32]
            i32.add
            ^^^^^^^
../src/app.wat.patched:202569:13: error: type mismatch in i32.add, expected [i32, i32] but got [i32]
            i32.add
            ^^^^^^^
../src/app.wat.patched:202643:11: error: type mismatch in i32.store, expected [i32, i32] but got [i32]
          i32.store
          ^^^^^^^^^
../src/app.wat.patched:202655:11: error: type mismatch in i32.store, expected [i32, i32] but got [i32]
          i32.store
          ^^^^^^^^^
../src/app.wat.patched:202943:13: error: type mismatch in call, expected [i32, i32, i32, i32] but got [... f64, f64, f64, f64]
            call 537
            ^^^^
../src/app.wat.patched:203502:15: error: type mismatch in call, expected [i32, i32, i32] but got [i32]
              call 302
              ^^^^
../src/app.wat.patched:203580:11: error: type mismatch at end of loop, expected [] but got [i32, i32, i32, i32]
          end
          ^^^
../src/app.wat.patched:203802:23: error: type mismatch in call, expected [i32, i32] but got [i32]
                      call 405
                      ^^^^
../src/app.wat.patched:203811:21: error: type mismatch in call, expected [f64, f64] but got [... i32, i32]
                    call 331
                    ^^^^
../src/app.wat.patched:203812:19: error: type mismatch at end of block, expected [] but got [i32, f64]
                  end
                  ^^^
../src/app.wat.patched:203912:31: error: type mismatch in call, expected [f64, f64] but got [... i32, i32]
                              call 331
                              ^^^^
../src/app.wat.patched:203988:25: error: type mismatch in call, expected [i32, i32] but got [i32]
                        call 405
                        ^^^^
../src/app.wat.patched:203989:23: error: type mismatch at end of block, expected [] but got [i32]
                      end
                      ^^^
../src/app.wat.patched:204068:5: error: type mismatch at end of `if true` branch, expected [] but got [... i32, i32, i32, i32]
    end
    ^^^
../src/app.wat.patched:204093:5: error: type mismatch at end of function, expected [] but got [i32]
    select)
    ^^^^^^
../src/app.wat.patched:204218:7: error: type mismatch in call, expected [i32, i32, i32, i32] but got [f64, f64, f64, f64]
      call 457
      ^^^^
../src/app.wat.patched:204219:7: error: type mismatch in f64.sub, expected [f64, f64] but got [i32]
      f64.sub
      ^^^^^^^
../src/app.wat.patched:204221:7: error: type mismatch in f64.sub, expected [f64, f64] but got [f64]
      f64.sub
      ^^^^^^^
../src/app.wat.patched:204330:5: error: type mismatch in call, expected [i32] but got [... f64]
    call 330
    ^^^^
../src/app.wat.patched:204336:5: error: type mismatch in call, expected [i32] but got [f64]
    call 499
    ^^^^
../src/app.wat.patched:204337:5: error: type mismatch in local.set, expected [f64] but got []
    local.set 3
    ^^^^^^^^^
../src/app.wat.patched:204352:5: error: type mismatch in call, expected [i32] but got [f64]
    call 499
    ^^^^
../src/app.wat.patched:204353:5: error: type mismatch in local.set, expected [f64] but got []
    local.set 4
    ^^^^^^^^^
../src/app.wat.patched:204479:13: error: type mismatch at end of `if true` branch, expected [] but got [i32]
            end
            ^^^
../src/app.wat.patched:204559:13: error: type mismatch at end of `if true` branch, expected [] but got [i32]
            end
            ^^^
../src/app.wat.patched:204577:15: error: type mismatch at end of `if true` branch, expected [] but got [i32]
              i32.load
              ^^^^^^^^
../src/app.wat.patched:204640:13: error: type mismatch in call, expected [i32, i32] but got [i32]
            call 405
            ^^^^
../src/app.wat.patched:204641:11: error: type mismatch at end of `if false` branch, expected [] but got [i32]
          end
          ^^^
../src/app.wat.patched:204647:11: error: type mismatch in call, expected [i32, i32, i32, i32, i32, i32] but got [i32, i32]
          call 362
          ^^^^
../src/app.wat.patched:204847:41: error: type mismatch in call, expected [i32, i32, i32] but got [i32, i32]
                                        call 352
                                        ^^^^
../src/app.wat.patched:204886:41: error: type mismatch in call, expected [i32, i32] but got [i32]
                                        call 405
                                        ^^^^
../src/app.wat.patched:205101:49: error: type mismatch in call, expected [i32, i32] but got [i32]
                                                call 405
                                                ^^^^
../src/app.wat.patched:205173:51: error: type mismatch in call, expected [i32, i32, f64, f64, f64, f64, f64, f64, f64, f64] but got [i32, f64, f64, i32, f64, i32, f64, i64]
                                                  call 554
                                                  ^^^^
../src/app.wat.patched:205218:49: error: type mismatch in call, expected [i32, i32] but got [i32]
                                                call 405
                                                ^^^^
../src/app.wat.patched:205219:47: error: type mismatch at end of block, expected [] but got [i32]
                                              end
                                              ^^^
../src/app.wat.patched:205330:43: error: type mismatch in call, expected [i32, i32] but got [i32]
                                          call 405
                                          ^^^^
../src/app.wat.patched:205331:41: error: type mismatch at end of `if true` branch, expected [] but got [i32]
                                        end
                                        ^^^
../src/app.wat.patched:205384:39: error: type mismatch in call, expected [i32, i32] but got [i32]
                                      call 405
                                      ^^^^
../src/app.wat.patched:205385:37: error: type mismatch at end of `if true` branch, expected [] but got [i32]
                                    end
                                    ^^^
../src/app.wat.patched:205477:39: error: type mismatch in call, expected [i32, i32] but got [i32]
                                      call 405
                                      ^^^^
../src/app.wat.patched:205478:37: error: type mismatch at end of block, expected [] but got [i32]
                                    end
                                    ^^^
../src/app.wat.patched:205532:9: error: type mismatch in call, expected [i32, i32, i32, i32, i32, i32, i32, i32] but got [i32]
        call 475
        ^^^^
../src/app.wat.patched:205582:11: error: type mismatch in call, expected [i32, i32] but got [i32]
          call 405
          ^^^^
../src/app.wat.patched:205583:9: error: type mismatch at end of `if true` branch, expected [] but got [i32]
        end
        ^^^
../src/app.wat.patched:205732:15: error: type mismatch at end of block, expected [] but got [i32]
              end
              ^^^
../src/app.wat.patched:205819:19: error: type mismatch in call, expected [i32, i32] but got [i32]
                  call 355
                  ^^^^
../src/app.wat.patched:205842:17: error: type mismatch in call, expected [i32, i32] but got [i32]
                call 355
                ^^^^
../src/app.wat.patched:205923:15: error: type mismatch in call, expected [i32, i32] but got [... i64, i32]
              call 319
              ^^^^
../src/app.wat.patched:205933:17: error: type mismatch in call, expected [i32, i32, i32] but got [i32, i32]
                call 273
                ^^^^
../src/app.wat.patched:205934:15: error: type mismatch at end of `if true` branch, expected [] but got [i32]
              end
              ^^^
../src/app.wat.patched:206230:25: error: type mismatch in call, expected [i32, i32] but got [i32]
                        call 405
                        ^^^^
../src/app.wat.patched:206611:13: error: type mismatch in call, expected [i32] but got [... i64]
            call 496
            ^^^^
../src/app.wat.patched:207251:23: error: type mismatch in call, expected [i32, i32] but got [i32]
                      call 405
                      ^^^^
../src/app.wat.patched:207252:21: error: type mismatch at end of block, expected [] but got [i32]
                    end
                    ^^^
../src/app.wat.patched:207314:17: error: type mismatch in call, expected [i32, i32] but got [i32]
                call 405
                ^^^^
../src/app.wat.patched:207315:15: error: type mismatch at end of block, expected [] but got [i32]
              end
              ^^^
../src/app.wat.patched:208270:11: error: type mismatch at end of block, expected [] but got [i32]
          end
          ^^^
../src/app.wat.patched:208878:11: error: type mismatch at end of block, expected [] but got [i32]
          end
          ^^^
../src/app.wat.patched:209034:17: error: type mismatch in call, expected [i32] but got [... i64]
                call 496
                ^^^^
../src/app.wat.patched:209275:13: error: type mismatch in call, expected [i32, i32, i32] but got [... i64, i64, i64]
            call 483
            ^^^^
../src/app.wat.patched:209361:11: error: type mismatch in call, expected [i32, i32, i32] but got [... i64, i64, i64]
          call 483
          ^^^^
../src/app.wat.patched:209385:9: error: type mismatch in call, expected [i32, i32, i32] but got [... i64, i64, i64]
        call 483
        ^^^^
../src/app.wat.patched:210885:1641: error: type mismatch in call, expected [i32, i32, i32, i32] but got [i32, i32, i32]
...                                                                     call 209
                                                                        ^^^^
../src/app.wat.patched:211230:1639: error: type mismatch at end of loop, expected [] but got [i32]
...                                                                          end
                                                                             ^^^
../src/app.wat.patched:211361:1641: error: type mismatch in call, expected [i32, i32] but got [i32]
...                                                                     call 405
                                                                        ^^^^
../src/app.wat.patched:211625:1631: error: type mismatch in call, expected [i32, i32, i64, i32] but got [i32, i32, i32]
...                                                                     call 419
                                                                        ^^^^
../src/app.wat.patched:211638:1631: error: type mismatch in call, expected [i32, i32, i64, i32] but got [i32, i32, i32, i32]
...                                                                     call 419
                                                                        ^^^^
../src/app.wat.patched:211645:1631: error: type mismatch in call, expected [i32, i32, i64, i32] but got [i32, i32, i32, i32]
...                                                                     call 419
                                                                        ^^^^
../src/app.wat.patched:211657:1631: error: type mismatch in call, expected [i32, i32, i64, i32] but got [i32, i32, i32, i32]
...                                                                     call 419
                                                                        ^^^^
../src/app.wat.patched:211661:1631: error: type mismatch in call, expected [i32, i32, i64, i32] but got [i32, i32, i32, i32]
...                                                                     call 419
                                                                        ^^^^
../src/app.wat.patched:211665:1631: error: type mismatch in call, expected [i32, i32, i64, i32] but got [i32, i32, i32, i32]
...                                                                     call 419
                                                                        ^^^^
../src/app.wat.patched:211676:1631: error: type mismatch in call, expected [i32, i32, i64, i32] but got [i32, i32, i32, i32]
...                                                                     call 419
                                                                        ^^^^
../src/app.wat.patched:211680:1631: error: type mismatch in call, expected [i32, i32, i64, i32] but got [i32, i32, i32, i32]
...                                                                     call 419
                                                                        ^^^^
../src/app.wat.patched:211684:1631: error: type mismatch in call, expected [i32, i32, i64, i32] but got [i32, i32, i32, i32]
...                                                                     call 419
                                                                        ^^^^
../src/app.wat.patched:211702:1631: error: type mismatch in call, expected [i32, i32, i64, i32] but got [i32, i32, i32, i32]
...                                                                     call 419
                                                                        ^^^^
../src/app.wat.patched:211708:1631: error: type mismatch in call, expected [i32, i32, i64, i32] but got [i32, i32, i32, i32]
...                                                                     call 419
                                                                        ^^^^
../src/app.wat.patched:211714:1631: error: type mismatch in call, expected [i32, i32, i64, i32] but got [i32, i32, i32, i32]
...                                                                     call 419
                                                                        ^^^^
../src/app.wat.patched:211720:1631: error: type mismatch in call, expected [i32, i32, i64, i32] but got [i32, i32, i32, i32]
...                                                                     call 419
                                                                        ^^^^
../src/app.wat.patched:211760:1641: error: type mismatch in call, expected [i32, i32, i32, i32] but got [i32, i32, i32]
...                                                                     call 197
                                                                        ^^^^
../src/app.wat.patched:211770:1641: error: type mismatch in call, expected [i32, f64, i32, i32] but got [i32, i32, i32, i32]
...                                                                     call 435
                                                                        ^^^^
../src/app.wat.patched:211777:1641: error: type mismatch in call, expected [i32, i32, i64, i32] but got [i32, i32, i32, i32]
...                                                                     call 419
                                                                        ^^^^
../src/app.wat.patched:211781:1641: error: type mismatch in call, expected [i32, i32, i64, i32] but got [i32, i32, i32, i32]
...                                                                     call 419
                                                                        ^^^^
../src/app.wat.patched:211785:1641: error: type mismatch in call, expected [i32, i32, i64, i32] but got [i32, i32, i32, i32]
...                                                                     call 419
                                                                        ^^^^
../src/app.wat.patched:211789:1641: error: type mismatch in call, expected [i32, i32, i64, i32] but got [i32, i32, i32, i32]
...                                                                     call 419
                                                                        ^^^^
../src/app.wat.patched:212089:1639: error: type mismatch in call, expected [i32, i32, i32] but got [i32, i32]
...                                                                     call 290
                                                                        ^^^^
../src/app.wat.patched:212158:1639: error: type mismatch in call, expected [i32, i32, i64, i32] but got [... i32, i32, i32, i32]
...                                                                     call 419
                                                                        ^^^^
../src/app.wat.patched:212164:1639: error: type mismatch in call, expected [i32, i32, i64, i32] but got [... i32, i32, i32, i32]
...                                                                     call 419
                                                                        ^^^^
../src/app.wat.patched:213990:1643: error: type mismatch in call, expected [i32, i32, i64, i32] but got [i32, i32, i32]
...                                                                     call 419
                                                                        ^^^^
../src/app.wat.patched:213998:1643: error: type mismatch in call, expected [i32, i32, i64, i32] but got [i32, i32, i32, i32]
...                                                                     call 419
                                                                        ^^^^
../src/app.wat.patched:214459:1643: error: type mismatch in call, expected [i32, i32, i64, i32] but got [... i64, i32, i32, i32]
...                                                                     call 419
                                                                        ^^^^
../src/app.wat.patched:214469:1643: error: type mismatch in call, expected [i32, i32, i64, i32] but got [... i32, i32, i32, i32]
...                                                                     call 419
                                                                        ^^^^
../src/app.wat.patched:214535:1643: error: type mismatch in call, expected [i32, i32, i64, i32] but got [... i32, i32, i32, i32]
...                                                                     call 419
                                                                        ^^^^
../src/app.wat.patched:214543:1643: error: type mismatch in call, expected [i32, i32, i64, i32] but got [... i32, i32, i32, i32]
...                                                                     call 419
                                                                        ^^^^
../src/app.wat.patched:214612:1643: error: type mismatch in i64.add, expected [i64, i64] but got [... i32, i64]
...                                                                      i64.add
                                                                         ^^^^^^^
../src/app.wat.patched:215027:1639: error: type mismatch in call, expected [i32, i32, i64, i32] but got [... i32, i32, i32, i32]
...                                                                     call 419
                                                                        ^^^^
../src/app.wat.patched:215033:1639: error: type mismatch in call, expected [i32, i32, i64, i32] but got [... i32, i32, i32, i32]
...                                                                     call 419
                                                                        ^^^^
../src/app.wat.patched:215282:1639: error: type mismatch in call, expected [f64, f64] but got [... i32, i32]
...                                                                     call 331
                                                                        ^^^^
../src/app.wat.patched:215322:1631: error: type mismatch in call, expected [i32, i32, i32, i32] but got [i32, i32, i32]
...                                                                     call 197
                                                                        ^^^^
../src/app.wat.patched:215332:1631: error: type mismatch in call, expected [i32, f64, i32, i32] but got [i32, i32, i32, i32]
...                                                                     call 435
                                                                        ^^^^
../src/app.wat.patched:215339:1631: error: type mismatch in call, expected [i32, i32, i64, i32] but got [i32, i32, i32, i32]
...                                                                     call 419
                                                                        ^^^^
../src/app.wat.patched:215343:1631: error: type mismatch in call, expected [i32, i32, i64, i32] but got [i32, i32, i32, i32]
...                                                                     call 419
                                                                        ^^^^
../src/app.wat.patched:215347:1631: error: type mismatch in call, expected [i32, i32, i64, i32] but got [i32, i32, i32, i32]
...                                                                     call 419
                                                                        ^^^^
../src/app.wat.patched:215351:1631: error: type mismatch in call, expected [i32, i32, i64, i32] but got [i32, i32, i32, i32]
...                                                                     call 419
                                                                        ^^^^
../src/app.wat.patched:215531:1625: error: type mismatch in call, expected [i32, f64, f64, i32] but got [... i32, i32, i32, i32]
...                                                                     call 246
                                                                        ^^^^
../src/app.wat.patched:215535:1623: error: type mismatch at end of `if true` branch, expected [] but got [i32]
...                                                                          end
                                                                             ^^^
../src/app.wat.patched:215566:1617: error: type mismatch at end of loop, expected [] but got [i32, i32, i32]
...                                                                          end
                                                                             ^^^
../src/app.wat.patched:215568:1617: error: type mismatch in i32.shl, expected [i32, i32] but got [i32]
...                                                                      i32.shl
                                                                         ^^^^^^^
../src/app.wat.patched:215598:1617: error: type mismatch in call, expected [i32, i32, i32, i32] but got []
...                                                                     call 335
                                                                        ^^^^
../src/app.wat.patched:215637:1619: error: type mismatch in call, expected [i32, i32, i32, i32] but got []
...                                                                     call 335
                                                                        ^^^^
../src/app.wat.patched:215696:1625: error: type mismatch in call, expected [i32, i32, i32] but got [i32, i32]
...                                                                     call 302
                                                                        ^^^^
../src/app.wat.patched:215699:1625: error: type mismatch in br_if, expected [i32] but got []
...                                                             br_if 6 (;@804;)
                                                                ^^^^^
../src/app.wat.patched:215742:1627: error: type mismatch in call, expected [i32, i32, i32, i32] but got []
...                                                                     call 335
                                                                        ^^^^
../src/app.wat.patched:215815:1627: error: type mismatch in call, expected [i32, i32, i32, i32] but got []
...                                                                     call 335
                                                                        ^^^^
../src/app.wat.patched:215870:1627: error: type mismatch in call, expected [i32, f64, f64, i32] but got [... i32, i32, i32, i32]
...                                                                     call 246
                                                                        ^^^^
../src/app.wat.patched:215877:1625: error: type mismatch at end of `if true` branch, expected [] but got [i32]
...                                                                          end
                                                                             ^^^
../src/app.wat.patched:215911:1627: error: type mismatch in call, expected [i32, i32, i32, i32] but got []
...                                                                     call 335
                                                                        ^^^^
../src/app.wat.patched:215966:1627: error: type mismatch in call, expected [i32, f64, f64, i32] but got [... i32, i32, i32, i32]
...                                                                     call 246
                                                                        ^^^^
../src/app.wat.patched:215971:1627: error: type mismatch at end of `if true` branch, expected [] but got [i32]
...                                                          i32.load offset=164
                                                             ^^^^^^^^
../src/app.wat.patched:216007:1627: error: type mismatch in call, expected [i32, i32, i32, i32] but got []
...                                                                     call 335
                                                                        ^^^^
../src/app.wat.patched:216062:1627: error: type mismatch in call, expected [i32, f64, f64, i32] but got [... i32, i32, i32, i32]
...                                                                     call 246
                                                                        ^^^^
../src/app.wat.patched:216064:1627: error: type mismatch at end of `if true` branch, expected [] but got [i32]
...                                                          i32.load offset=168
                                                             ^^^^^^^^
../src/app.wat.patched:216592:1619: error: type mismatch in call, expected [i32, i32, i32] but got [i32, i32]
...                                                                     call 302
                                                                        ^^^^
../src/app.wat.patched:216596:1619: error: type mismatch in drop, expected [any] but got []
...                                                                         drop
                                                                            ^^^^
../src/app.wat.patched:216767:1621: error: type mismatch in call, expected [i32, f64, f64, i32] but got [... i32, i32, i32, i32]
...                                                                     call 246
                                                                        ^^^^
../src/app.wat.patched:216771:1619: error: type mismatch at end of `if true` branch, expected [] but got [i32]
...                                                                          end
                                                                             ^^^
../src/app.wat.patched:216871:1627: error: type mismatch in call, expected [i32, f64, f64, i32] but got [... i32, i32, i32, i32]
...                                                                     call 246
                                                                        ^^^^
../src/app.wat.patched:216875:1625: error: type mismatch at end of `if true` branch, expected [] but got [i32]
...                                                                          end
                                                                             ^^^
../src/app.wat.patched:216927:1623: error: type mismatch at end of `if false` branch, expected [] but got [i32]
...                                                                          end
                                                                             ^^^
../src/app.wat.patched:216945:1621: error: type mismatch in call, expected [i32, f64, f64, i32] but got [... i32, i32, i32, i32]
...                                                                     call 246
                                                                        ^^^^
../src/app.wat.patched:216949:1619: error: type mismatch at end of `if true` branch, expected [] but got [i32]
...                                                                          end
                                                                             ^^^
../src/app.wat.patched:216965:1621: error: type mismatch in call, expected [i32, i32, i32, i32] but got []
...                                                                     call 335
                                                                        ^^^^
../src/app.wat.patched:216988:1627: error: type mismatch in call, expected [i32, i32, i32, i32] but got []
...                                                                     call 335
                                                                        ^^^^
../src/app.wat.patched:217148:1637: error: type mismatch in call, expected [i32, i32, i32, i32] but got []
...                                                                     call 335
                                                                        ^^^^
../src/app.wat.patched:217307:1675: error: type mismatch in call, expected [i32, i32, i32, i32] but got []
...                                                                     call 335
                                                                        ^^^^
../src/app.wat.patched:217366:1675: error: type mismatch in call, expected [i32, i32, i32, i32] but got []
...                                                                     call 335
                                                                        ^^^^
../src/app.wat.patched:217423:1681: error: type mismatch in call, expected [i32, i32, i32, i32] but got []
...                                                                     call 335
                                                                        ^^^^
../src/app.wat.patched:217464:1681: error: type mismatch in call, expected [i32, i32, i32, i32] but got []
...                                                                     call 335
                                                                        ^^^^
../src/app.wat.patched:217530:1675: error: type mismatch in call, expected [i32, i32, i32, i32] but got []
...                                                                     call 335
                                                                        ^^^^
../src/app.wat.patched:217587:1675: error: type mismatch in call, expected [i32, i32, i32, i32] but got []
...                                                                     call 335
                                                                        ^^^^
../src/app.wat.patched:217644:1681: error: type mismatch in call, expected [i32, i32, i32, i32] but got []
...                                                                     call 335
                                                                        ^^^^
../src/app.wat.patched:217685:1681: error: type mismatch in call, expected [i32, i32, i32, i32] but got []
...                                                                     call 335
                                                                        ^^^^
../src/app.wat.patched:217751:1675: error: type mismatch in call, expected [i32, i32, i32, i32] but got []
...                                                                     call 335
                                                                        ^^^^
../src/app.wat.patched:217821:1681: error: type mismatch in call, expected [i32, i32, i32, i32] but got []
...                                                                     call 335
                                                                        ^^^^
../src/app.wat.patched:217875:1681: error: type mismatch in call, expected [i32, i32, i32, i32] but got []
...                                                                     call 335
                                                                        ^^^^
../src/app.wat.patched:217927:1675: error: type mismatch in call, expected [i32, i32, i32, i32] but got []
...                                                                     call 335
                                                                        ^^^^
../src/app.wat.patched:217988:1673: error: type mismatch in call, expected [i32, i32] but got [... f64, f64]
...                                                                     call 433
                                                                        ^^^^
../src/app.wat.patched:217989:1673: error: type mismatch in local.tee, expected [f64] but got [... i32]
...                                                                local.tee 188
                                                                   ^^^^^^^^^
../src/app.wat.patched:218164:1635: error: type mismatch in call, expected [i32, i32] but got [... f64, f64]
...                                                                     call 433
                                                                        ^^^^
../src/app.wat.patched:218165:1635: error: type mismatch in local.set, expected [f64] but got [... i32]
...                                                                local.set 187
                                                                   ^^^^^^^^^
../src/app.wat.patched:218309:1637: error: type mismatch in call, expected [i32, i32] but got [... f64, f64]
...                                                                     call 433
                                                                        ^^^^
../src/app.wat.patched:218310:1637: error: type mismatch in local.tee, expected [f64] but got [... i32]
...                                                                local.tee 188
                                                                   ^^^^^^^^^
../src/app.wat.patched:218533:1635: error: type mismatch at end of block, expected [] but got [i32]
...                                                                          end
                                                                             ^^^
../src/app.wat.patched:218543:1635: error: type mismatch in call, expected [i32, i32] but got [... f64, f64]
...                                                                     call 433
                                                                        ^^^^
../src/app.wat.patched:218544:1635: error: type mismatch in f64.store, expected [i32, f64] but got [... i32, i32]
...                                                          f64.store offset=16
                                                             ^^^^^^^^^
../src/app.wat.patched:218624:1637: error: type mismatch at end of `if true` branch, expected [] but got [i32]
...                                                                          end
                                                                             ^^^
../src/app.wat.patched:218700:1637: error: type mismatch at end of `if true` branch, expected [] but got [i32]
...                                                                          end
                                                                             ^^^
../src/app.wat.patched:218741:1637: error: type mismatch at end of `if true` branch, expected [] but got [i32]
...                                                                          end
                                                                             ^^^
../src/app.wat.patched:218756:1639: error: type mismatch in call, expected [i32, f64, f64, i32] but got [... i32, i32, i32, i32]
...                                                                     call 246
                                                                        ^^^^
../src/app.wat.patched:218760:1637: error: type mismatch at end of `if true` branch, expected [] but got [i32]
...                                                                          end
                                                                             ^^^
../src/app.wat.patched:218814:1621: error: type mismatch in call, expected [i32, f64, f64, i32] but got [... i32, i32, i32, i32]
...                                                                     call 246
                                                                        ^^^^
../src/app.wat.patched:218818:1619: error: type mismatch at end of `if true` branch, expected [] but got [i32]
...                                                                          end
                                                                             ^^^
../src/app.wat.patched:218893:1625: error: type mismatch in call, expected [i32, f64, f64, i32] but got [... i32, i32, i32, i32]
...                                                                     call 246
                                                                        ^^^^
../src/app.wat.patched:218897:1623: error: type mismatch at end of `if true` branch, expected [] but got [i32]
...                                                                          end
                                                                             ^^^
../src/app.wat.patched:218944:1621: error: type mismatch at end of `if false` branch, expected [] but got [i32]
...                                                                          end
                                                                             ^^^
../src/app.wat.patched:218961:1623: error: type mismatch in call, expected [i32, f64, f64, i32] but got [... i32, i32, i32, i32]
...                                                                     call 246
                                                                        ^^^^
../src/app.wat.patched:218965:1621: error: type mismatch at end of `if true` branch, expected [] but got [i32]
...                                                                          end
                                                                             ^^^
../src/app.wat.patched:219202:1641: error: type mismatch in call, expected [i32, i32] but got [i32]
...                                                                     call 405
                                                                        ^^^^
../src/app.wat.patched:219203:1639: error: type mismatch at end of `if true` branch, expected [] but got [i32]
...                                                                          end
                                                                             ^^^
../src/app.wat.patched:219252:1639: error: type mismatch in call, expected [i32, i32] but got [i32]
...                                                                     call 405
                                                                        ^^^^
../src/app.wat.patched:219253:1637: error: type mismatch at end of `if true` branch, expected [] but got [i32]
...                                                                          end
                                                                             ^^^
../src/app.wat.patched:219354:1645: error: type mismatch in call, expected [i32, i32] but got [i32]
...                                                                     call 405
                                                                        ^^^^
../src/app.wat.patched:219355:1643: error: type mismatch at end of `if true` branch, expected [] but got [i32]
...                                                                          end
                                                                             ^^^
../src/app.wat.patched:219419:1639: error: type mismatch in call, expected [i32, i32] but got [i32]
...                                                                     call 405
                                                                        ^^^^
../src/app.wat.patched:219420:1637: error: type mismatch at end of `if true` branch, expected [] but got [i32]
...                                                                          end
                                                                             ^^^
../src/app.wat.patched:219479:1619: error: type mismatch in call, expected [i32, i32] but got [i32]
...                                                                     call 405
                                                                        ^^^^
../src/app.wat.patched:219485:1611: error: type mismatch at end of `if false` branch, expected [] but got [i32]
...                                                                          end
                                                                             ^^^
../src/app.wat.patched:219487:1611: error: type mismatch in i32.shl, expected [i32, i32] but got [i32]
...                                                                      i32.shl
                                                                         ^^^^^^^
../src/app.wat.patched:219760:1613: error: type mismatch in call, expected [i32, i32] but got [i32]
...                                                                     call 405
                                                                        ^^^^
../src/app.wat.patched:219761:1611: error: type mismatch at end of `if true` branch, expected [] but got [i32]
...                                                                          end
                                                                             ^^^
../src/app.wat.patched:219838:1623: error: type mismatch in call, expected [i32, i32] but got [i32]
...                                                                     call 405
                                                                        ^^^^
../src/app.wat.patched:220036:1607: error: type mismatch in call, expected [i32, i32] but got [i32]
...                                                                     call 405
                                                                        ^^^^
../src/app.wat.patched:220037:1605: error: type mismatch at end of `if true` branch, expected [] but got [i32]
...                                                                          end
                                                                             ^^^
../src/app.wat.patched:220093:1601: error: type mismatch in call, expected [i32, i32] but got [i32]
...                                                                     call 405
                                                                        ^^^^
../src/app.wat.patched:220094:1599: error: type mismatch at end of `if true` branch, expected [] but got [i32]
...                                                                          end
                                                                             ^^^
../src/app.wat.patched:220108:1595: error: type mismatch at end of block, expected [] but got [i32]
...                                                                          end
                                                                             ^^^
../src/app.wat.patched:220110:1595: error: type mismatch in i32.shl, expected [i32, i32] but got [i32]
...                                                                      i32.shl
                                                                         ^^^^^^^
../src/app.wat.patched:220172:1595: error: type mismatch at end of loop, expected [] but got [i32]
...                                                                          end
                                                                             ^^^
../src/app.wat.patched:220922:1541: error: type mismatch in call, expected [i32, i32] but got [... i64, i32]
...                                                                     call 319
                                                                        ^^^^
../src/app.wat.patched:221039:1535: error: type mismatch at end of block, expected [] but got [i32, i32]
...                                                                          end
                                                                             ^^^
../src/app.wat.patched:221086:1535: error: type mismatch at end of `if true` branch, expected [] but got [i32]
...                                                            i32.load offset=8
                                                               ^^^^^^^^
../src/app.wat.patched:221121:1533: error: type mismatch at end of `if true` branch, expected [] but got [i32]
...                                                                          end
                                                                             ^^^
../src/app.wat.patched:221157:1533: error: type mismatch at end of `if true` branch, expected [] but got [i32]
...                                                                          end
                                                                             ^^^
../src/app.wat.patched:221186:1533: error: type mismatch at end of `if true` branch, expected [] but got [i32]
...                                                                          end
                                                                             ^^^
../src/app.wat.patched:221331:1515: error: type mismatch at end of loop, expected [] but got [i32]
...                                                                          end
                                                                             ^^^
../src/app.wat.patched:221501:1509: error: type mismatch in call, expected [i32, i32] but got [i32]
...                                                                     call 405
                                                                        ^^^^
../src/app.wat.patched:221502:1507: error: type mismatch at end of `if true` branch, expected [] but got [i32]
...                                                                          end
                                                                             ^^^
../src/app.wat.patched:221516:1503: error: type mismatch at end of loop, expected [] but got [i32]
...                                                                          end
                                                                             ^^^
../src/app.wat.patched:221518:1503: error: type mismatch in i32.shl, expected [i32, i32] but got [i32]
...                                                                      i32.shl
                                                                         ^^^^^^^
../src/app.wat.patched:222163:1487: error: type mismatch in i32.eqz, expected [i32] but got []
...                                                                      i32.eqz
                                                                         ^^^^^^^
../src/app.wat.patched:222166:1489: error: type mismatch in call, expected [i32, i32, i32, i32, i32, i32, i32, i32] but got [i32]
...                                                                     call 475
                                                                        ^^^^
../src/app.wat.patched:222828:1481: error: type mismatch in call, expected [i32] but got [... f64]
...                                                                     call 381
                                                                        ^^^^
../src/app.wat.patched:222829:1481: error: type mismatch in local.set, expected [f64] but got [... i32]
...                                                                local.set 190
                                                                   ^^^^^^^^^
../src/app.wat.patched:222952:1479: error: type mismatch at end of block, expected [] but got [i32, i32, i32]
...                                                                          end
                                                                             ^^^
../src/app.wat.patched:222974:1477: error: type mismatch in call, expected [i32, i32, i32, i32, i32] but got [i32, i32]
...                                                                     call 378
                                                                        ^^^^
../src/app.wat.patched:222993:1481: error: type mismatch in call, expected [i32, f64, f64, i32] but got [... i32, i32, i32, i32]
...                                                                     call 246
                                                                        ^^^^
../src/app.wat.patched:222997:1479: error: type mismatch at end of `if true` branch, expected [] but got [i32]
...                                                                          end
                                                                             ^^^
../src/app.wat.patched:223540:1437: error: type mismatch in call, expected [i32, i32, i32] but got [i32, i32]
...                                                                     call 471
                                                                        ^^^^
../src/app.wat.patched:223590:1447: error: type mismatch at end of `if true` branch, expected [] but got [i32]
...                                                           i32.load offset=64
                                                              ^^^^^^^^
../src/app.wat.patched:223650:1443: error: type mismatch at end of block, expected [] but got [i32, i32]
...                                                                          end
                                                                             ^^^
../src/app.wat.patched:223654:1443: error: type mismatch in call, expected [i32, i32, i32, i32, i32, i32] but got [i32]
...                                                                     call 362
                                                                        ^^^^
../src/app.wat.patched:224712:1373: error: type mismatch in call, expected [i32, f64, f64, i32] but got [... i32, i32, i32, i32]
...                                                                     call 246
                                                                        ^^^^
../src/app.wat.patched:224716:1371: error: type mismatch at end of `if true` branch, expected [] but got [i32]
...                                                                          end
                                                                             ^^^
../src/app.wat.patched:224944:1355: error: type mismatch in call, expected [i32, i32] but got [i32]
...                                                                     call 271
                                                                        ^^^^
../src/app.wat.patched:225072:1353: error: type mismatch at end of loop, expected [] but got [i32]
...                                                                          end
                                                                             ^^^
../src/app.wat.patched:225389:1339: error: type mismatch in call, expected [i32, f64, f64, f64, i32, f32, f32, i32] but got [i32]
...                                                                     call 240
                                                                        ^^^^
../src/app.wat.patched:225550:1333: error: type mismatch in call, expected [i32, i32] but got [i32]
...                                                                     call 405
                                                                        ^^^^
../src/app.wat.patched:225551:1331: error: type mismatch at end of `if true` branch, expected [] but got [i32]
...                                                                          end
                                                                             ^^^
../src/app.wat.patched:225563:1327: error: type mismatch at end of loop, expected [] but got [i32]
...                                                                          end
                                                                             ^^^
../src/app.wat.patched:225565:1327: error: type mismatch in i32.shl, expected [i32, i32] but got [i32]
...                                                                      i32.shl
                                                                         ^^^^^^^
../src/app.wat.patched:226015:1345: error: type mismatch in call, expected [i32, i32] but got [i32]
...                                                                     call 405
                                                                        ^^^^
../src/app.wat.patched:226016:1343: error: type mismatch at end of `if true` branch, expected [] but got [i32]
...                                                                          end
                                                                             ^^^
../src/app.wat.patched:226192:1343: error: type mismatch in call, expected [i32, i32] but got [i32]
...                                                                     call 405
                                                                        ^^^^
../src/app.wat.patched:226589:1347: error: type mismatch in call, expected [i32, i32] but got [i32]
...                                                                     call 405
                                                                        ^^^^
../src/app.wat.patched:226590:1345: error: type mismatch at end of `if true` branch, expected [] but got [i32]
...                                                                          end
                                                                             ^^^
../src/app.wat.patched:226808:1345: error: type mismatch in call, expected [i32, i32] but got [i32]
...                                                                     call 405
                                                                        ^^^^
../src/app.wat.patched:226809:1343: error: type mismatch at end of `if true` branch, expected [] but got [i32]
...                                                                          end
                                                                             ^^^
../src/app.wat.patched:227010:1339: error: type mismatch in call, expected [i32, i32] but got [i32]
...                                                                     call 405
                                                                        ^^^^
../src/app.wat.patched:227011:1337: error: type mismatch at end of `if true` branch, expected [] but got [i32]
...                                                                          end
                                                                             ^^^
../src/app.wat.patched:227067:1335: error: type mismatch in call, expected [i32, i32, i32] but got [i32, i32]
...                                                                     call 352
                                                                        ^^^^
../src/app.wat.patched:227092:1333: error: type mismatch at end of `if true` branch, expected [] but got [i32]
...                                                                          end
                                                                             ^^^
../src/app.wat.patched:227261:1327: error: type mismatch in call, expected [i32, i32] but got [i32]
...                                                                     call 405
                                                                        ^^^^
../src/app.wat.patched:227262:1325: error: type mismatch at end of `if true` branch, expected [] but got [i32]
...                                                                          end
                                                                             ^^^
../src/app.wat.patched:227653:1329: error: type mismatch at end of `if true` branch, expected [] but got [i32]
...                                                                          end
                                                                             ^^^
../src/app.wat.patched:227671:1331: error: type mismatch at end of `if true` branch, expected [] but got [i32]
...                                                          i32.load offset=200
                                                             ^^^^^^^^
../src/app.wat.patched:227735:1327: error: type mismatch at end of `if false` branch, expected [] but got [i32]
...                                                                          end
                                                                             ^^^
../src/app.wat.patched:227739:1327: error: type mismatch in call, expected [i32, i32, i32, i32, i32, i32] but got [i32, i32]
...                                                                     call 362
                                                                        ^^^^
../src/app.wat.patched:227823:1321: error: type mismatch in call, expected [i32, i32, i32] but got [i32]
...                                                                     call 228
                                                                        ^^^^
../src/app.wat.patched:228306:1311: error: type mismatch in call, expected [i32, i32] but got [i32]
...                                                                     call 421
                                                                        ^^^^
../src/app.wat.patched:229452:1313: error: type mismatch in call, expected [i32, i32] but got [i32]
...                                                                     call 454
                                                                        ^^^^
../src/app.wat.patched:229483:1313: error: type mismatch in call, expected [i32, i32, i32] but got [i32, i32]
...                                                                     call 352
                                                                        ^^^^
../src/app.wat.patched:229497:1311: error: type mismatch in call, expected [i32, i32, i32] but got [i32]
...                                                                     call 302
                                                                        ^^^^
../src/app.wat.patched:229598:1311: error: type mismatch in call, expected [i32, i32, i32] but got [i32, i32]
...                                                                     call 352
                                                                        ^^^^
../src/app.wat.patched:229649:1309: error: type mismatch at end of `if true` branch, expected [] but got [i32]
...                                                                          end
                                                                             ^^^
../src/app.wat.patched:229665:1305: error: type mismatch at end of loop, expected [] but got [i32, i32]
...                                                                          end
                                                                             ^^^
../src/app.wat.patched:229853:1295: error: type mismatch in call, expected [i32, i32, i32, i32] but got [f64, f64, f64, f64]
...                                                                     call 457
                                                                        ^^^^
../src/app.wat.patched:229854:1295: error: type mismatch in f64.sub, expected [f64, f64] but got [i32]
...                                                                      f64.sub
                                                                         ^^^^^^^
../src/app.wat.patched:229856:1295: error: type mismatch in f64.sub, expected [f64, f64] but got [f64]
...                                                                      f64.sub
                                                                         ^^^^^^^
../src/app.wat.patched:230116:1303: error: type mismatch in call, expected [i32, i32] but got [i32]
...                                                                     call 405
                                                                        ^^^^
../src/app.wat.patched:230117:1301: error: type mismatch at end of block, expected [] but got [i32]
...                                                                          end
                                                                             ^^^
../src/app.wat.patched:230171:1297: error: type mismatch in call, expected [i32, i32] but got [i32]
...                                                                     call 405
                                                                        ^^^^
../src/app.wat.patched:230172:1295: error: type mismatch at end of block, expected [] but got [i32]
...                                                                          end
                                                                             ^^^
../src/app.wat.patched:230299:1295: error: type mismatch in call, expected [i32, f64, f64, i32] but got [... i32, i32, i32, i32]
...                                                                     call 246
                                                                        ^^^^
../src/app.wat.patched:230302:1293: error: type mismatch at end of `if true` branch, expected [] but got [i32]
...                                                                          end
                                                                             ^^^
../src/app.wat.patched:230779:1263: error: type mismatch at end of `if true` branch, expected [] but got [i32]
...                                                                          end
                                                                             ^^^
../src/app.wat.patched:230812:1263: error: type mismatch at end of `if true` branch, expected [] but got [i32]
...                                                                          end
                                                                             ^^^
../src/app.wat.patched:230848:1263: error: type mismatch at end of `if true` branch, expected [] but got [i32]
...                                                                          end
                                                                             ^^^
../src/app.wat.patched:230877:1263: error: type mismatch at end of `if true` branch, expected [] but got [i32]
...                                                                          end
                                                                             ^^^
../src/app.wat.patched:231278:1247: error: type mismatch in call, expected [f64, f64] but got [... i32, i32]
...                                                                     call 331
                                                                        ^^^^
../src/app.wat.patched:231342:1251: error: type mismatch in call, expected [f64, f64] but got [... i32, i32]
...                                                                     call 331
                                                                        ^^^^
../src/app.wat.patched:231343:1249: error: type mismatch at end of `if true` branch, expected [] but got [i32, f64]
...                                                                          end
                                                                             ^^^
../src/app.wat.patched:231352:1249: error: type mismatch in call, expected [f64, f64] but got [... i32, i32]
...                                                                     call 331
                                                                        ^^^^
../src/app.wat.patched:231371:1245: error: type mismatch at end of block, expected [] but got [i32]
...                                                                          end
                                                                             ^^^
../src/app.wat.patched:231372:1245: error: type mismatch in local.set, expected [i32] but got []
...                                                                 local.set 89
                                                                    ^^^^^^^^^
../src/app.wat.patched:231514:1253: error: type mismatch in call, expected [i32, i32, i32, i32] but got [i32, i32]
...                                                                     call 209
                                                                        ^^^^
../src/app.wat.patched:231526:1257: error: type mismatch in call, expected [i32, i32, i32, i32] but got [i32, i32]
...                                                                     call 209
                                                                        ^^^^
../src/app.wat.patched:231532:1255: error: type mismatch at end of `if true` branch, expected [] but got [i32]
...                                                                          end
                                                                             ^^^
../src/app.wat.patched:231548:1253: error: type mismatch in call, expected [i32, i32, i32] but got [i32]
...                                                                     call 302
                                                                        ^^^^
../src/app.wat.patched:231551:1253: error: type mismatch in br_if, expected [i32] but got []
...                                                             br_if 1 (;@623;)
                                                                ^^^^^
../src/app.wat.patched:231585:1255: error: type mismatch in call, expected [i32, i32, i32, i32] but got [i32, i32]
...                                                                     call 209
                                                                        ^^^^
../src/app.wat.patched:231597:1259: error: type mismatch in call, expected [i32, i32, i32, i32] but got [i32, i32]
...                                                                     call 209
                                                                        ^^^^
../src/app.wat.patched:231603:1257: error: type mismatch at end of `if true` branch, expected [] but got [i32]
...                                                                          end
                                                                             ^^^
../src/app.wat.patched:231621:1257: error: type mismatch in br_if, expected [i32] but got []
...                                                             br_if 4 (;@622;)
                                                                ^^^^^
../src/app.wat.patched:231627:1257: error: type mismatch in call, expected [f64, f64] but got [... i32, i32]
...                                                                     call 331
                                                                        ^^^^
../src/app.wat.patched:231628:1257: error: type mismatch in br, expected [i32] but got [... f64]
...                                                                br 4 (;@622;)
                                                                   ^^
../src/app.wat.patched:231643:1257: error: type mismatch in call, expected [i32, f64, f64, i32] but got [... i32, i32, i32, i32]
...                                                                     call 246
                                                                        ^^^^
../src/app.wat.patched:231647:1255: error: type mismatch at end of `if true` branch, expected [] but got [i32]
...                                                                          end
                                                                             ^^^
../src/app.wat.patched:231679:1251: error: type mismatch at end of block, expected [] but got [i32]
...                                                                          end
                                                                             ^^^
../src/app.wat.patched:231731:1245: error: type mismatch in call, expected [i32, i32, i32, i32] but got [i32, i32, i32]
...                                                                     call 209
                                                                        ^^^^
../src/app.wat.patched:231928:1245: error: type mismatch in call, expected [i32, i32, i32, i32] but got [i32, i32, i32]
...                                                                     call 209
                                                                        ^^^^
../src/app.wat.patched:231957:1247: error: type mismatch in call, expected [i32, i32, i32, i32] but got [i32, i32]
...                                                                     call 209
                                                                        ^^^^
../src/app.wat.patched:231968:1249: error: type mismatch in call, expected [i32, i32, i32] but got [i32, i32]
...                                                                     call 333
                                                                        ^^^^
../src/app.wat.patched:231974:1251: error: type mismatch in call, expected [f64, f64] but got [... i32, i32]
...                                                                     call 331
                                                                        ^^^^
../src/app.wat.patched:231975:1249: error: type mismatch at end of `if true` branch, expected [] but got [i32, f64]
...                                                                          end
                                                                             ^^^
../src/app.wat.patched:231984:1249: error: type mismatch in call, expected [f64, f64] but got [... i32, i32]
...                                                                     call 331
                                                                        ^^^^
../src/app.wat.patched:232404:1253: error: type mismatch in call, expected [i32, i32, i32] but got [i32]
...                                                                     call 302
                                                                        ^^^^
../src/app.wat.patched:232784:1259: error: type mismatch in call, expected [f64, f64] but got [... i32, i32]
...                                                                     call 331
                                                                        ^^^^
../src/app.wat.patched:232828:1257: error: type mismatch in call, expected [i32, f64, f64, i32] but got [... i32, i32, i32, i32]
...                                                                     call 246
                                                                        ^^^^
../src/app.wat.patched:232832:1255: error: type mismatch at end of `if true` branch, expected [] but got [i32]
...                                                                          end
                                                                             ^^^
../src/app.wat.patched:232860:1251: error: type mismatch at end of loop, expected [] but got [i32]
...                                                                          end
                                                                             ^^^
../src/app.wat.patched:232861:1251: error: type mismatch in local.set, expected [i32] but got []
...                                                                 local.set 40
                                                                    ^^^^^^^^^
../src/app.wat.patched:232886:1249: error: type mismatch in call, expected [i32, i32, i32] but got [i32, i32]
...                                                                     call 333
                                                                        ^^^^
../src/app.wat.patched:232892:1251: error: type mismatch in call, expected [f64, f64] but got [... i32, i32]
...                                                                     call 331
                                                                        ^^^^
../src/app.wat.patched:232893:1249: error: type mismatch at end of `if true` branch, expected [] but got [i32, f64]
...                                                                          end
                                                                             ^^^
../src/app.wat.patched:232899:1251: error: type mismatch in call, expected [f64, f64] but got [... i32, i32]
...                                                                     call 331
                                                                        ^^^^
../src/app.wat.patched:232900:1249: error: type mismatch at end of `if true` branch, expected [] but got [i32, f64]
...                                                                          end
                                                                             ^^^
../src/app.wat.patched:232981:1249: error: type mismatch in call, expected [i32, i32] but got [i32]
...                                                                     call 277
                                                                        ^^^^
../src/app.wat.patched:232992:1259: error: type mismatch in call, expected [i32, i32, i32] but got [i32]
...                                                                     call 302
                                                                        ^^^^
../src/app.wat.patched:233043:1261: error: type mismatch in call, expected [i32, i32] but got [i32]
...                                                                     call 277
                                                                        ^^^^
../src/app.wat.patched:233060:1265: error: type mismatch in call, expected [i32, f64, f64, i32] but got [... i32, i32, i32, i32]
...                                                                     call 246
                                                                        ^^^^
../src/app.wat.patched:233064:1263: error: type mismatch at end of `if true` branch, expected [] but got [i32]
...                                                                          end
                                                                             ^^^
../src/app.wat.patched:233157:1259: error: type mismatch in call, expected [i32, i32] but got [i32]
...                                                                     call 405
                                                                        ^^^^
../src/app.wat.patched:233211:1251: error: type mismatch in call, expected [f64, f64] but got [... i32, i32]
...                                                                     call 331
                                                                        ^^^^
../src/app.wat.patched:233212:1249: error: type mismatch at end of `if true` branch, expected [] but got [i32, f64]
...                                                                          end
                                                                             ^^^
../src/app.wat.patched:233215:1249: error: type mismatch in call, expected [i32, i32, i32] but got [i32, i32]
...                                                                     call 333
                                                                        ^^^^
../src/app.wat.patched:233221:1251: error: type mismatch in call, expected [f64, f64] but got [... i32, i32]
...                                                                     call 331
                                                                        ^^^^
../src/app.wat.patched:233222:1249: error: type mismatch at end of `if true` branch, expected [] but got [i32, f64]
...                                                                          end
                                                                             ^^^
../src/app.wat.patched:233234:1249: error: type mismatch in call, expected [f64, f64] but got [... i32, i32]
...                                                                     call 331
                                                                        ^^^^
../src/app.wat.patched:233315:1249: error: type mismatch in call, expected [i32, i32] but got [i32]
...                                                                     call 495
                                                                        ^^^^
../src/app.wat.patched:233326:1259: error: type mismatch in call, expected [i32, i32, i32] but got [i32]
...                                                                     call 302
                                                                        ^^^^
../src/app.wat.patched:233373:1261: error: type mismatch in call, expected [i32, i32] but got [i32]
...                                                                     call 495
                                                                        ^^^^
../src/app.wat.patched:233390:1265: error: type mismatch in call, expected [i32, f64, f64, i32] but got [... i32, i32, i32, i32]
...                                                                     call 246
                                                                        ^^^^
../src/app.wat.patched:233394:1263: error: type mismatch at end of `if true` branch, expected [] but got [i32]
...                                                                          end
                                                                             ^^^
../src/app.wat.patched:233483:1259: error: type mismatch in call, expected [i32, i32] but got [i32]
...                                                                     call 405
                                                                        ^^^^
../src/app.wat.patched:233537:1251: error: type mismatch in call, expected [f64, f64] but got [... i32, i32]
...                                                                     call 331
                                                                        ^^^^
../src/app.wat.patched:233538:1249: error: type mismatch at end of `if true` branch, expected [] but got [i32, f64]
...                                                                          end
                                                                             ^^^
../src/app.wat.patched:233546:1251: error: type mismatch in call, expected [f64, f64] but got [... i32, i32]
...                                                                     call 331
                                                                        ^^^^
../src/app.wat.patched:233547:1249: error: type mismatch at end of `if true` branch, expected [] but got [i32, f64]
...                                                                          end
                                                                             ^^^
../src/app.wat.patched:233550:1249: error: type mismatch in call, expected [i32, i32, i32] but got [i32, i32]
...                                                                     call 333
                                                                        ^^^^
../src/app.wat.patched:233556:1251: error: type mismatch in call, expected [f64, f64] but got [... i32, i32]
...                                                                     call 331
                                                                        ^^^^
../src/app.wat.patched:233557:1249: error: type mismatch at end of `if true` branch, expected [] but got [i32, f64]
...                                                                          end
                                                                             ^^^
../src/app.wat.patched:233563:1251: error: type mismatch in call, expected [f64, f64] but got [... i32, i32]
...                                                                     call 331
                                                                        ^^^^
../src/app.wat.patched:233564:1249: error: type mismatch at end of `if true` branch, expected [] but got [i32, f64]
...                                                                          end
                                                                             ^^^
../src/app.wat.patched:233584:1247: error: type mismatch in local.set, expected [i64] but got [... i32]
...                                                                local.set 157
                                                                   ^^^^^^^^^
../src/app.wat.patched:233702:1273: error: type mismatch in call, expected [i32, i32, i32] but got [i32]
...                                                                     call 302
                                                                        ^^^^
../src/app.wat.patched:233715:1275: error: type mismatch in call, expected [i32, i32, i32, i32] but got [i32, i32, i32]
...                                                                     call 308
                                                                        ^^^^
../src/app.wat.patched:233716:1273: error: type mismatch at end of `if true` branch, expected [] but got [i32]
...                                                                          end
                                                                             ^^^
../src/app.wat.patched:233816:1267: error: type mismatch in i32.wrap_i64, expected [i64] but got [... i32]
...                                                                 i32.wrap_i64
                                                                    ^^^^^^^^^^^^
../src/app.wat.patched:233821:1267: error: type mismatch in i32.add, expected [i32, i32] but got [... i64, i32]
...                                                                      i32.add
                                                                         ^^^^^^^
../src/app.wat.patched:233924:1265: error: type mismatch at end of loop, expected [] but got [i32, i64]
...                                                                          end
                                                                             ^^^
../src/app.wat.patched:233939:1263: error: type mismatch in br_if, expected [i32] but got []
...                                                             br_if 6 (;@623;)
                                                                ^^^^^
../src/app.wat.patched:234178:1259: error: type mismatch in i32.wrap_i64, expected [i64] but got [... i32]
...                                                                 i32.wrap_i64
                                                                    ^^^^^^^^^^^^
../src/app.wat.patched:234184:1259: error: type mismatch in i32.add, expected [i32, i32] but got [... i64, i32]
...                                                                      i32.add
                                                                         ^^^^^^^
../src/app.wat.patched:234310:1261: error: type mismatch in call, expected [i32, i32, i32, i32] but got [i32, i32, i32]
...                                                                     call 268
                                                                        ^^^^
../src/app.wat.patched:234313:1257: error: type mismatch at end of loop, expected [] but got [i32, i64]
...                                                                          end
                                                                             ^^^
../src/app.wat.patched:234346:1251: error: type mismatch at end of block, expected [] but got [i32]
...                                                                          end
                                                                             ^^^
../src/app.wat.patched:234347:1251: error: type mismatch in local.set, expected [i32] but got []
...                                                                  local.set 1
                                                                     ^^^^^^^^^
../src/app.wat.patched:234353:1249: error: type mismatch in block, expected [i32] but got []
...                                                                          end
                                                                             ^^^
../src/app.wat.patched:234354:1247: error: type mismatch at end of block, expected [] but got [i32]
...                                                                          end
                                                                             ^^^
../src/app.wat.patched:234862:1255: error: type mismatch in call, expected [i32, f64, f64, f64, i32, f32, f32, i32] but got [i32]
...                                                                     call 240
                                                                        ^^^^
../src/app.wat.patched:234887:1243: error: type mismatch at end of `if false` branch, expected [] but got [i64, i64]
...                                                                          end
                                                                             ^^^
../src/app.wat.patched:234889:1241: error: type mismatch at end of `if false` branch, expected [] but got [i32]
...                                                                          end
                                                                             ^^^
../src/app.wat.patched:234891:1241: error: type mismatch in i32.shl, expected [i32, i32] but got [i32]
...                                                                      i32.shl
                                                                         ^^^^^^^
../src/app.wat.patched:235126:1249: error: type mismatch in call, expected [i32, i32, i32, i32, i32, i32] but got [i32, i32, i32]
...                                                                     call 531
                                                                        ^^^^
../src/app.wat.patched:235152:1251: error: type mismatch in call, expected [i32, i32, i32] but got [i32]
...                                                                     call 302
                                                                        ^^^^
../src/app.wat.patched:235271:1235: error: type mismatch in call, expected [i32, i32, i32, i32, i32, i32] but got [i32, i32, i32]
...                                                                     call 531
                                                                        ^^^^
../src/app.wat.patched:235284:1235: error: type mismatch in call, expected [i32, i32, i32] but got [i32, i32]
...                                                                     call 281
                                                                        ^^^^
../src/app.wat.patched:235285:1235: error: type mismatch in local.set, expected [i32] but got []
...                                                                  local.set 5
                                                                     ^^^^^^^^^
../src/app.wat.patched:235308:1229: error: type mismatch in call, expected [f64, f64] but got [... i32, i32]
...                                                                     call 331
                                                                        ^^^^
../src/app.wat.patched:235309:1227: error: type mismatch at end of block, expected [] but got [i32, f64]
...                                                                          end
                                                                             ^^^
../src/app.wat.patched:235569:1221: error: type mismatch at end of loop, expected [] but got [i32, i32]
...                                                                          end
                                                                             ^^^
../src/app.wat.patched:235713:1213: error: type mismatch in call, expected [i32, i32] but got [i32]
...                                                                     call 405
                                                                        ^^^^
../src/app.wat.patched:235714:1211: error: type mismatch at end of `if true` branch, expected [] but got [i32]
...                                                                          end
                                                                             ^^^
../src/app.wat.patched:235755:1213: error: type mismatch in call, expected [i32, i32] but got [i32]
...                                                                     call 405
                                                                        ^^^^
../src/app.wat.patched:235756:1211: error: type mismatch at end of `if true` branch, expected [] but got [i32]
...                                                                          end
                                                                             ^^^
../src/app.wat.patched:235768:1207: error: type mismatch at end of `if false` branch, expected [] but got [i32]
...                                                                          end
                                                                             ^^^
../src/app.wat.patched:235770:1207: error: type mismatch in i32.shl, expected [i32, i32] but got [i32]
...                                                                      i32.shl
                                                                         ^^^^^^^
../src/app.wat.patched:236025:1205: error: type mismatch in call, expected [i32, i32, i32] but got [i32, i32]
...                                                                     call 281
                                                                        ^^^^
../src/app.wat.patched:236026:1205: error: type mismatch in local.tee, expected [i32] but got []
...                                                                 local.tee 41
                                                                    ^^^^^^^^^
../src/app.wat.patched:236151:1205: error: type mismatch in call, expected [i32, i64] but got [... i64, i32]
...                                                                     call 212
                                                                        ^^^^
../src/app.wat.patched:236152:1205: error: type mismatch in local.set, expected [i64] but got [... i32]
...                                                                local.set 133
                                                                   ^^^^^^^^^
../src/app.wat.patched:236157:1207: error: type mismatch in call, expected [i32, i32, i32] but got []
...                                                                     call 468
                                                                        ^^^^
../src/app.wat.patched:236158:1207: error: type mismatch in drop, expected [any] but got []
...                                                                         drop
                                                                            ^^^^
../src/app.wat.patched:236374:1201: error: type mismatch at end of loop, expected [] but got [i32, i32]
...                                                                          end
                                                                             ^^^
../src/app.wat.patched:236515:1195: error: type mismatch in call, expected [i32, f64, f64, i32] but got [... i32, i32, i32, i32]
...                                                                     call 246
                                                                        ^^^^
../src/app.wat.patched:236519:1193: error: type mismatch at end of `if true` branch, expected [] but got [i32]
...                                                                          end
                                                                             ^^^
../src/app.wat.patched:236543:1189: error: type mismatch at end of loop, expected [] but got [i32]
...                                                                          end
                                                                             ^^^
../src/app.wat.patched:236545:1189: error: type mismatch in i32.shl, expected [i32, i32] but got [i32]
...                                                                      i32.shl
                                                                         ^^^^^^^
../src/app.wat.patched:236815:1173: error: type mismatch in call, expected [i32, f64, f64, i32] but got [... i32, i32, i32, i32]
...                                                                     call 246
                                                                        ^^^^
../src/app.wat.patched:236822:1171: error: type mismatch at end of `if true` branch, expected [] but got [i32]
...                                                                          end
                                                                             ^^^
../src/app.wat.patched:237272:1167: error: type mismatch in call, expected [i32, i32] but got [i32]
...                                                                     call 405
                                                                        ^^^^
../src/app.wat.patched:237273:1165: error: type mismatch at end of `if true` branch, expected [] but got [i32]
...                                                                          end
                                                                             ^^^
../src/app.wat.patched:237318:1153: error: type mismatch in call, expected [i32, i32, i32] but got [i32, i32]
...                                                                     call 302
                                                                        ^^^^
../src/app.wat.patched:237322:1153: error: type mismatch in drop, expected [any] but got []
...                                                                         drop
                                                                            ^^^^
../src/app.wat.patched:237413:1153: error: type mismatch in call, expected [i32, i32, i32, i32] but got [i32, i32]
...                                                                     call 477
                                                                        ^^^^
../src/app.wat.patched:237449:1153: error: type mismatch in call, expected [i32, i32, i32, i32] but got [i32, i32]
...                                                                     call 477
                                                                        ^^^^
../src/app.wat.patched:237461:1149: error: type mismatch at end of loop, expected [] but got [i32]
...                                                                          end
                                                                             ^^^
../src/app.wat.patched:237463:1149: error: type mismatch in i32.shl, expected [i32, i32] but got [i32]
...                                                                      i32.shl
                                                                         ^^^^^^^
../src/app.wat.patched:237561:1139: error: type mismatch in local.tee, expected [i64] but got [... i32]
...                                                                local.tee 130
                                                                   ^^^^^^^^^
../src/app.wat.patched:237563:1139: error: type mismatch in i32.and, expected [i32, i32] but got [... i64, i32]
...                                                                      i32.and
                                                                         ^^^^^^^
../src/app.wat.patched:237660:1139: error: type mismatch in local.tee, expected [i32] but got [... i64]
...                                                                  local.tee 1
                                                                     ^^^^^^^^^
../src/app.wat.patched:237684:1137: error: type mismatch at end of loop, expected [] but got [i32, i32]
...                                                                          end
                                                                             ^^^
../src/app.wat.patched:238091:1135: error: type mismatch in call, expected [i32, i32] but got [i32]
...                                                                     call 405
                                                                        ^^^^
../src/app.wat.patched:238092:1133: error: type mismatch at end of block, expected [] but got [i32]
...                                                                          end
                                                                             ^^^
../src/app.wat.patched:238590:1125: error: type mismatch in call, expected [i32, i32] but got [i32]
...                                                                     call 421
                                                                        ^^^^
../src/app.wat.patched:239055:1119: error: type mismatch in call, expected [f64, f64] but got [... i32, i32]
...                                                                     call 331
                                                                        ^^^^
../src/app.wat.patched:239056:1117: error: type mismatch at end of `if true` branch, expected [] but got [i32, f64]
...                                                                          end
                                                                             ^^^
../src/app.wat.patched:239065:1119: error: type mismatch in call, expected [f64, f64] but got [... i32, i32]
...                                                                     call 331
                                                                        ^^^^
../src/app.wat.patched:239066:1117: error: type mismatch at end of `if true` branch, expected [] but got [i32, f64]
...                                                                          end
                                                                             ^^^
../src/app.wat.patched:239671:1129: error: type mismatch in call, expected [i32, i32, i32, i32] but got [i32, i32]
...                                                                     call 209
                                                                        ^^^^
../src/app.wat.patched:239692:1129: error: type mismatch in call, expected [i32, i32, i32, i32] but got [i32, i32, i32]
...                                                                     call 209
                                                                        ^^^^
../src/app.wat.patched:240054:1115: error: type mismatch at end of loop, expected [] but got [i32]
...                                                                          end
                                                                             ^^^
../src/app.wat.patched:240390:1089: error: type mismatch in call, expected [i32, i32] but got [i32]
...                                                                     call 405
                                                                        ^^^^
../src/app.wat.patched:240391:1087: error: type mismatch at end of `if true` branch, expected [] but got [i32]
...                                                                          end
                                                                             ^^^
../src/app.wat.patched:240403:1083: error: type mismatch at end of loop, expected [] but got [i32]
...                                                                          end
                                                                             ^^^
../src/app.wat.patched:240405:1083: error: type mismatch in i32.shl, expected [i32, i32] but got [i32]
...                                                                      i32.shl
                                                                         ^^^^^^^
../src/app.wat.patched:240476:1079: error: type mismatch in call, expected [i32, i32, i32] but got [i32, i32]
...                                                                     call 569
                                                                        ^^^^
../src/app.wat.patched:240507:1083: error: type mismatch in call, expected [i32, f64, f64, i32] but got [... i32, i32, i32, i32]
...                                                                     call 246
                                                                        ^^^^
../src/app.wat.patched:240511:1081: error: type mismatch at end of `if true` branch, expected [] but got [i32]
...                                                                          end
                                                                             ^^^
../src/app.wat.patched:241376:1043: error: type mismatch in call, expected [i32, i32] but got [... i64, i32]
...                                                                     call 319
                                                                        ^^^^
../src/app.wat.patched:241600:1071: error: type mismatch in call, expected [i32, i32, i32] but got [i32]
...                                                                     call 302
                                                                        ^^^^
../src/app.wat.patched:241613:1073: error: type mismatch in call, expected [i32, i32, i32, i32] but got [i32, i32, i32]
...                                                                     call 308
                                                                        ^^^^
../src/app.wat.patched:241614:1071: error: type mismatch at end of `if true` branch, expected [] but got [i32]
...                                                                          end
                                                                             ^^^
../src/app.wat.patched:241713:1065: error: type mismatch in call, expected [i32, i32] but got [... i64, i32]
...                                                                     call 319
                                                                        ^^^^
../src/app.wat.patched:241837:1061: error: type mismatch in br_if, expected [i32] but got []
...                                                             br_if 6 (;@522;)
                                                                ^^^^^
../src/app.wat.patched:242075:1057: error: type mismatch in call, expected [i32, i32] but got [... i64, i32]
...                                                                     call 319
                                                                        ^^^^
../src/app.wat.patched:242208:1059: error: type mismatch in call, expected [i32, i32, i32, i32] but got [i32, i32, i32]
...                                                                     call 268
                                                                        ^^^^
../src/app.wat.patched:242244:1049: error: type mismatch at end of block, expected [] but got [i32]
...                                                                          end
                                                                             ^^^
../src/app.wat.patched:242245:1049: error: type mismatch in local.set, expected [i32] but got []
...                                                                 local.set 59
                                                                    ^^^^^^^^^
../src/app.wat.patched:242251:1047: error: type mismatch in block, expected [i32] but got []
...                                                                          end
                                                                             ^^^
../src/app.wat.patched:242261:1045: error: type mismatch at end of block, expected [] but got [i32]
...                                                                          end
                                                                             ^^^
../src/app.wat.patched:243005:1043: error: type mismatch in call, expected [i32, i32, i32, i32, i32, i32] but got [i32, i32, i32]
...                                                                     call 531
                                                                        ^^^^
../src/app.wat.patched:243057:1047: error: type mismatch in call, expected [i32, f64, f64, i32] but got [... i32, i32, i32, i32]
...                                                                     call 246
                                                                        ^^^^
../src/app.wat.patched:243061:1045: error: type mismatch at end of `if true` branch, expected [] but got [i32]
...                                                                          end
                                                                             ^^^
../src/app.wat.patched:244069:1009: error: type mismatch in call, expected [i32, i32, i32] but got [i32, i32]
...                                                                     call 371
                                                                        ^^^^
../src/app.wat.patched:244102:1009: error: type mismatch in call, expected [i32, i32, i32] but got [i32, i32]
...                                                                     call 371
                                                                        ^^^^
../src/app.wat.patched:244120:1011: error: type mismatch in call, expected [f64, f64] but got [... i32, i32]
...                                                                     call 331
                                                                        ^^^^
../src/app.wat.patched:244151:1011: error: type mismatch in call, expected [i32, f64, f64, i32] but got [... i32, i32, i32, i32]
...                                                                     call 246
                                                                        ^^^^
../src/app.wat.patched:244155:1009: error: type mismatch at end of `if true` branch, expected [] but got [i32]
...                                                                          end
                                                                             ^^^
../src/app.wat.patched:244193:1005: error: type mismatch at end of loop, expected [] but got [i32]
...                                                                          end
                                                                             ^^^
../src/app.wat.patched:244195:1005: error: type mismatch in i32.shl, expected [i32, i32] but got [i32]
...                                                                      i32.shl
                                                                         ^^^^^^^
../src/app.wat.patched:244784:987: error: type mismatch in call, expected [i32, i32, i32] but got [i32, i32]
...                                                                     call 395
                                                                        ^^^^
../src/app.wat.patched:244818:985: error: type mismatch in call, expected [i32, i32, i32] but got [i32, i32]
...                                                                     call 395
                                                                        ^^^^
../src/app.wat.patched:244825:983: error: type mismatch in call, expected [i32, i32, i32] but got [i32, i32]
...                                                                     call 395
                                                                        ^^^^
../src/app.wat.patched:244826:981: error: type mismatch at end of block, expected [] but got [i32]
...                                                                          end
                                                                             ^^^
../src/app.wat.patched:244885:981: error: type mismatch in call, expected [i32, i32] but got [... i64, i32]
...                                                                     call 319
                                                                        ^^^^
../src/app.wat.patched:245144:999: error: type mismatch in call, expected [i32, i32, i32] but got [i32, i32]
...                                                                     call 294
                                                                        ^^^^
../src/app.wat.patched:245145:999: error: type mismatch in i32.eqz, expected [i32] but got []
...                                                                      i32.eqz
                                                                         ^^^^^^^
../src/app.wat.patched:245158:1001: error: type mismatch in local.set, expected [f64] but got [... i32]
...                                                                local.set 187
                                                                   ^^^^^^^^^
../src/app.wat.patched:245269:995: error: type mismatch in call, expected [i32, i32] but got [i32]
...                                                                     call 421
                                                                        ^^^^
../src/app.wat.patched:246113:1001: error: type mismatch in call, expected [i32, i32] but got [i32]
...                                                                     call 405
                                                                        ^^^^
../src/app.wat.patched:246185:1001: error: type mismatch in call, expected [i32, i32] but got [i32]
...                                                                     call 405
                                                                        ^^^^
../src/app.wat.patched:246253:1003: error: type mismatch in call, expected [i32, i32, f64, f64, f64, f64, f64, f64, f64, f64] but got [i32, f64, f64, i32, f64, i32, f64, i64]
...                                                                     call 554
                                                                        ^^^^
../src/app.wat.patched:246295:1001: error: type mismatch in call, expected [i32, i32] but got [i32]
...                                                                     call 405
                                                                        ^^^^
../src/app.wat.patched:246296:999: error: type mismatch at end of block, expected [] but got [i32]
...                                                                          end
                                                                             ^^^
../src/app.wat.patched:246325:995: error: type mismatch at end of block, expected [] but got [i32]
...                                                                          end
                                                                             ^^^
../src/app.wat.patched:246789:953: error: type mismatch in call, expected [i32, i32, i32] but got [i32, i32]
...                                                                     call 471
                                                                        ^^^^
../src/app.wat.patched:247115:937: error: type mismatch in call, expected [i32, i32] but got [i32]
...                                                                     call 405
                                                                        ^^^^
../src/app.wat.patched:247116:935: error: type mismatch at end of `if true` branch, expected [] but got [i32]
...                                                                          end
                                                                             ^^^
../src/app.wat.patched:247130:931: error: type mismatch at end of loop, expected [] but got [i32]
...                                                                          end
                                                                             ^^^
../src/app.wat.patched:247132:931: error: type mismatch in i32.shl, expected [i32, i32] but got [i32]
...                                                                      i32.shl
                                                                         ^^^^^^^
../src/app.wat.patched:247371:905: error: type mismatch in br_if, expected [i32] but got []
...                                                             br_if 1 (;@449;)
                                                                ^^^^^
../src/app.wat.patched:247569:911: error: type mismatch in call, expected [i32, i32, i32] but got [i32, i32]
...                                                                     call 302
                                                                        ^^^^
../src/app.wat.patched:247572:911: error: type mismatch in br_if, expected [i32] but got []
...                                                             br_if 9 (;@444;)
                                                                ^^^^^
../src/app.wat.patched:247596:911: error: type mismatch in call, expected [i32, i32, i32] but got [i32, i32]
...                                                                     call 302
                                                                        ^^^^
../src/app.wat.patched:247599:911: error: type mismatch in br_if, expected [i32] but got []
...                                                             br_if 9 (;@444;)
                                                                ^^^^^
../src/app.wat.patched:247689:909: error: type mismatch in local.tee, expected [f64] but got [... i32]
...                                                                local.tee 187
                                                                   ^^^^^^^^^
../src/app.wat.patched:247699:909: error: type mismatch in call, expected [i32, i32, i32, i32] but got [... f64, f64, f64, f64]
...                                                                     call 537
                                                                        ^^^^
../src/app.wat.patched:247719:909: error: type mismatch in call, expected [i32, i32, i32] but got [i32, i32]
...                                                                     call 302
                                                                        ^^^^
../src/app.wat.patched:247722:909: error: type mismatch in br_if, expected [i32] but got []
...                                                             br_if 8 (;@444;)
                                                                ^^^^^
../src/app.wat.patched:247970:899: error: type mismatch in call, expected [i32, i32] but got [i32]
...                                                                     call 405
                                                                        ^^^^
../src/app.wat.patched:247971:897: error: type mismatch at end of `if true` branch, expected [] but got [i32]
...                                                                          end
                                                                             ^^^
../src/app.wat.patched:248010:895: error: type mismatch at end of `if false` branch, expected [] but got [f64]
...                                                                          end
                                                                             ^^^
../src/app.wat.patched:248011:895: error: type mismatch in local.tee, expected [f64] but got [i32]
...                                                                local.tee 186
                                                                   ^^^^^^^^^
../src/app.wat.patched:248012:895: error: type mismatch in f64.add, expected [f64, f64] but got [f64]
...                                                                      f64.add
                                                                         ^^^^^^^
../src/app.wat.patched:248020:895: error: type mismatch in br_if, expected [f64] but got []
...                                                             br_if 0 (;@445;)
                                                                ^^^^^
../src/app.wat.patched:248023:891: error: type mismatch at end of loop, expected [] but got [f64, f64, i32]
...                                                                          end
                                                                             ^^^
../src/app.wat.patched:248025:891: error: type mismatch in i32.shl, expected [i32, i32] but got [i32]
...                                                                      i32.shl
                                                                         ^^^^^^^
../src/app.wat.patched:248212:885: error: type mismatch in call, expected [i32, i32, i64, i32] but got [i32, i32, i32]
...                                                                     call 419
                                                                        ^^^^
../src/app.wat.patched:248216:885: error: type mismatch in call, expected [i32, i32, i64, i32] but got [i32, i32, i32, i32]
...                                                                     call 419
                                                                        ^^^^
../src/app.wat.patched:248220:885: error: type mismatch in call, expected [i32, i32, i64, i32] but got [i32, i32, i32, i32]
...                                                                     call 419
                                                                        ^^^^
../src/app.wat.patched:248224:885: error: type mismatch in call, expected [i32, i32, i64, i32] but got [i32, i32, i32, i32]
...                                                                     call 419
                                                                        ^^^^
../src/app.wat.patched:248252:883: error: type mismatch in call, expected [i32, i32, i64, i32] but got [i32, i32, i32]
...                                                                     call 419
                                                                        ^^^^
../src/app.wat.patched:248256:883: error: type mismatch in call, expected [i32, i32, i64, i32] but got [i32, i32, i32, i32]
...                                                                     call 419
                                                                        ^^^^
../src/app.wat.patched:248260:883: error: type mismatch in call, expected [i32, i32, i64, i32] but got [i32, i32, i32, i32]
...                                                                     call 419
                                                                        ^^^^
../src/app.wat.patched:248264:883: error: type mismatch in call, expected [i32, i32, i64, i32] but got [i32, i32, i32, i32]
...                                                                     call 419
                                                                        ^^^^
../src/app.wat.patched:248591:881: error: type mismatch in call, expected [i32, i32, i64, i32] but got [i32, i32, i32]
...                                                                     call 419
                                                                        ^^^^
../src/app.wat.patched:248599:881: error: type mismatch in call, expected [i32, i32, i64, i32] but got [i32, i32, i32, i32]
...                                                                     call 419
                                                                        ^^^^
../src/app.wat.patched:248607:881: error: type mismatch in call, expected [i32, i32, i64, i32] but got [i32, i32, i32, i32]
...                                                                     call 419
                                                                        ^^^^
../src/app.wat.patched:248615:881: error: type mismatch in call, expected [i32, i32, i64, i32] but got [i32, i32, i32, i32]
...                                                                     call 419
                                                                        ^^^^
../src/app.wat.patched:249212:879: error: type mismatch at end of block, expected [] but got [i32]
...                                                                          end
                                                                             ^^^
../src/app.wat.patched:249241:883: error: type mismatch in call, expected [i32, i32, i64, i32] but got [i32, i32, i32]
...                                                                     call 419
                                                                        ^^^^
../src/app.wat.patched:249245:883: error: type mismatch in call, expected [i32, i32, i64, i32] but got [i32, i32, i32, i32]
...                                                                     call 419
                                                                        ^^^^
../src/app.wat.patched:249249:883: error: type mismatch in call, expected [i32, i32, i64, i32] but got [i32, i32, i32, i32]
...                                                                     call 419
                                                                        ^^^^
../src/app.wat.patched:249253:883: error: type mismatch in call, expected [i32, i32, i64, i32] but got [i32, i32, i32, i32]
...                                                                     call 419
                                                                        ^^^^
../src/app.wat.patched:249563:885: error: type mismatch in call, expected [i32, i32, i64, i32] but got [i32, i32, i32]
...                                                                     call 419
                                                                        ^^^^
../src/app.wat.patched:249573:885: error: type mismatch in call, expected [i32, i32, i64, i32] but got [i32, i32, i32, i32]
...                                                                     call 419
                                                                        ^^^^
../src/app.wat.patched:249581:885: error: type mismatch in call, expected [i32, i32, i64, i32] but got [i32, i32, i32, i32]
...                                                                     call 419
                                                                        ^^^^
../src/app.wat.patched:250190:881: error: type mismatch in call, expected [i32, i32, i64, i32] but got [i32, i32, i32]
...                                                                     call 419
                                                                        ^^^^
../src/app.wat.patched:250194:881: error: type mismatch in call, expected [i32, i32, i64, i32] but got [i32, i32, i32, i32]
...                                                                     call 419
                                                                        ^^^^
../src/app.wat.patched:250198:881: error: type mismatch in call, expected [i32, i32, i64, i32] but got [i32, i32, i32, i32]
...                                                                     call 419
                                                                        ^^^^
../src/app.wat.patched:250202:881: error: type mismatch in call, expected [i32, i32, i64, i32] but got [i32, i32, i32, i32]
...                                                                     call 419
                                                                        ^^^^
../src/app.wat.patched:250224:881: error: type mismatch in call, expected [i32, f64, i32, i32] but got [i32, i32, i32, i32]
...                                                                     call 435
                                                                        ^^^^
../src/app.wat.patched:250225:879: error: type mismatch at end of block, expected [] but got [i32]
...                                                                          end
                                                                             ^^^
../src/app.wat.patched:250234:879: error: type mismatch in call, expected [i32, i32, i64, i32] but got [i32, i32, i32]
...                                                                     call 419
                                                                        ^^^^
../src/app.wat.patched:250238:879: error: type mismatch in call, expected [i32, i32, i64, i32] but got [i32, i32, i32, i32]
...                                                                     call 419
                                                                        ^^^^
../src/app.wat.patched:250242:879: error: type mismatch in call, expected [i32, i32, i64, i32] but got [i32, i32, i32, i32]
...                                                                     call 419
                                                                        ^^^^
../src/app.wat.patched:250263:877: error: type mismatch at end of loop, expected [] but got [i32]
...                                                                          end
                                                                             ^^^
../src/app.wat.patched:250425:869: error: type mismatch in call, expected [i32, i32, i32] but got [i32]
...                                                                     call 302
                                                                        ^^^^
../src/app.wat.patched:250551:867: error: type mismatch in call, expected [i32, f64, f64, f64, f64, i32, i32, i32, i32, f32, f32] but got [i32, i32]
...                                                                     call 445
                                                                        ^^^^
../src/app.wat.patched:250620:869: error: type mismatch in call, expected [i32, i32] but got [i32, i64]
...                                                                     call 211
                                                                        ^^^^
../src/app.wat.patched:250662:875: error: type mismatch in call, expected [i32, i32, i32, i32, i32, i32, i32, i32] but got [f64]
...                                                                     call 358
                                                                        ^^^^
../src/app.wat.patched:250663:875: error: type mismatch in local.tee, expected [f64] but got []
...                                                                local.tee 191
                                                                   ^^^^^^^^^
../src/app.wat.patched:250681:875: error: type mismatch in call, expected [i32, i32, i32, i32] but got [f64]
...                                                                     call 235
                                                                        ^^^^
../src/app.wat.patched:250682:875: error: type mismatch in br, expected [f64] but got [i32]
...                                                                br 2 (;@433;)
                                                                   ^^
../src/app.wat.patched:250686:873: error: type mismatch in call, expected [i32, i32, i32, i32] but got [f64, f64]
...                                                                     call 457
                                                                        ^^^^
../src/app.wat.patched:250687:871: error: type mismatch in block, expected [f64] but got [i32]
...                                                                          end
                                                                             ^^^
../src/app.wat.patched:250693:871: error: type mismatch in call, expected [i32, i32, i32, i32] but got [f64, f64]
...                                                                     call 457
                                                                        ^^^^
../src/app.wat.patched:250698:871: error: type mismatch in select, expected [f64, f64, i32] but got [i32, f64, i32]
...                                                                       select
                                                                          ^^^^^^
../src/app.wat.patched:250742:865: error: type mismatch at end of block, expected [] but got [i32]
...                                                                          end
                                                                             ^^^
../src/app.wat.patched:251062:873: error: type mismatch in call, expected [i32, f64, f64, i32] but got [... i32, i32, i32, i32]
...                                                                     call 246
                                                                        ^^^^
../src/app.wat.patched:251066:871: error: type mismatch at end of `if true` branch, expected [] but got [i32]
...                                                                          end
                                                                             ^^^
../src/app.wat.patched:251114:871: error: type mismatch in call, expected [i32, i32, i32] but got [i32, i32]
...                                                                     call 352
                                                                        ^^^^
../src/app.wat.patched:251130:871: error: type mismatch in call, expected [f64, f64] but got [... i32, i32]
...                                                                     call 331
                                                                        ^^^^
../src/app.wat.patched:251153:871: error: type mismatch in call, expected [i32, f64, f64, i32] but got [... i32, i32, i32, i32]
...                                                                     call 246
                                                                        ^^^^
../src/app.wat.patched:251157:869: error: type mismatch at end of `if true` branch, expected [] but got [i32]
...                                                                          end
                                                                             ^^^
../src/app.wat.patched:251222:867: error: type mismatch in call, expected [i32, f64, f64, i32] but got [... i32, i32, i32, i32]
...                                                                     call 246
                                                                        ^^^^
../src/app.wat.patched:251226:865: error: type mismatch at end of `if true` branch, expected [] but got [i32]
...                                                                          end
                                                                             ^^^
../src/app.wat.patched:251323:857: error: type mismatch in call, expected [f64, f64] but got [... i32, i32]
...                                                                     call 331
                                                                        ^^^^
../src/app.wat.patched:251342:857: error: type mismatch in call, expected [i32, f64, f64, i32] but got [... i32, i32, i32, i32]
...                                                                     call 246
                                                                        ^^^^
../src/app.wat.patched:251346:855: error: type mismatch at end of `if true` branch, expected [] but got [i32]
...                                                                          end
                                                                             ^^^
../src/app.wat.patched:251369:849: error: type mismatch at end of block, expected [] but got [i32]
...                                                                          end
                                                                             ^^^
../src/app.wat.patched:251371:849: error: type mismatch in i32.shl, expected [i32, i32] but got [i32]
...                                                                      i32.shl
                                                                         ^^^^^^^
../src/app.wat.patched:251423:849: error: type mismatch in call, expected [i32, f64, f64, f64, i32, f32, f32, i32] but got [i32]
...                                                                     call 240
                                                                        ^^^^
../src/app.wat.patched:251699:831: error: type mismatch in call, expected [i32, i32] but got [f64, f64]
...                                                                     call 344
                                                                        ^^^^
../src/app.wat.patched:251700:831: error: type mismatch in f64.mul, expected [f64, f64] but got []
...                                                                      f64.mul
                                                                         ^^^^^^^
../src/app.wat.patched:251709:831: error: type mismatch in call, expected [i32, i32] but got [... f64, f64]
...                                                                     call 344
                                                                        ^^^^
../src/app.wat.patched:251710:831: error: type mismatch in f64.mul, expected [f64, f64] but got [f64]
...                                                                      f64.mul
                                                                         ^^^^^^^
../src/app.wat.patched:251713:831: error: type mismatch in call, expected [i32] but got [... f64]
...                                                                     call 381
                                                                        ^^^^
../src/app.wat.patched:251718:831: error: type mismatch in call, expected [i32] but got [... f64]
...                                                                     call 381
                                                                        ^^^^
../src/app.wat.patched:251719:831: error: type mismatch in f64.mul, expected [f64, f64] but got [f64]
...                                                                      f64.mul
                                                                         ^^^^^^^
../src/app.wat.patched:251783:831: error: type mismatch in f64.add, expected [f64, f64] but got []
...                                                                      f64.add
                                                                         ^^^^^^^
../src/app.wat.patched:251924:831: error: type mismatch in call, expected [i32, i32, i32] but got [... f64, f64, f64]
...                                                                     call 534
                                                                        ^^^^
../src/app.wat.patched:251938:829: error: type mismatch at end of loop, expected [] but got [i32, f64, f64]
...                                                                          end
                                                                             ^^^
../src/app.wat.patched:252502:803: error: type mismatch at end of `if true` branch, expected [] but got [i32]
...                                                                          end
                                                                             ^^^
../src/app.wat.patched:252519:805: error: type mismatch at end of `if true` branch, expected [] but got [i32]
...                                                          i32.load offset=176
                                                             ^^^^^^^^
../src/app.wat.patched:252585:801: error: type mismatch at end of `if false` branch, expected [] but got [i32]
...                                                                          end
                                                                             ^^^
../src/app.wat.patched:252589:801: error: type mismatch in call, expected [i32, i32, i32, i32, i32, i32] but got [i32, i32]
...                                                                     call 362
                                                                        ^^^^
../src/app.wat.patched:252597:797: error: type mismatch at end of loop, expected [] but got [i32, i32]
...                                                                          end
                                                                             ^^^
../src/app.wat.patched:252599:797: error: type mismatch in i32.shl, expected [i32, i32] but got [i32]
...                                                                      i32.shl
                                                                         ^^^^^^^
../src/app.wat.patched:252757:777: error: type mismatch in call, expected [i32, i32] but got [i32]
...                                                                     call 405
                                                                        ^^^^
../src/app.wat.patched:252758:775: error: type mismatch at end of `if true` branch, expected [] but got [i32]
...                                                                          end
                                                                             ^^^
../src/app.wat.patched:252799:777: error: type mismatch in call, expected [i32, i32] but got [i32]
...                                                                     call 405
                                                                        ^^^^
../src/app.wat.patched:252800:775: error: type mismatch at end of `if true` branch, expected [] but got [i32]
...                                                                          end
                                                                             ^^^
../src/app.wat.patched:252812:771: error: type mismatch at end of `if false` branch, expected [] but got [i32]
...                                                                          end
                                                                             ^^^
../src/app.wat.patched:252814:771: error: type mismatch in i32.shl, expected [i32, i32] but got [i32]
...                                                                      i32.shl
                                                                         ^^^^^^^
../src/app.wat.patched:253190:761: error: type mismatch at end of `if true` branch, expected [] but got [i32]
...                                                                          end
                                                                             ^^^
../src/app.wat.patched:253423:753: error: type mismatch in call, expected [i32, i32, i32] but got [i32, i32]
...                                                                     call 302
                                                                        ^^^^
../src/app.wat.patched:253427:753: error: type mismatch in drop, expected [any] but got []
...                                                                         drop
                                                                            ^^^^
../src/app.wat.patched:253452:753: error: type mismatch in call, expected [i32, i32, i32] but got [i32, i32]
...                                                                     call 302
                                                                        ^^^^
../src/app.wat.patched:253456:753: error: type mismatch in drop, expected [any] but got []
...                                                                         drop
                                                                            ^^^^
../src/app.wat.patched:253481:753: error: type mismatch in call, expected [i32, i32, i32] but got [i32, i32]
...                                                                     call 302
                                                                        ^^^^
../src/app.wat.patched:253485:753: error: type mismatch in drop, expected [any] but got []
...                                                                         drop
                                                                            ^^^^
../src/app.wat.patched:253499:753: error: type mismatch in call, expected [f64, f64] but got [... i32, i32]
...                                                                     call 331
                                                                        ^^^^
../src/app.wat.patched:253500:751: error: type mismatch at end of `if true` branch, expected [] but got [i32, f64]
...                                                                          end
                                                                             ^^^
../src/app.wat.patched:253504:751: error: type mismatch in local.set, expected [f64] but got [... i32]
...                                                                local.set 196
                                                                   ^^^^^^^^^
../src/app.wat.patched:253511:751: error: type mismatch in call, expected [i32, i32, i32, i32, i32] but got [i32, i32, i32]
...                                                                      call 48
                                                                         ^^^^
../src/app.wat.patched:253512:751: error: type mismatch in local.set, expected [i32] but got []
...                                                                 local.set 30
                                                                    ^^^^^^^^^
../src/app.wat.patched:253516:751: error: type mismatch in local.set, expected [f64] but got [... i32]
...                                                                local.set 198
                                                                   ^^^^^^^^^
../src/app.wat.patched:253525:751: error: type mismatch in call, expected [i32, i32, i32, i32, i32, i32, i32] but got [i32, i32, i32, i32]
...                                                                     call 116
                                                                        ^^^^
../src/app.wat.patched:253538:751: error: type mismatch in call, expected [i32, f32, f32, f32, f32] but got [i32, i32, i32]
...                                                                      call 88
                                                                         ^^^^
../src/app.wat.patched:253539:751: error: type mismatch in local.set, expected [i32] but got []
...                                                                 local.set 88
                                                                    ^^^^^^^^^
../src/app.wat.patched:253681:755: error: type mismatch in call, expected [f64, f64] but got [... i32, i32]
...                                                                     call 331
                                                                        ^^^^
../src/app.wat.patched:253682:753: error: type mismatch at end of `if true` branch, expected [] but got [i32, f64]
...                                                                          end
                                                                             ^^^
../src/app.wat.patched:253691:755: error: type mismatch in call, expected [f64, f64] but got [... i32, i32]
...                                                                     call 331
                                                                        ^^^^
../src/app.wat.patched:253692:753: error: type mismatch at end of `if true` branch, expected [] but got [i32, f64]
...                                                                          end
                                                                             ^^^
../src/app.wat.patched:253701:755: error: type mismatch in call, expected [f64, f64] but got [... i32, i32]
...                                                                     call 331
                                                                        ^^^^
../src/app.wat.patched:253702:753: error: type mismatch at end of `if true` branch, expected [] but got [i32, f64]
...                                                                          end
                                                                             ^^^
../src/app.wat.patched:253711:755: error: type mismatch in call, expected [f64, f64] but got [... i32, i32]
...                                                                     call 331
                                                                        ^^^^
../src/app.wat.patched:253712:753: error: type mismatch at end of `if true` branch, expected [] but got [i32, f64]
...                                                                          end
                                                                             ^^^
../src/app.wat.patched:253722:753: error: type mismatch in call, expected [f64, f64] but got [... i32, i32]
...                                                                     call 331
                                                                        ^^^^
../src/app.wat.patched:253723:751: error: type mismatch at end of `if false` branch, expected [] but got [i32, f64]
...                                                                          end
                                                                             ^^^
../src/app.wat.patched:253733:747: error: type mismatch at end of `if false` branch, expected [] but got [i32]
...                                                                          end
                                                                             ^^^
../src/app.wat.patched:253735:747: error: type mismatch in i32.shl, expected [i32, i32] but got [i32]
...                                                                      i32.shl
                                                                         ^^^^^^^
../src/app.wat.patched:254439:695: error: type mismatch in call, expected [i32, i32, i32, i32] but got [f64, f64, f64, f64]
...                                                                     call 457
                                                                        ^^^^
../src/app.wat.patched:254440:695: error: type mismatch in f64.sub, expected [f64, f64] but got [i32]
...                                                                      f64.sub
                                                                         ^^^^^^^
../src/app.wat.patched:254442:695: error: type mismatch in f64.sub, expected [f64, f64] but got [f64]
...                                                                      f64.sub
                                                                         ^^^^^^^
../src/app.wat.patched:254487:691: error: type mismatch in call, expected [i32, i32, i32, i32, i32] but got [i32, i32]
...                                                                     call 316
                                                                        ^^^^
../src/app.wat.patched:254547:695: error: type mismatch in call, expected [i32, i32, i32, i32, i32] but got [i32, i32]
...                                                                     call 316
                                                                        ^^^^
../src/app.wat.patched:254722:693: error: type mismatch in call, expected [i32] but got [... f64]
...                                                                     call 303
                                                                        ^^^^
../src/app.wat.patched:254723:691: error: type mismatch at end of block, expected [] but got [... f64, f64, i32, i32]
...                                                                          end
                                                                             ^^^
../src/app.wat.patched:254741:689: error: type mismatch at end of loop, expected [] but got [i32]
...                                                                          end
                                                                             ^^^
../src/app.wat.patched:254989:689: error: type mismatch in call, expected [i32, i32] but got [i32]
...                                                                     call 421
                                                                        ^^^^
../src/app.wat.patched:255469:671: error: type mismatch in call, expected [i32, i32] but got [i32]
...                                                                     call 405
                                                                        ^^^^
../src/app.wat.patched:255470:669: error: type mismatch at end of `if true` branch, expected [] but got [i32]
...                                                                          end
                                                                             ^^^
../src/app.wat.patched:255494:663: error: type mismatch at end of loop, expected [] but got [i32]
...                                                                          end
                                                                             ^^^
../src/app.wat.patched:255496:663: error: type mismatch in i32.shl, expected [i32, i32] but got [i32]
...                                                                      i32.shl
                                                                         ^^^^^^^
../src/app.wat.patched:255777:651: error: type mismatch at end of `if true` branch, expected [] but got [i32]
...                                                          i32.load offset=964
                                                             ^^^^^^^^
../src/app.wat.patched:256825:631: error: type mismatch in call, expected [i32, i32] but got [... i64, i32]
...                                                                     call 319
                                                                        ^^^^
../src/app.wat.patched:257050:633: error: type mismatch in call, expected [i32, i32] but got [i32]
...                                                                     call 405
                                                                        ^^^^
../src/app.wat.patched:257051:631: error: type mismatch at end of `if true` branch, expected [] but got [i32]
...                                                                          end
                                                                             ^^^
../src/app.wat.patched:257053:631: error: type mismatch in call, expected [i32, f64, f64, f64, i32, f32, f32, i32] but got [i32]
...                                                                     call 240
                                                                        ^^^^
../src/app.wat.patched:257094:633: error: type mismatch in call, expected [i32, i32] but got [i32]
...                                                                     call 405
                                                                        ^^^^
../src/app.wat.patched:257095:631: error: type mismatch at end of `if true` branch, expected [] but got [i32]
...                                                                          end
                                                                             ^^^
../src/app.wat.patched:257097:631: error: type mismatch in call, expected [i32, i32] but got [i32]
...                                                                     call 261
                                                                        ^^^^
../src/app.wat.patched:257139:631: error: type mismatch in call, expected [i32, i32] but got [i32]
...                                                                     call 405
                                                                        ^^^^
../src/app.wat.patched:257530:639: error: type mismatch in call, expected [f64, f64] but got [... i32, i32]
...                                                                     call 331
                                                                        ^^^^
../src/app.wat.patched:257531:637: error: type mismatch at end of `if true` branch, expected [] but got [i32, f64]
...                                                                          end
                                                                             ^^^
../src/app.wat.patched:257535:637: error: type mismatch in call, expected [i32, f64, f64, f64, i32, f32, f32, i32] but got [i32]
...                                                                     call 240
                                                                        ^^^^
../src/app.wat.patched:257550:639: error: type mismatch in call, expected [f64, f64] but got [... i32, i32]
...                                                                     call 331
                                                                        ^^^^
../src/app.wat.patched:257551:637: error: type mismatch at end of `if true` branch, expected [] but got [i32, f64]
...                                                                          end
                                                                             ^^^
../src/app.wat.patched:257556:637: error: type mismatch in call, expected [i32, i32] but got [i32]
...                                                                     call 261
                                                                        ^^^^
../src/app.wat.patched:257570:637: error: type mismatch in call, expected [f64, f64] but got [... i32, i32]
...                                                                     call 331
                                                                        ^^^^
../src/app.wat.patched:257571:635: error: type mismatch at end of `if false` branch, expected [] but got [i32, f64]
...                                                                          end
                                                                             ^^^
../src/app.wat.patched:257604:629: error: type mismatch in call, expected [i32, i32] but got [... i64, i32]
...                                                                     call 319
                                                                        ^^^^
../src/app.wat.patched:257822:659: error: type mismatch in call, expected [i32, i32, i32] but got [i32]
...                                                                     call 302
                                                                        ^^^^
../src/app.wat.patched:257835:661: error: type mismatch in call, expected [i32, i32, i32, i32] but got [i32, i32, i32]
...                                                                     call 308
                                                                        ^^^^
../src/app.wat.patched:257836:659: error: type mismatch at end of `if true` branch, expected [] but got [i32]
...                                                                          end
                                                                             ^^^
../src/app.wat.patched:257935:653: error: type mismatch in call, expected [i32, i32] but got [... i64, i32]
...                                                                     call 319
                                                                        ^^^^
../src/app.wat.patched:258059:649: error: type mismatch in br_if, expected [i32] but got []
...                                                             br_if 6 (;@316;)
                                                                ^^^^^
../src/app.wat.patched:258298:645: error: type mismatch in call, expected [i32, i32] but got [... i64, i32]
...                                                                     call 319
                                                                        ^^^^
../src/app.wat.patched:258430:647: error: type mismatch in call, expected [i32, i32, i32, i32] but got [i32, i32, i32]
...                                                                     call 268
                                                                        ^^^^
../src/app.wat.patched:258466:637: error: type mismatch at end of block, expected [] but got [i32]
...                                                                          end
                                                                             ^^^
../src/app.wat.patched:258467:637: error: type mismatch in local.set, expected [i32] but got []
...                                                                 local.set 18
                                                                    ^^^^^^^^^
../src/app.wat.patched:258473:635: error: type mismatch in block, expected [i32] but got []
...                                                                          end
                                                                             ^^^
../src/app.wat.patched:258483:633: error: type mismatch at end of block, expected [] but got [i32]
...                                                                          end
                                                                             ^^^
../src/app.wat.patched:258487:633: error: type mismatch in call, expected [i32, i32, i32, i32] but got [i32, i32, i32]
...                                                                     call 308
                                                                        ^^^^
../src/app.wat.patched:258779:629: error: type mismatch in call, expected [i32, i32, i32] but got [i32]
...                                                                     call 265
                                                                        ^^^^
../src/app.wat.patched:258884:611: error: type mismatch in call, expected [i32, f64, f64, f64, f64, f64, i32, f32, f32, i32, i32] but got [i32, i32]
...                                                                     call 263
                                                                        ^^^^
../src/app.wat.patched:258900:611: error: type mismatch in call, expected [f64, f64] but got [... i32, i32]
...                                                                     call 331
                                                                        ^^^^
../src/app.wat.patched:258901:609: error: type mismatch at end of block, expected [] but got [i32, i32, f64]
...                                                                          end
                                                                             ^^^
../src/app.wat.patched:258914:611: error: type mismatch in call, expected [i32, i32] but got [... i64, i32]
...                                                                     call 319
                                                                        ^^^^
../src/app.wat.patched:259051:631: error: type mismatch in call, expected [i32, i32] but got [i32]
...                                                                     call 405
                                                                        ^^^^
../src/app.wat.patched:259052:629: error: type mismatch at end of `if true` branch, expected [] but got [i32]
...                                                                          end
                                                                             ^^^
../src/app.wat.patched:259056:629: error: type mismatch in call, expected [i32, f64, f64, f64, i32, f32, f32, i32] but got [i32]
...                                                                     call 240
                                                                        ^^^^
../src/app.wat.patched:259097:631: error: type mismatch in call, expected [i32, i32] but got [i32]
...                                                                     call 405
                                                                        ^^^^
../src/app.wat.patched:259098:629: error: type mismatch at end of `if true` branch, expected [] but got [i32]
...                                                                          end
                                                                             ^^^
../src/app.wat.patched:259102:629: error: type mismatch in call, expected [i32, i32] but got [i32]
...                                                                     call 261
                                                                        ^^^^
../src/app.wat.patched:259143:631: error: type mismatch in call, expected [i32, i32] but got [i32]
...                                                                     call 405
                                                                        ^^^^
../src/app.wat.patched:259144:629: error: type mismatch at end of `if true` branch, expected [] but got [i32]
...                                                                          end
                                                                             ^^^
../src/app.wat.patched:259200:609: error: type mismatch in call, expected [f64, f64] but got [... i32, i32]
...                                                                     call 331
                                                                        ^^^^
../src/app.wat.patched:259216:607: error: type mismatch in call, expected [i32, i32] but got [... i64, i32]
...                                                                     call 319
                                                                        ^^^^
../src/app.wat.patched:259632:607: error: type mismatch in call, expected [f64] but got [i32]
...                                                                     call 382
                                                                        ^^^^
../src/app.wat.patched:259847:595: error: type mismatch in call, expected [i32, f64, f64, i32] but got [... i32, i32, i32, i32]
...                                                                     call 246
                                                                        ^^^^
../src/app.wat.patched:259851:593: error: type mismatch at end of `if true` branch, expected [] but got [i32]
...                                                                          end
                                                                             ^^^
../src/app.wat.patched:259880:589: error: type mismatch at end of loop, expected [] but got [i32, i32]
...                                                                          end
                                                                             ^^^
../src/app.wat.patched:259882:589: error: type mismatch in i32.shl, expected [i32, i32] but got [i32]
...                                                                      i32.shl
                                                                         ^^^^^^^
../src/app.wat.patched:260108:583: error: type mismatch in call, expected [i32, i32, i32, i32] but got [f64, f64, f64, f64]
...                                                                     call 457
                                                                        ^^^^
../src/app.wat.patched:260109:583: error: type mismatch in f64.sub, expected [f64, f64] but got [i32]
...                                                                      f64.sub
                                                                         ^^^^^^^
../src/app.wat.patched:260111:583: error: type mismatch in f64.sub, expected [f64, f64] but got [f64]
...                                                                      f64.sub
                                                                         ^^^^^^^
../src/app.wat.patched:260169:587: error: type mismatch in call, expected [i32, i32, i32, i32] but got [f64, f64, f64, f64]
...                                                                     call 457
                                                                        ^^^^
../src/app.wat.patched:260170:587: error: type mismatch in f64.sub, expected [f64, f64] but got [i32]
...                                                                      f64.sub
                                                                         ^^^^^^^
../src/app.wat.patched:260172:587: error: type mismatch in f64.sub, expected [f64, f64] but got [f64]
...                                                                      f64.sub
                                                                         ^^^^^^^
../src/app.wat.patched:260270:587: error: type mismatch in call, expected [i32, i32, i32, i32, i32] but got [i32, i32]
...                                                                     call 316
                                                                        ^^^^
../src/app.wat.patched:260369:585: error: type mismatch at end of `if true` branch, expected [] but got [i32]
...                                                                          end
                                                                             ^^^
../src/app.wat.patched:262157:587: error: type mismatch in call, expected [i32, i32, i32] but got [i32, i32]
...                                                                     call 294
                                                                        ^^^^
../src/app.wat.patched:262158:587: error: type mismatch in br_if, expected [i32] but got []
...                                                             br_if 2 (;@289;)
                                                                ^^^^^
../src/app.wat.patched:262206:587: error: type mismatch in call, expected [i32, i32, f64, f64, f64, f64, f64, f64, f64, f64] but got [i32, f64, f64, i32, f64, i32, f64, i64]
...                                                                     call 554
                                                                        ^^^^
../src/app.wat.patched:262399:585: error: type mismatch at end of block, expected [] but got [i32]
...                                                                          end
                                                                             ^^^
../src/app.wat.patched:262437:585: error: type mismatch in call, expected [i32, i32, f64, f64, f64, f64, f64, f64, f64, f64] but got [i32, f64, f64, i32, f64, i32, f64, i64]
...                                                                     call 554
                                                                        ^^^^
../src/app.wat.patched:262491:577: error: type mismatch at end of loop, expected [] but got [i32]
...                                                                          end
                                                                             ^^^
../src/app.wat.patched:262493:577: error: type mismatch in i32.shl, expected [i32, i32] but got [i32]
...                                                                      i32.shl
                                                                         ^^^^^^^
../src/app.wat.patched:262614:577: error: type mismatch in call, expected [i32, i32, i32, i32] but got [f64, f64, f64, f64]
...                                                                     call 457
                                                                        ^^^^
../src/app.wat.patched:262615:577: error: type mismatch in f64.sub, expected [f64, f64] but got [i32]
...                                                                      f64.sub
                                                                         ^^^^^^^
../src/app.wat.patched:262617:577: error: type mismatch in f64.sub, expected [f64, f64] but got [f64]
...                                                                      f64.sub
                                                                         ^^^^^^^
../src/app.wat.patched:262790:573: error: type mismatch in call, expected [i32, i32] but got [i32]
...                                                                     call 405
                                                                        ^^^^
../src/app.wat.patched:262791:571: error: type mismatch at end of `if true` branch, expected [] but got [i32]
...                                                                          end
                                                                             ^^^
../src/app.wat.patched:262805:567: error: type mismatch at end of loop, expected [] but got [i32]
...                                                                          end
                                                                             ^^^
../src/app.wat.patched:262807:567: error: type mismatch in i32.shl, expected [i32, i32] but got [i32]
...                                                                      i32.shl
                                                                         ^^^^^^^
../src/app.wat.patched:262992:565: error: type mismatch at end of block, expected [] but got [i32]
...                                                                          end
                                                                             ^^^
../src/app.wat.patched:263106:557: error: type mismatch in call, expected [i32, i32] but got [i32]
...                                                                     call 405
                                                                        ^^^^
../src/app.wat.patched:263107:555: error: type mismatch at end of block, expected [] but got [i32]
...                                                                          end
                                                                             ^^^
../src/app.wat.patched:263268:557: error: type mismatch in call, expected [i32, i32, i32, i32, i32] but got [i64, i64, i32, i32]
...                                                                     call 338
                                                                        ^^^^
../src/app.wat.patched:263269:557: error: type mismatch in local.tee, expected [i64] but got [i32]
...                                                                local.tee 128
                                                                   ^^^^^^^^^
../src/app.wat.patched:263508:583: error: type mismatch in call, expected [i32, i32, i32] but got [i32]
...                                                                     call 302
                                                                        ^^^^
../src/app.wat.patched:263521:585: error: type mismatch in call, expected [i32, i32, i32, i32] but got [i32, i32, i32]
...                                                                     call 308
                                                                        ^^^^
../src/app.wat.patched:263522:583: error: type mismatch at end of `if true` branch, expected [] but got [i32]
...                                                                          end
                                                                             ^^^
../src/app.wat.patched:263623:577: error: type mismatch in call, expected [i32, i32, i32, i32, i32] but got [i64, i64, i32, i32]
...                                                                     call 338
                                                                        ^^^^
../src/app.wat.patched:263624:577: error: type mismatch in i32.wrap_i64, expected [i64] but got [i32]
...                                                                 i32.wrap_i64
                                                                    ^^^^^^^^^^^^
../src/app.wat.patched:263756:573: error: type mismatch in br_if, expected [i32] but got []
...                                                             br_if 6 (;@278;)
                                                                ^^^^^
../src/app.wat.patched:263996:569: error: type mismatch in call, expected [i32, i32, i32, i32, i32] but got [i64, i64, i32, i32]
...                                                                     call 338
                                                                        ^^^^
../src/app.wat.patched:263997:569: error: type mismatch in i32.wrap_i64, expected [i64] but got [i32]
...                                                                 i32.wrap_i64
                                                                    ^^^^^^^^^^^^
../src/app.wat.patched:264136:571: error: type mismatch in call, expected [i32, i32, i32, i32] but got [i32, i32, i32]
...                                                                     call 268
                                                                        ^^^^
../src/app.wat.patched:264172:561: error: type mismatch at end of block, expected [] but got [i32]
...                                                                          end
                                                                             ^^^
../src/app.wat.patched:264173:561: error: type mismatch in local.set, expected [i32] but got []
...                                                                 local.set 18
                                                                    ^^^^^^^^^
../src/app.wat.patched:264179:559: error: type mismatch in block, expected [i32] but got []
...                                                                          end
                                                                             ^^^
../src/app.wat.patched:264189:557: error: type mismatch at end of block, expected [] but got [i32]
...                                                                          end
                                                                             ^^^
../src/app.wat.patched:264412:559: error: type mismatch in call, expected [i32, i32, i32] but got [i32]
...                                                                     call 302
                                                                        ^^^^
../src/app.wat.patched:264499:565: error: type mismatch in call, expected [i32, f64, f64, i32] but got [... i32, i32, i32, i32]
...                                                                     call 246
                                                                        ^^^^
../src/app.wat.patched:264503:563: error: type mismatch at end of `if true` branch, expected [] but got [i32]
...                                                                          end
                                                                             ^^^
../src/app.wat.patched:264626:565: error: type mismatch in call, expected [i32, i32] but got [i32]
...                                                                     call 405
                                                                        ^^^^
../src/app.wat.patched:264627:563: error: type mismatch at end of `if true` branch, expected [] but got [i32]
...                                                                          end
                                                                             ^^^
../src/app.wat.patched:264656:561: error: type mismatch in call, expected [f64, f64] but got [... i32, i32]
...                                                                     call 331
                                                                        ^^^^
../src/app.wat.patched:264657:559: error: type mismatch at end of block, expected [] but got [i32, f64]
...                                                                          end
                                                                             ^^^
../src/app.wat.patched:264778:563: error: type mismatch in call, expected [i32, i32] but got [i32]
...                                                                     call 405
                                                                        ^^^^
../src/app.wat.patched:264779:561: error: type mismatch at end of `if true` branch, expected [] but got [i32]
...                                                                          end
                                                                             ^^^
../src/app.wat.patched:264819:557: error: type mismatch in call, expected [f64, f64] but got [... i32, i32]
...                                                                     call 331
                                                                        ^^^^
../src/app.wat.patched:264820:555: error: type mismatch at end of `if true` branch, expected [] but got [i32, f64]
...                                                                          end
                                                                             ^^^
../src/app.wat.patched:264853:567: error: type mismatch in local.tee, expected [i32] but got [... f64]
...                                                                 local.tee 64
                                                                    ^^^^^^^^^
../src/app.wat.patched:264874:571: error: type mismatch in br_if, expected [i32] but got [... f64]
...                                                             br_if 2 (;@281;)
                                                                ^^^^^
../src/app.wat.patched:264890:569: error: type mismatch at end of loop, expected [] but got [i32, i32, i32]
...                                                                          end
                                                                             ^^^
../src/app.wat.patched:264911:569: error: type mismatch in i32.eqz, expected [i32] but got [... f64]
...                                                                      i32.eqz
                                                                         ^^^^^^^
../src/app.wat.patched:264928:567: error: type mismatch at end of loop, expected [] but got [i32, i32, i32]
...                                                                          end
                                                                             ^^^
../src/app.wat.patched:265006:559: error: type mismatch at end of block, expected [] but got [i32]
...                                                                          end
                                                                             ^^^
../src/app.wat.patched:265046:565: error: type mismatch in if, expected [i32] but got [... f64]
...                                                          if  ;; label = @281
                                                             ^^
../src/app.wat.patched:265103:573: error: type mismatch in call, expected [i32, f64, f64, f64, f64, f64] but got [i32, i32, i32, i32]
...                                                                     call 535
                                                                        ^^^^
../src/app.wat.patched:265117:577: error: type mismatch in call, expected [i32, i32] but got []
...                                                                     call 287
                                                                        ^^^^
../src/app.wat.patched:265138:573: error: type mismatch in i32.eqz, expected [i32] but got []
...                                                                      i32.eqz
                                                                         ^^^^^^^
../src/app.wat.patched:265147:573: error: type mismatch in call, expected [i32, f64, f64, f64, f64, f64] but got [i32, i32, i32]
...                                                                     call 535
                                                                        ^^^^
../src/app.wat.patched:265159:577: error: type mismatch in call, expected [i32, i32] but got []
...                                                                     call 287
                                                                        ^^^^
../src/app.wat.patched:265288:563: error: type mismatch at end of loop, expected [] but got [i32, i32, i32]
...                                                                          end
                                                                             ^^^
../src/app.wat.patched:265347:555: error: type mismatch in call, expected [i32, i32, i32, i32] but got [... f64, f64, f64, i32]
...                                                                     call 413
                                                                        ^^^^
../src/app.wat.patched:265348:555: error: type mismatch in local.set, expected [i64] but got [... i32]
...                                                                local.set 141
                                                                   ^^^^^^^^^
../src/app.wat.patched:265486:555: error: type mismatch in call, expected [i32, i32] but got [... i32, i64]
...                                                                     call 211
                                                                        ^^^^
../src/app.wat.patched:265531:561: error: type mismatch in call, expected [i32, i32, i32, i32, i32, i32, i32, i32] but got [f64]
...                                                                     call 358
                                                                        ^^^^
../src/app.wat.patched:265532:561: error: type mismatch in local.tee, expected [f64] but got []
...                                                                local.tee 199
                                                                   ^^^^^^^^^
../src/app.wat.patched:265550:561: error: type mismatch in call, expected [i32, i32, i32, i32] but got [f64]
...                                                                     call 235
                                                                        ^^^^
../src/app.wat.patched:265551:561: error: type mismatch in br, expected [f64] but got [i32]
...                                                                br 2 (;@276;)
                                                                   ^^
../src/app.wat.patched:265555:559: error: type mismatch in call, expected [i32, i32, i32, i32] but got [f64, f64]
...                                                                     call 457
                                                                        ^^^^
../src/app.wat.patched:265556:557: error: type mismatch in block, expected [f64] but got [i32]
...                                                                          end
                                                                             ^^^
../src/app.wat.patched:265562:557: error: type mismatch in call, expected [i32, i32, i32, i32] but got [f64, f64]
...                                                                     call 457
                                                                        ^^^^
../src/app.wat.patched:265567:557: error: type mismatch in select, expected [f64, f64, i32] but got [i32, f64, i32]
...                                                                       select
                                                                          ^^^^^^
../src/app.wat.patched:265655:561: error: type mismatch in call, expected [i32, i32, i32, i32, i32, i32, i32, i32] but got [f64]
...                                                                     call 358
                                                                        ^^^^
../src/app.wat.patched:265656:561: error: type mismatch in local.tee, expected [f64] but got []
...                                                                local.tee 189
                                                                   ^^^^^^^^^
../src/app.wat.patched:265674:561: error: type mismatch in call, expected [i32, i32, i32, i32] but got [f64]
...                                                                     call 235
                                                                        ^^^^
../src/app.wat.patched:265675:561: error: type mismatch in br, expected [f64] but got [i32]
...                                                                br 2 (;@276;)
                                                                   ^^
../src/app.wat.patched:265679:559: error: type mismatch in call, expected [i32, i32, i32, i32] but got [f64, f64]
...                                                                     call 457
                                                                        ^^^^
../src/app.wat.patched:265680:557: error: type mismatch in block, expected [f64] but got [i32]
...                                                                          end
                                                                             ^^^
../src/app.wat.patched:265686:557: error: type mismatch in call, expected [i32, i32, i32, i32] but got [f64, f64]
...                                                                     call 457
                                                                        ^^^^
../src/app.wat.patched:265691:557: error: type mismatch in select, expected [f64, f64, i32] but got [i32, f64, i32]
...                                                                       select
                                                                          ^^^^^^
../src/app.wat.patched:265808:559: error: type mismatch in call, expected [i32, i32, i32, i32, i32] but got [i32, i32]
...                                                                     call 430
                                                                        ^^^^
../src/app.wat.patched:265906:557: error: type mismatch in call, expected [i32, i32, i32, i32, i32] but got [i32, i32]
...                                                                     call 430
                                                                        ^^^^
../src/app.wat.patched:266032:561: error: type mismatch in call, expected [i32, i32] but got [i32]
...                                                                     call 405
                                                                        ^^^^
../src/app.wat.patched:266033:559: error: type mismatch at end of `if true` branch, expected [] but got [i32]
...                                                                          end
                                                                             ^^^
../src/app.wat.patched:266089:555: error: type mismatch in call, expected [i32, i32] but got [i32]
...                                                                     call 405
                                                                        ^^^^
../src/app.wat.patched:266106:551: error: type mismatch at end of `if false` branch, expected [] but got [i32, f64]
...                                                                          end
                                                                             ^^^
../src/app.wat.patched:266300:543: error: type mismatch at end of loop, expected [] but got [i32]
...                                                                          end
                                                                             ^^^
../src/app.wat.patched:266395:539: error: type mismatch in call, expected [i32, i32] but got [... i64, i32]
...                                                                     call 319
                                                                        ^^^^
../src/app.wat.patched:266532:541: error: type mismatch in call, expected [i32, i32, i32, i32] but got [i32, i32, i32]
...                                                                     call 268
                                                                        ^^^^
../src/app.wat.patched:267063:499: error: type mismatch in call, expected [i32, i32] but got [... i64, i32]
...                                                                     call 319
                                                                        ^^^^
../src/app.wat.patched:267747:447: error: type mismatch in call, expected [i32, f64, f64, i32] but got [... i32, i32, i32, i32]
...                                                                     call 246
                                                                        ^^^^
../src/app.wat.patched:267751:445: error: type mismatch at end of `if true` branch, expected [] but got [i32]
...                                                                          end
                                                                             ^^^
../src/app.wat.patched:267920:445: error: type mismatch in call, expected [i32, i32] but got [i32]
...                                                                     call 405
                                                                        ^^^^
../src/app.wat.patched:267921:443: error: type mismatch at end of block, expected [] but got [i32]
...                                                                          end
                                                                             ^^^
../src/app.wat.patched:268067:431: error: type mismatch in call, expected [i32, i32, i64, i32] but got [i32, i32, i32, i32]
...                                                                     call 419
                                                                        ^^^^
../src/app.wat.patched:268071:431: error: type mismatch in call, expected [i32, i32, i64, i32] but got [i32, i32, i32, i32]
...                                                                     call 419
                                                                        ^^^^
../src/app.wat.patched:268075:431: error: type mismatch in call, expected [i32, i32, i64, i32] but got [i32, i32, i32, i32]
...                                                                     call 419
                                                                        ^^^^
../src/app.wat.patched:268079:431: error: type mismatch in call, expected [i32, i32, i64, i32] but got [i32, i32, i32, i32]
...                                                                     call 419
                                                                        ^^^^
../src/app.wat.patched:268337:431: error: type mismatch in call, expected [i32, i32, i64, i32] but got [i32, i32, i32, i32]
...                                                                     call 419
                                                                        ^^^^
../src/app.wat.patched:268403:429: error: type mismatch at end of loop, expected [] but got [i32]
...                                                                          end
                                                                             ^^^
../src/app.wat.patched:269075:391: error: type mismatch in call, expected [i32, i32] but got [i32]
...                                                                     call 421
                                                                        ^^^^
../src/app.wat.patched:270048:359: error: type mismatch in call, expected [i32, i32, i32, i32] but got [f64, f64, f64, f64]
...                                                                     call 457
                                                                        ^^^^
../src/app.wat.patched:270049:359: error: type mismatch in f64.sub, expected [f64, f64] but got [i32]
...                                                                      f64.sub
                                                                         ^^^^^^^
../src/app.wat.patched:270051:359: error: type mismatch in f64.sub, expected [f64, f64] but got [f64]
...                                                                      f64.sub
                                                                         ^^^^^^^
../src/app.wat.patched:270150:357: error: type mismatch in call, expected [f64, f64] but got [... i32, i32]
...                                                                     call 331
                                                                        ^^^^
../src/app.wat.patched:270151:355: error: type mismatch at end of block, expected [] but got [i32, f64]
...                                                                          end
                                                                             ^^^
../src/app.wat.patched:270533:327: error: type mismatch in i32.eqz, expected [i32] but got []
...                                                                      i32.eqz
                                                                         ^^^^^^^
../src/app.wat.patched:270613:315: error: type mismatch in br_if, expected [i32] but got []
...                                                             br_if 1 (;@154;)
                                                                ^^^^^
../src/app.wat.patched:271142:297: error: type mismatch in call, expected [i32, i32, i32] but got [i32, i32]
...                                                                     call 302
                                                                        ^^^^
../src/app.wat.patched:271145:297: error: type mismatch in br_if, expected [i32] but got []
...                                                             br_if 8 (;@138;)
                                                                ^^^^^
../src/app.wat.patched:271417:291: error: type mismatch in call, expected [i32, i32, i32] but got [i32, i32]
...                                                                     call 294
                                                                        ^^^^
../src/app.wat.patched:271418:291: error: type mismatch in i32.eqz, expected [i32] but got []
...                                                                      i32.eqz
                                                                         ^^^^^^^
../src/app.wat.patched:271619:283: error: type mismatch in local.set, expected [f64] but got [... i32]
...                                                                local.set 189
                                                                   ^^^^^^^^^
../src/app.wat.patched:271695:283: error: type mismatch in call, expected [i32, i32, i32, i32] but got [f64, i32, i32]
...                                                                     call 477
                                                                        ^^^^
../src/app.wat.patched:271704:281: error: type mismatch in call, expected [i32, i32, i32, i32, i32, i32, i32] but got [i32, i32, i32]
...                                                                     call 525
                                                                        ^^^^
../src/app.wat.patched:271789:281: error: type mismatch in call, expected [i32, i32, i32, i32] but got [i32, i32]
...                                                                     call 549
                                                                        ^^^^
../src/app.wat.patched:271801:279: error: type mismatch in call, expected [i32, i32, i32, i32] but got [... f64, f64, f64, i32]
...                                                                     call 413
                                                                        ^^^^
../src/app.wat.patched:271802:279: error: type mismatch in local.set, expected [i64] but got [... i32]
...                                                                local.set 130
                                                                   ^^^^^^^^^
../src/app.wat.patched:271920:277: error: type mismatch at end of block, expected [] but got [i32, f64]
...                                                                          end
                                                                             ^^^
../src/app.wat.patched:272353:243: error: type mismatch in call, expected [i32, i32] but got [i32]
...                                                                     call 405
                                                                        ^^^^
../src/app.wat.patched:272354:241: error: type mismatch at end of `if true` branch, expected [] but got [i32]
...                                                                          end
                                                                             ^^^
../src/app.wat.patched:272368:237: error: type mismatch at end of loop, expected [] but got [i32]
...                                                                          end
                                                                             ^^^
../src/app.wat.patched:272370:237: error: type mismatch in i32.shl, expected [i32, i32] but got [i32]
...                                                                      i32.shl
                                                                         ^^^^^^^
../src/app.wat.patched:272639:245: error: type mismatch in call, expected [i32, i32] but got [i32]
...                                                                     call 405
                                                                        ^^^^
../src/app.wat.patched:272718:245: error: type mismatch in call, expected [i32, i32] but got [i32]
...                                                                     call 405
                                                                        ^^^^
../src/app.wat.patched:272719:243: error: type mismatch at end of `if true` branch, expected [] but got [i32]
...                                                                          end
                                                                             ^^^
../src/app.wat.patched:272797:245: error: type mismatch in call, expected [i32, i32] but got [i32]
...                                                                     call 405
                                                                        ^^^^
../src/app.wat.patched:272798:243: error: type mismatch at end of `if true` branch, expected [] but got [i32]
...                                                                          end
                                                                             ^^^
../src/app.wat.patched:272854:241: error: type mismatch in call, expected [i32, i32, i32] but got [i32, i32]
...                                                                     call 352
                                                                        ^^^^
../src/app.wat.patched:272879:239: error: type mismatch at end of `if true` branch, expected [] but got [i32]
...                                                                          end
                                                                             ^^^
../src/app.wat.patched:273021:221: error: type mismatch in call, expected [i32, i32] but got [i32]
...                                                                     call 421
                                                                        ^^^^
../src/app.wat.patched:273062:219: error: type mismatch in call, expected [i32, f64, f64, f64, f64, f64, i32, f32, f32, i32] but got [i32, i32]
...                                                                     call 276
                                                                        ^^^^
../src/app.wat.patched:273135:237: error: type mismatch at end of `if true` branch, expected [] but got [i32]
...                                                                          end
                                                                             ^^^
../src/app.wat.patched:273153:239: error: type mismatch at end of `if true` branch, expected [] but got [i32]
...                                                          i32.load offset=376
                                                             ^^^^^^^^
../src/app.wat.patched:273213:235: error: type mismatch at end of `if false` branch, expected [] but got [i32]
...                                                                          end
                                                                             ^^^
../src/app.wat.patched:273217:235: error: type mismatch in call, expected [i32, i32, i32, i32, i32, i32] but got [i32, i32]
...                                                                     call 362
                                                                        ^^^^
../src/app.wat.patched:273321:233: error: type mismatch at end of `if true` branch, expected [] but got [i32]
...                                                                          end
                                                                             ^^^
../src/app.wat.patched:273339:235: error: type mismatch at end of `if true` branch, expected [] but got [i32]
...                                                          i32.load offset=364
                                                             ^^^^^^^^
../src/app.wat.patched:273373:233: error: type mismatch in call, expected [f64, f64] but got [... i32, i32]
...                                                                     call 331
                                                                        ^^^^
../src/app.wat.patched:273374:231: error: type mismatch at end of `if false` branch, expected [] but got [i32, i32, f64]
...                                                                          end
                                                                             ^^^
../src/app.wat.patched:273378:231: error: type mismatch in call, expected [i32, i32, i32, i32, i32, i32] but got [i32, i32]
...                                                                     call 362
                                                                        ^^^^
../src/app.wat.patched:273808:229: error: type mismatch in call, expected [i32, i32] but got [i32]
...                                                                     call 421
                                                                        ^^^^
../src/app.wat.patched:274636:223: error: type mismatch in call, expected [i32, i32] but got [i32]
...                                                                     call 421
                                                                        ^^^^
../src/app.wat.patched:275154:231: error: type mismatch in call, expected [i32, i32, i32] but got [i32, i32]
...                                                                     call 302
                                                                        ^^^^
../src/app.wat.patched:275158:231: error: type mismatch in drop, expected [any] but got []
...                                                                         drop
                                                                            ^^^^
../src/app.wat.patched:275348:229: error: type mismatch in call, expected [i32, i32, i32] but got [i32, i32]
...                                                                     call 352
                                                                        ^^^^
../src/app.wat.patched:275392:223: error: type mismatch in call, expected [i32, i32] but got [i32]
...                                                                     call 421
                                                                        ^^^^
../src/app.wat.patched:275432:219: error: type mismatch at end of block, expected [] but got [i32]
...                                                                          end
                                                                             ^^^
../src/app.wat.patched:275468:223: error: type mismatch in call, expected [i32, i32] but got [i32]
...                                                                     call 405
                                                                        ^^^^
../src/app.wat.patched:275469:221: error: type mismatch at end of `if true` branch, expected [] but got [i32]
...                                                                          end
                                                                             ^^^
../src/app.wat.patched:275496:215: error: type mismatch at end of block, expected [] but got [i32]
...                                                                          end
                                                                             ^^^
../src/app.wat.patched:275498:215: error: type mismatch in i32.shl, expected [i32, i32] but got [i32]
...                                                                      i32.shl
                                                                         ^^^^^^^
../src/app.wat.patched:275770:211: error: type mismatch in call, expected [i32, i32] but got [i32]
...                                                                     call 454
                                                                        ^^^^
../src/app.wat.patched:275881:211: error: type mismatch in call, expected [i32, i32, i32] but got [i32]
...                                                                     call 302
                                                                        ^^^^
../src/app.wat.patched:276003:211: error: type mismatch in call, expected [i32, f64, f64, f64, f64, f64, i32, f32, f32, i32] but got [i32, i32]
...                                                                     call 276
                                                                        ^^^^
../src/app.wat.patched:276076:235: error: type mismatch in call, expected [i32, i32] but got [i32]
...                                                                     call 405
                                                                        ^^^^
../src/app.wat.patched:276156:237: error: type mismatch in call, expected [i32, i32, f64, f64, f64, f64, f64, f64, f64, f64] but got [i32, f64, f64, i32, f64, i32, f64, i64]
...                                                                     call 554
                                                                        ^^^^
../src/app.wat.patched:276192:235: error: type mismatch in call, expected [i32, i32] but got [i32]
...                                                                     call 405
                                                                        ^^^^
../src/app.wat.patched:276194:233: error: type mismatch at end of block, expected [] but got [i32]
...                                                                          end
                                                                             ^^^
../src/app.wat.patched:276246:233: error: type mismatch in call, expected [i32, i32, i32] but got [i32]
...                                                                     call 302
                                                                        ^^^^
../src/app.wat.patched:276293:235: error: type mismatch in call, expected [i32, i32, i32] but got [i32, i32]
...                                                                     call 302
                                                                        ^^^^
../src/app.wat.patched:276318:235: error: type mismatch at end of `if true` branch, expected [] but got [i32]
...                                                                          end
                                                                             ^^^
../src/app.wat.patched:276338:237: error: type mismatch at end of `if true` branch, expected [] but got [i32]
...                                                          i32.load offset=212
                                                             ^^^^^^^^
../src/app.wat.patched:276398:233: error: type mismatch at end of `if false` branch, expected [] but got [i32]
...                                                                          end
                                                                             ^^^
../src/app.wat.patched:276402:233: error: type mismatch in call, expected [i32, i32, i32, i32, i32, i32] but got [i32]
...                                                                     call 362
                                                                        ^^^^
../src/app.wat.patched:276429:233: error: type mismatch in call, expected [i32, i32, i32] but got [i32]
...                                                                     call 302
                                                                        ^^^^
../src/app.wat.patched:276486:235: error: type mismatch in call, expected [i32, i32, i32] but got [i32, i32]
...                                                                     call 302
                                                                        ^^^^
../src/app.wat.patched:276515:235: error: type mismatch at end of `if true` branch, expected [] but got [i32]
...                                                                          end
                                                                             ^^^
../src/app.wat.patched:276537:235: error: type mismatch at end of `if true` branch, expected [] but got [i32]
...                                                                          end
                                                                             ^^^
../src/app.wat.patched:276595:233: error: type mismatch at end of `if false` branch, expected [] but got [i32]
...                                                                          end
                                                                             ^^^
../src/app.wat.patched:276599:233: error: type mismatch in call, expected [i32, i32, i32, i32, i32, i32] but got [i32]
...                                                                     call 362
                                                                        ^^^^
../src/app.wat.patched:276615:231: error: type mismatch in call, expected [i32, i32, i32] but got [i32]
...                                                                     call 302
                                                                        ^^^^
../src/app.wat.patched:276672:233: error: type mismatch in call, expected [i32, i32, i32] but got [i32, i32]
...                                                                     call 302
                                                                        ^^^^
../src/app.wat.patched:276701:233: error: type mismatch at end of `if true` branch, expected [] but got [i32]
...                                                                          end
                                                                             ^^^
../src/app.wat.patched:276723:233: error: type mismatch at end of `if true` branch, expected [] but got [i32]
...                                                                          end
                                                                             ^^^
../src/app.wat.patched:276781:231: error: type mismatch at end of `if false` branch, expected [] but got [i32]
...                                                                          end
                                                                             ^^^
../src/app.wat.patched:276785:231: error: type mismatch in call, expected [i32, i32, i32, i32, i32, i32] but got [i32]
...                                                                     call 362
                                                                        ^^^^
../src/app.wat.patched:276959:213: error: type mismatch in call, expected [i32, i32] but got [... i32, i64]
...                                                                     call 211
                                                                        ^^^^
../src/app.wat.patched:277006:219: error: type mismatch in call, expected [i32, i32, i32, i32, i32, i32, i32, i32] but got [f64]
...                                                                     call 358
                                                                        ^^^^
../src/app.wat.patched:277007:219: error: type mismatch in local.tee, expected [f64] but got []
...                                                                local.tee 194
                                                                   ^^^^^^^^^
../src/app.wat.patched:277025:219: error: type mismatch in call, expected [i32, i32, i32, i32] but got [f64]
...                                                                     call 235
                                                                        ^^^^
../src/app.wat.patched:277026:219: error: type mismatch in br, expected [f64] but got [i32]
...                                                                br 2 (;@105;)
                                                                   ^^
../src/app.wat.patched:277030:217: error: type mismatch in call, expected [i32, i32, i32, i32] but got [f64, f64]
...                                                                     call 457
                                                                        ^^^^
../src/app.wat.patched:277031:215: error: type mismatch in block, expected [f64] but got [i32]
...                                                                          end
                                                                             ^^^
../src/app.wat.patched:277037:215: error: type mismatch in call, expected [i32, i32, i32, i32] but got [f64, f64]
...                                                                     call 457
                                                                        ^^^^
../src/app.wat.patched:277042:215: error: type mismatch in select, expected [f64, f64, i32] but got [i32, f64, i32]
...                                                                       select
                                                                          ^^^^^^
../src/app.wat.patched:277086:219: error: type mismatch in call, expected [i32, i32, i32, i32, i32, i32, i32, i32] but got [f64]
...                                                                     call 358
                                                                        ^^^^
../src/app.wat.patched:277087:219: error: type mismatch in local.tee, expected [f64] but got []
...                                                                local.tee 186
                                                                   ^^^^^^^^^
../src/app.wat.patched:277103:219: error: type mismatch in call, expected [i32, i32, i32, i32] but got [f64]
...                                                                     call 235
                                                                        ^^^^
../src/app.wat.patched:277104:219: error: type mismatch in br, expected [f64] but got [i32]
...                                                                br 2 (;@105;)
                                                                   ^^
../src/app.wat.patched:277108:217: error: type mismatch in call, expected [i32, i32, i32, i32] but got [f64, f64]
...                                                                     call 457
                                                                        ^^^^
../src/app.wat.patched:277109:215: error: type mismatch in block, expected [f64] but got [i32]
...                                                                          end
                                                                             ^^^
../src/app.wat.patched:277114:215: error: type mismatch in call, expected [i32, i32, i32, i32] but got [f64, f64]
...                                                                     call 457
                                                                        ^^^^
../src/app.wat.patched:277119:215: error: type mismatch in select, expected [f64, f64, i32] but got [i32, f64, i32]
...                                                                       select
                                                                          ^^^^^^
../src/app.wat.patched:277300:215: error: type mismatch in call, expected [i32, i32, i32, i32] but got [... f64, f64, f64, f64]
...                                                                     call 537
                                                                        ^^^^
../src/app.wat.patched:277443:213: error: type mismatch in call, expected [i32, i32] but got [i32]
...                                                                     call 405
                                                                        ^^^^
../src/app.wat.patched:277502:215: error: type mismatch in call, expected [i32, i32] but got [i32]
...                                                                     call 405
                                                                        ^^^^
../src/app.wat.patched:277503:213: error: type mismatch at end of `if true` branch, expected [] but got [i32]
...                                                                          end
                                                                             ^^^
../src/app.wat.patched:277644:199: error: type mismatch in call, expected [i32, i32, f64] but got [i32, i32]
...                                                                     call 544
                                                                        ^^^^
../src/app.wat.patched:277888:199: error: type mismatch in drop, expected [any] but got []
...                                                                         drop
                                                                            ^^^^
../src/app.wat.patched:277960:203: error: type mismatch in call, expected [i32, i32] but got [i32]
...                                                                     call 405
                                                                        ^^^^
../src/app.wat.patched:278128:193: error: type mismatch at end of loop, expected [] but got [i32]
...                                                                          end
                                                                             ^^^
../src/app.wat.patched:278130:193: error: type mismatch in i32.shl, expected [i32, i32] but got [i32]
...                                                                      i32.shl
                                                                         ^^^^^^^
../src/app.wat.patched:278935:159: error: type mismatch in call, expected [i32, i32, i32] but got [i32, i32]
...                                                                     call 371
                                                                        ^^^^
../src/app.wat.patched:279184:161: error: type mismatch in call, expected [i32, i32] but got [... i64, i32]
...                                                                     call 319
                                                                        ^^^^
../src/app.wat.patched:279303:187: error: type mismatch in call, expected [i32, i32, i32] but got [i32]
...                                                                     call 302
                                                                        ^^^^
../src/app.wat.patched:279316:189: error: type mismatch in call, expected [i32, i32, i32, i32] but got [i32, i32, i32]
...                                                                     call 308
                                                                        ^^^^
../src/app.wat.patched:279317:187: error: type mismatch at end of `if true` branch, expected [] but got [i32]
...                                                                          end
                                                                             ^^^
../src/app.wat.patched:279416:181: error: type mismatch in call, expected [i32, i32] but got [... i64, i32]
...                                                                     call 319
                                                                        ^^^^
../src/app.wat.patched:279550:177: error: type mismatch in br_if, expected [i32] but got []
...                                                              br_if 6 (;@80;)
                                                                 ^^^^^
../src/app.wat.patched:279788:173: error: type mismatch in call, expected [i32, i32] but got [... i64, i32]
...                                                                     call 319
                                                                        ^^^^
../src/app.wat.patched:279929:175: error: type mismatch in call, expected [i32, i32, i32, i32] but got [i32, i32, i32]
...                                                                     call 268
                                                                        ^^^^
../src/app.wat.patched:279965:165: error: type mismatch at end of block, expected [] but got [i32]
...                                                                          end
                                                                             ^^^
../src/app.wat.patched:279966:165: error: type mismatch in local.set, expected [i32] but got []
...                                                                 local.set 56
                                                                    ^^^^^^^^^
../src/app.wat.patched:279972:163: error: type mismatch in block, expected [i32] but got []
...                                                                          end
                                                                             ^^^
../src/app.wat.patched:279973:161: error: type mismatch at end of block, expected [] but got [i32]
...                                                                          end
                                                                             ^^^
../src/app.wat.patched:279983:161: error: type mismatch in i32.and, expected [i32, i32] but got [i32]
...                                                                      i32.and
                                                                         ^^^^^^^
../src/app.wat.patched:280252:169: error: type mismatch in call, expected [f64, f64] but got [... i32, i32]
...                                                                     call 331
                                                                        ^^^^
../src/app.wat.patched:280253:167: error: type mismatch at end of block, expected [] but got [i32, f64]
...                                                                          end
                                                                             ^^^
../src/app.wat.patched:280282:157: error: type mismatch at end of `if true` branch, expected [] but got [i32]
...                                                                          end
                                                                             ^^^
../src/app.wat.patched:280284:155: error: type mismatch at end of `if false` branch, expected [] but got [i32]
...                                                                          end
                                                                             ^^^
../src/app.wat.patched:280286:155: error: type mismatch in i32.shl, expected [i32, i32] but got [i32]
...                                                                      i32.shl
                                                                         ^^^^^^^
../src/app.wat.patched:280311:157: error: type mismatch in call, expected [i32, i32, i32, i32, i32, i32, i32] but got [i32, i32]
...                                                                     call 386
                                                                        ^^^^
../src/app.wat.patched:280312:157: error: type mismatch in br_if, expected [i32] but got []
...                                                              br_if 1 (;@75;)
                                                                 ^^^^^
../src/app.wat.patched:280336:159: error: type mismatch in call, expected [i32, f64, f64, i32] but got [... i32, i32, i32, i32]
...                                                                     call 246
                                                                        ^^^^
../src/app.wat.patched:280346:157: error: type mismatch at end of `if true` branch, expected [] but got [i32]
...                                                                          end
                                                                             ^^^
../src/app.wat.patched:280372:159: error: type mismatch in call, expected [i32, f64, f64, i32] but got [... i32, i32, i32, i32]
...                                                                     call 246
                                                                        ^^^^
../src/app.wat.patched:280379:157: error: type mismatch at end of `if true` branch, expected [] but got [i32]
...                                                                          end
                                                                             ^^^
../src/app.wat.patched:280434:159: error: type mismatch in call, expected [i32, f64, f64, i32] but got [... i32, i32, i32, i32]
...                                                                     call 246
                                                                        ^^^^
../src/app.wat.patched:280438:157: error: type mismatch at end of `if true` branch, expected [] but got [i32]
...                                                                          end
                                                                             ^^^
../src/app.wat.patched:280496:175: error: type mismatch in call, expected [i32, f64, f64, i32] but got [... i32, i32, i32, i32]
...                                                                     call 246
                                                                        ^^^^
../src/app.wat.patched:280503:173: error: type mismatch at end of `if true` branch, expected [] but got [i32]
...                                                                          end
                                                                             ^^^
../src/app.wat.patched:280536:173: error: type mismatch in call, expected [i32, f64, f64, i32] but got [... i32, i32, i32, i32]
...                                                                     call 246
                                                                        ^^^^
../src/app.wat.patched:280543:171: error: type mismatch at end of `if true` branch, expected [] but got [i32]
...                                                                          end
                                                                             ^^^
../src/app.wat.patched:280578:171: error: type mismatch in call, expected [i32, f64, f64, i32] but got [... i32, i32, i32, i32]
...                                                                     call 246
                                                                        ^^^^
../src/app.wat.patched:280585:169: error: type mismatch at end of `if true` branch, expected [] but got [i32]
...                                                                          end
                                                                             ^^^
../src/app.wat.patched:280632:165: error: type mismatch at end of `if true` branch, expected [] but got [i32]
...                                                                          end
                                                                             ^^^
../src/app.wat.patched:280659:163: error: type mismatch at end of `if true` branch, expected [] but got [i32]
...                                                                          end
                                                                             ^^^
../src/app.wat.patched:280696:161: error: type mismatch in call, expected [i32, f64, f64, i32] but got [... i32, i32, i32, i32]
...                                                                     call 246
                                                                        ^^^^
../src/app.wat.patched:280702:159: error: type mismatch at end of block, expected [] but got [i32, i32]
...                                                                          end
                                                                             ^^^
../src/app.wat.patched:280703:159: error: type mismatch in local.set, expected [i32] but got []
...                                                                 local.set 21
                                                                    ^^^^^^^^^
../src/app.wat.patched:280716:157: error: type mismatch at end of block, expected [] but got [i32]
...                                                                          end
                                                                             ^^^
../src/app.wat.patched:280717:157: error: type mismatch in local.tee, expected [i32] but got []
...                                                                 local.tee 21
                                                                    ^^^^^^^^^
../src/app.wat.patched:280718:157: error: type mismatch in i32.store, expected [i32, i32] but got [i32]
...                                                        i32.store offset=5368
                                                           ^^^^^^^^^
../src/app.wat.patched:280849:147: error: type mismatch in call, expected [i32, i32] but got [... i64, i32]
...                                                                     call 319
                                                                        ^^^^
../src/app.wat.patched:280955:145: error: type mismatch at end of block, expected [] but got [i32, i32]
...                                                                          end
                                                                             ^^^
../src/app.wat.patched:281063:141: error: type mismatch at end of `if false` branch, expected [] but got [i32]
...                                                                          end
                                                                             ^^^
../src/app.wat.patched:281092:137: error: type mismatch in call, expected [i32, i32] but got [i32]
...                                                                     call 305
                                                                        ^^^^
../src/app.wat.patched:282197:97: error: type mismatch in call, expected [i32, i32] but got [... i64, i32]
...                                                                     call 319
                                                                        ^^^^
../src/app.wat.patched:282353:103: error: type mismatch in call, expected [f64, f64] but got [... i32, i32]
...                                                                     call 331
                                                                        ^^^^
../src/app.wat.patched:282506:83: error: type mismatch in call, expected [i32, i32] but got [i32]
...                                                                     call 271
                                                                        ^^^^
../src/app.wat.patched:282634:81: error: type mismatch at end of loop, expected [] but got [i32]
...                                                                          end
                                                                             ^^^
../src/app.wat.patched:282863:71: error: type mismatch in call, expected [i32, i32, i32, i32] but got [f64, f64, f64, f64]
                                                                      call 457
                                                                      ^^^^
../src/app.wat.patched:282864:71: error: type mismatch in f64.sub, expected [f64, f64] but got [i32]
                                                                      f64.sub
                                                                      ^^^^^^^
../src/app.wat.patched:282866:71: error: type mismatch in f64.sub, expected [f64, f64] but got [f64]
                                                                      f64.sub
                                                                      ^^^^^^^
../src/app.wat.patched:282926:71: error: type mismatch in call, expected [i32, i32, i32, i32] but got [f64, f64, f64, f64]
                                                                      call 457
                                                                      ^^^^
../src/app.wat.patched:282927:71: error: type mismatch in f64.sub, expected [f64, f64] but got [i32]
                                                                      f64.sub
                                                                      ^^^^^^^
../src/app.wat.patched:282929:71: error: type mismatch in f64.sub, expected [f64, f64] but got [f64]
                                                                      f64.sub
                                                                      ^^^^^^^
../src/app.wat.patched:283074:81: error: type mismatch in call, expected [i32, i32, i32] but got [i32, i32]
...                                                                     call 294
                                                                        ^^^^
../src/app.wat.patched:283075:81: error: type mismatch in i32.eqz, expected [i32] but got []
...                                                                      i32.eqz
                                                                         ^^^^^^^
../src/app.wat.patched:283107:87: error: type mismatch in call, expected [i32, f64, f64, i32] but got [... i32, i32, i32, i32]
...                                                                     call 246
                                                                        ^^^^
../src/app.wat.patched:283111:85: error: type mismatch at end of `if true` branch, expected [] but got [i32]
...                                                                          end
                                                                             ^^^
../src/app.wat.patched:283144:85: error: type mismatch in local.tee, expected [i64] but got [... i32]
...                                                                local.tee 130
                                                                   ^^^^^^^^^
../src/app.wat.patched:283253:85: error: type mismatch at end of `if true` branch, expected [] but got [i64, i64]
...                                                                       select
                                                                          ^^^^^^
../src/app.wat.patched:283640:73: error: type mismatch in call, expected [i32, i32, i32] but got [i32, i32]
                                                                        call 302
                                                                        ^^^^
../src/app.wat.patched:283644:73: error: type mismatch in drop, expected [any] but got []
                                                                        drop
                                                                        ^^^^
../src/app.wat.patched:283661:71: error: type mismatch at end of block, expected [] but got [... i32, i32, i32, i32]
                                                                      end
                                                                      ^^^
../src/app.wat.patched:283693:71: error: type mismatch at end of block, expected [] but got [... i32, i32, i32, i32]
                                                                      end
                                                                      ^^^
../src/app.wat.patched:283715:73: error: type mismatch in call, expected [i32, f64, f64, i32] but got [... i32, i32, i32, i32]
                                                                        call 246
                                                                        ^^^^
../src/app.wat.patched:283719:71: error: type mismatch at end of `if true` branch, expected [] but got [i32]
                                                                      end
                                                                      ^^^
../src/app.wat.patched:283776:85: error: type mismatch in call, expected [i32, i32] but got [i32]
...                                                                     call 405
                                                                        ^^^^
../src/app.wat.patched:283777:83: error: type mismatch at end of `if true` branch, expected [] but got [i32]
...                                                                          end
                                                                             ^^^
../src/app.wat.patched:283813:85: error: type mismatch in call, expected [i32, i32] but got [i32]
...                                                                     call 405
                                                                        ^^^^
../src/app.wat.patched:283814:83: error: type mismatch at end of `if true` branch, expected [] but got [i32]
...                                                                          end
                                                                             ^^^
../src/app.wat.patched:283849:83: error: type mismatch in call, expected [i32, i32] but got [i32]
...                                                                     call 405
                                                                        ^^^^
../src/app.wat.patched:283935:71: error: type mismatch in call, expected [i32, i32] but got [i32]
                                                                      call 421
                                                                      ^^^^
../src/app.wat.patched:283972:69: error: type mismatch in call, expected [i32, i32, i32] but got [i32, i32]
                                                                    call 465
                                                                    ^^^^
../src/app.wat.patched:284017:65: error: type mismatch at end of `if false` branch, expected [] but got [i32]
                                                                end
                                                                ^^^
../src/app.wat.patched:284093:63: error: type mismatch in call, expected [i32, i32, i32] but got [i32, i32]
                                                              call 302
                                                              ^^^^
../src/app.wat.patched:284096:63: error: type mismatch in br_if, expected [i32] but got []
                                                              br_if 2 (;@27;)
                                                              ^^^^^
../src/app.wat.patched:284172:59: error: type mismatch at end of loop, expected [] but got [i32]
                                                          end
                                                          ^^^
../src/app.wat.patched:284472:43: error: type mismatch in call, expected [i32, f64, f64, i32] but got [... i32, i32, i32, i32]
                                          call 246
                                          ^^^^
../src/app.wat.patched:284476:41: error: type mismatch at end of `if true` branch, expected [] but got [i32]
                                        end
                                        ^^^
../src/app.wat.patched:284616:37: error: type mismatch in call, expected [i32, f64, f64, i32] but got [... i32, i32, i32, i32]
                                    call 246
                                    ^^^^
../src/app.wat.patched:284620:35: error: type mismatch at end of `if true` branch, expected [] but got [i32]
                                  end
                                  ^^^
../src/app.wat.patched:284795:29: error: type mismatch in call, expected [i32, i32, i32] but got [i32, i32]
                            call 302
                            ^^^^
../src/app.wat.patched:284798:29: error: type mismatch in br_if, expected [i32] but got []
                            br_if 2 (;@10;)
                            ^^^^^
../src/app.wat.patched:284813:29: error: type mismatch in call, expected [i32, i32, i32, i32, i32, i32] but got [i32, i32, i32]
                            call 531
                            ^^^^
../src/app.wat.patched:284826:33: error: type mismatch in call, expected [f64, f64] but got [... i32, i32]
                                call 331
                                ^^^^
../src/app.wat.patched:284827:31: error: type mismatch at end of `if true` branch, expected [] but got [i32, f64]
                              end
                              ^^^
../src/app.wat.patched:284894:33: error: type mismatch in call, expected [f64, f64] but got [... i32, i32]
                                call 331
                                ^^^^
../src/app.wat.patched:284895:31: error: type mismatch at end of block, expected [] but got [... i32, i32, i32, f64]
                              end
                              ^^^
../src/app.wat.patched:284899:31: error: type mismatch in call, expected [i32, i32, i32, i32, i32, i32] but got [i32]
                              call 362
                              ^^^^
../src/app.wat.patched:284911:23: error: type mismatch at end of loop, expected [] but got [i32]
                      end
                      ^^^
../src/app.wat.patched:284913:23: error: type mismatch in i32.shl, expected [i32, i32] but got [i32]
                      i32.shl
                      ^^^^^^^
../src/app.wat.patched:285105:17: error: type mismatch in call, expected [i32, i32, i32, i32] but got [i32, i32]
                call 242
                ^^^^
../src/app.wat.patched:285111:19: error: type mismatch in call, expected [i32, i32] but got [i32, i64]
                  call 211
                  ^^^^
../src/app.wat.patched:285153:25: error: type mismatch in call, expected [i32, i32, i32, i32, i32, i32, i32, i32] but got [f64]
                        call 358
                        ^^^^
../src/app.wat.patched:285154:25: error: type mismatch in local.tee, expected [f64] but got []
                        local.tee 203
                        ^^^^^^^^^
../src/app.wat.patched:285172:25: error: type mismatch in call, expected [i32, i32, i32, i32] but got [f64]
                        call 235
                        ^^^^
../src/app.wat.patched:285173:25: error: type mismatch in br, expected [f64] but got [i32]
                        br 2 (;@8;)
                        ^^
../src/app.wat.patched:285177:23: error: type mismatch in call, expected [i32, i32, i32, i32] but got [f64, f64]
                      call 457
                      ^^^^
../src/app.wat.patched:285178:21: error: type mismatch in block, expected [f64] but got [i32]
                    end
                    ^^^
../src/app.wat.patched:285184:21: error: type mismatch in call, expected [i32, i32, i32, i32] but got [f64, f64]
                    call 457
                    ^^^^
../src/app.wat.patched:285189:21: error: type mismatch in select, expected [f64, f64, i32] but got [i32, f64, i32]
                    select
                    ^^^^^^
../src/app.wat.patched:285234:15: error: type mismatch at end of loop, expected [] but got [i32]
              end
              ^^^
../src/app.wat.patched:285463:15: error: type mismatch in call, expected [f64, f64] but got [... i32, i32]
              call 331
              ^^^^
../src/app.wat.patched:285508:13: error: type mismatch in call, expected [i32, f64, f64, i32] but got [... i32, i32, i32, i32]
            call 246
            ^^^^
../src/app.wat.patched:285512:11: error: type mismatch at end of `if true` branch, expected [] but got [i32]
          end
          ^^^
../src/app.wat.patched:285534:7: error: type mismatch at end of loop, expected [] but got [i32]
      end
      ^^^
../src/app.wat.patched:285536:7: error: type mismatch in i32.shl, expected [i32, i32] but got [i32]
      i32.shl
      ^^^^^^^
../src/app.wat.patched:285545:7: error: type mismatch in br, expected [i32] but got []
      br 0 (;@1;)
      ^^
../src/app.wat.patched:285617:5: error: type mismatch at end of function, expected [] but got [i32, i32, i32]
    call 353)
    ^^^^
../src/app.wat.patched:285758:65: error: type mismatch at end of `if true` branch, expected [] but got [i32]
                                                                i32.load
                                                                ^^^^^^^^
../src/app.wat.patched:285795:63: error: type mismatch at end of `if true` branch, expected [] but got [i32]
                                                              end
                                                              ^^^
../src/app.wat.patched:286003:61: error: type mismatch at end of block, expected [] but got [i32]
                                                            end
                                                            ^^^
../src/app.wat.patched:286158:65: error: type mismatch in call, expected [i32, i32, i32, i32, i32, i32] but got [i32, i32, i32]
                                                                call 531
                                                                ^^^^
../src/app.wat.patched:286187:67: error: type mismatch in call, expected [i32, i32, i32] but got [i32]
                                                                  call 302
                                                                  ^^^^
../src/app.wat.patched:286263:67: error: type mismatch in call, expected [i32, i32, i32, i32, i32, i32] but got [i32, i32, i32]
                                                                  call 531
                                                                  ^^^^
../src/app.wat.patched:286419:77: error: type mismatch in call, expected [f64, f64] but got [... i32, i32]
...                                                                     call 331
                                                                        ^^^^
../src/app.wat.patched:286420:75: error: type mismatch at end of `if true` branch, expected [] but got [i32, f64]
                                                                          end
                                                                          ^^^
../src/app.wat.patched:286504:75: error: type mismatch in call, expected [i32] but got [... f64]
...                                                                     call 499
                                                                        ^^^^
../src/app.wat.patched:286506:75: error: type mismatch in f64.div, expected [f64, f64] but got [i32, f64]
...                                                                      f64.div
                                                                         ^^^^^^^
../src/app.wat.patched:286507:75: error: type mismatch in f64.store, expected [i32, f64] but got [f64]
...                                                         f64.store offset=104
                                                            ^^^^^^^^^
../src/app.wat.patched:286525:67: error: type mismatch in call, expected [f64, f64] but got [... i32, i32]
                                                                  call 331
                                                                  ^^^^
../src/app.wat.patched:286526:65: error: type mismatch at end of `if true` branch, expected [] but got [i32, i32, f64]
                                                                end
                                                                ^^^
../src/app.wat.patched:286561:65: error: type mismatch in call, expected [i32, i32] but got [i32]
                                                                call 405
                                                                ^^^^
../src/app.wat.patched:286642:61: error: type mismatch in call, expected [i32, i32, i32, i32, i32, i32] but got [i32, i32, i32]
                                                            call 531
                                                            ^^^^
../src/app.wat.patched:286671:63: error: type mismatch in call, expected [i32, i32, i32] but got [i32]
                                                              call 302
                                                              ^^^^
../src/app.wat.patched:286780:63: error: type mismatch in call, expected [i32, i32, i32, i32, i32, i32] but got [i32, i32, i32]
                                                              call 531
                                                              ^^^^
../src/app.wat.patched:286995:67: error: type mismatch in call, expected [f64, f64] but got [... i32, i32]
                                                                  call 331
                                                                  ^^^^
../src/app.wat.patched:286996:65: error: type mismatch at end of `if true` branch, expected [] but got [i32, f64]
                                                                end
                                                                ^^^
../src/app.wat.patched:287158:69: error: type mismatch in call, expected [f64, f64] but got [... i32, i32]
                                                                    call 331
                                                                    ^^^^
../src/app.wat.patched:287159:67: error: type mismatch at end of `if true` branch, expected [] but got [i32, f64]
                                                                  end
                                                                  ^^^
../src/app.wat.patched:287166:67: error: type mismatch in call, expected [f64, f64] but got [... i32, i32]
                                                                  call 331
                                                                  ^^^^
../src/app.wat.patched:287229:65: error: type mismatch in call, expected [i32] but got [f64]
                                                                call 499
                                                                ^^^^
../src/app.wat.patched:287230:65: error: type mismatch in local.set, expected [f64] but got []
                                                                local.set 15
                                                                ^^^^^^^^^
../src/app.wat.patched:287247:69: error: type mismatch in call, expected [f64, f64] but got [... i32, i32]
                                                                    call 331
                                                                    ^^^^
../src/app.wat.patched:287248:67: error: type mismatch at end of `if true` branch, expected [] but got [i32, f64]
                                                                  end
                                                                  ^^^
../src/app.wat.patched:287401:63: error: type mismatch in call, expected [f64, f64] but got [... i32, i32]
                                                              call 331
                                                              ^^^^
../src/app.wat.patched:287402:61: error: type mismatch at end of `if true` branch, expected [] but got [i32, f64]
                                                            end
                                                            ^^^
../src/app.wat.patched:287409:61: error: type mismatch in call, expected [f64, f64] but got [... i32, i32]
                                                            call 331
                                                            ^^^^
../src/app.wat.patched:287496:19: error: type mismatch in call, expected [i32, i32] but got [i32]
                  call 405
                  ^^^^
../src/app.wat.patched:287543:13: error: type mismatch in call, expected [i32, i32] but got [i32]
            call 405
            ^^^^
../src/app.wat.patched:287544:11: error: type mismatch at end of block, expected [] but got [i32]
          end
          ^^^
../src/app.wat.patched:287722:9: error: type mismatch at end of loop, expected [] but got [i32]
        end
        ^^^
../src/app.wat.patched:287797:19: error: type mismatch in call, expected [i32, i32] but got [i32]
                  call 405
                  ^^^^
../src/app.wat.patched:287798:17: error: type mismatch at end of `if true` branch, expected [] but got [i32]
                end
                ^^^
../src/app.wat.patched:287904:25: error: type mismatch in call, expected [i32, i32] but got [i32]
                        call 405
                        ^^^^
../src/app.wat.patched:287905:23: error: type mismatch at end of `if true` branch, expected [] but got [i32]
                      end
                      ^^^
../src/app.wat.patched:287977:19: error: type mismatch in call, expected [i32, i32] but got [i32]
                  call 405
                  ^^^^
../src/app.wat.patched:287978:17: error: type mismatch at end of `if true` branch, expected [] but got [i32]
                end
                ^^^
../src/app.wat.patched:287982:17: error: type mismatch in call, expected [i32, i32, i32, i32] but got [i32]
                call 226
                ^^^^
../src/app.wat.patched:288014:17: error: type mismatch in call, expected [i32, i32] but got [i32]
                call 57
                ^^^^
../src/app.wat.patched:288041:17: error: type mismatch in call, expected [i32, i32] but got [i32]
                call 57
                ^^^^
../src/app.wat.patched:288069:17: error: type mismatch in call, expected [i32, i32] but got [i32]
                call 57
                ^^^^
../src/app.wat.patched:288101:17: error: type mismatch in call, expected [i32, i32] but got [i32]
                call 57
                ^^^^
../src/app.wat.patched:288103:17: error: type mismatch in call, expected [f64, f64, f64] but got [i32]
                call 507
                ^^^^
../src/app.wat.patched:288132:7: error: type mismatch in call, expected [i32, i32, i32, i32] but got [i32]
      call 380
      ^^^^
../src/app.wat.patched:288153:7: error: type mismatch in call, expected [f64, i32, i32] but got []
      call 233
      ^^^^
../src/app.wat.patched:288154:7: error: type mismatch in local.tee, expected [i32] but got [f64]
      local.tee 0
      ^^^^^^^^^
../src/app.wat.patched:288172:5: error: type mismatch at end of `if true` branch, expected [] but got [... i32, i32, i32, i32]
    end
    ^^^
../src/app.wat.patched:288173:5: error: type mismatch in call, expected [f64, i32, i32] but got []
    call 233
    ^^^^
../src/app.wat.patched:288174:5: error: type mismatch in local.tee, expected [i32] but got [f64]
    local.tee 2
    ^^^^^^^^^
../src/app.wat.patched:288330:11: error: type mismatch in call, expected [i32, i32] but got [i32]
          call 57
          ^^^^
../src/app.wat.patched:288412:19: error: type mismatch in call, expected [i32, f64, i32, i32] but got [... i32, i32, i32, i32]
                  call 452
                  ^^^^
../src/app.wat.patched:288421:17: error: type mismatch at end of `if true` branch, expected [] but got [i32, i32, i32, i32]
                end
                ^^^
../src/app.wat.patched:288444:17: error: type mismatch at end of `if true` branch, expected [] but got [i32, i32, i32, i32]
                end
                ^^^
../src/app.wat.patched:288617:17: error: type mismatch at end of `if true` branch, expected [] but got [i32, i32, i32, i32]
                end
                ^^^
../src/app.wat.patched:288704:15: error: type mismatch at end of `if true` branch, expected [] but got [... i32, i32, i32, i32]
              end
              ^^^
../src/app.wat.patched:288748:15: error: type mismatch at end of `if true` branch, expected [] but got [i32, i32, i32, i32]
              end
              ^^^
../src/app.wat.patched:288929:15: error: type mismatch at end of `if true` branch, expected [] but got [i32, i32, i32, i32]
              end
              ^^^
../src/app.wat.patched:289029:13: error: type mismatch at end of `if true` branch, expected [] but got [... i32, i32, i32, i32]
            end
            ^^^
../src/app.wat.patched:289083:13: error: type mismatch at end of `if true` branch, expected [] but got [i32, i32, i32, i32]
            end
            ^^^
../src/app.wat.patched:289262:13: error: type mismatch at end of `if true` branch, expected [] but got [i32, i32, i32, i32]
            end
            ^^^
../src/app.wat.patched:289401:11: error: type mismatch in call, expected [i32, i32, i32, i32] but got [i32, i32, i32]
          call 394
          ^^^^
../src/app.wat.patched:289402:11: error: type mismatch in br_if, expected [i32] but got []
          br_if 1 (;@2;)
          ^^^^^
../src/app.wat.patched:289415:9: error: type mismatch in call, expected [i32, i32, i32, i32] but got [i32, i32, i32]
        call 394
        ^^^^
../src/app.wat.patched:289416:9: error: type mismatch in local.set, expected [i32] but got []
        local.set 4
        ^^^^^^^^^
../src/app.wat.patched:289485:13: error: type mismatch in br_if, expected [i32] but got []
            br_if 1 (;@3;)
            ^^^^^
../src/app.wat.patched:289485:13: error: type mismatch in br_if, expected [i32] but got []
            br_if 1 (;@3;)
            ^^^^^
../src/app.wat.patched:289506:11: error: type mismatch in call, expected [i32, i32, i32, i32] but got [i32, i32, i32]
          call 394
          ^^^^
../src/app.wat.patched:289507:9: error: type mismatch in block, expected [i32] but got []
        end
        ^^^
../src/app.wat.patched:289582:5: error: type mismatch at end of `if true` branch, expected [] but got [... i32, i32, i32, i32]
    end
    ^^^
../src/app.wat.patched:289848:5: error: type mismatch at end of function, expected [] but got [i32]
    if (result i32)  ;; label = @1
    ^^
../src/app.wat.patched:290038:5: error: type mismatch in call, expected [i32, i32, i32, i32] but got [... f64, f64, f64, f64]
    call 537
    ^^^^
../src/app.wat.patched:290616:23: error: type mismatch in call, expected [i32, i32, i32] but got [i32, i32]
                      call 352
                      ^^^^
../src/app.wat.patched:290709:27: error: type mismatch in call, expected [i32, i32] but got [i32]
                          call 405
                          ^^^^
../src/app.wat.patched:290887:23: error: type mismatch in call, expected [i32, i32, i32] but got [i32]
                      call 302
                      ^^^^
../src/app.wat.patched:291036:19: error: type mismatch in call, expected [i32, i32] but got [i32]
                  call 405
                  ^^^^
../src/app.wat.patched:291043:17: error: type mismatch in call, expected [i32, i32, i32] but got [i32]
                call 302
                ^^^^
../src/app.wat.patched:291145:15: error: type mismatch at end of block, expected [] but got [i32, i32]
              end
              ^^^
../src/app.wat.patched:291612:7: error: type mismatch at end of block, expected [] but got [i32]
      end
      ^^^
../src/app.wat.patched:291735:9: error: type mismatch in local.set, expected [f64] but got [... i32]
        local.set 6
        ^^^^^^^^^
../src/app.wat.patched:291843:11: error: type mismatch in local.tee, expected [f64] but got [... i32]
          local.tee 7
          ^^^^^^^^^
../src/app.wat.patched:291856:11: error: type mismatch in i32.and, expected [i32, i32] but got [... f64, i32]
          i32.and
          ^^^^^^^
../src/app.wat.patched:291859:9: error: type mismatch at end of loop, expected [] but got [i32, i32]
        end
        ^^^
../src/app.wat.patched:291876:5: error: type mismatch at end of function, expected [] but got [i32]
    f64.store offset=8)
    ^^^^^^^^^
../src/app.wat.patched:291933:5: error: type mismatch at end of `if true` branch, expected [] but got [i32, i32, i32]
    end
    ^^^
../src/app.wat.patched:292092:15: error: type mismatch in call, expected [i32, i32, f64, f64] but got [i32, f64, i32, i32]
              call 434
              ^^^^
../src/app.wat.patched:292093:15: error: type mismatch in br, expected [i32] but got [f64]
              br 4 (;@1;)
              ^^
../src/app.wat.patched:292104:13: error: type mismatch in call, expected [i32, i32] but got [... f64, i32]
            call 218
            ^^^^
../src/app.wat.patched:292201:15: error: type mismatch in call, expected [i32, i64, i32] but got [... f64, i32, i32]
              call 451
              ^^^^
../src/app.wat.patched:292213:13: error: type mismatch in call, expected [i32, i32] but got [... f64, i32]
            call 218
            ^^^^
../src/app.wat.patched:292241:9: error: type mismatch in call, expected [i32, i64, i32] but got [... f64, i32, i32]
        call 451
        ^^^^
../src/app.wat.patched:292434:5: error: type mismatch at end of block, expected [] but got [i32]
    end)
    ^^^
../src/app.wat.patched:292466:5: error: type mismatch in call, expected [i32, i32, i32] but got [i32, i32]
    call 352
    ^^^^
../src/app.wat.patched:292475:5: error: type mismatch in call, expected [i32, i32, i32, i32] but got [i32, i32]
    call 103
    ^^^^
../src/app.wat.patched:292520:21: error: type mismatch in call, expected [i32, i32] but got [i32]
                    call 405
                    ^^^^
../src/app.wat.patched:292521:19: error: type mismatch at end of `if true` branch, expected [] but got [i32]
                  end
                  ^^^
../src/app.wat.patched:292527:21: error: type mismatch in call, expected [f64, i32, i32] but got []
                    call 233
                    ^^^^
../src/app.wat.patched:292528:21: error: type mismatch in local.tee, expected [i32] but got [f64]
                    local.tee 0
                    ^^^^^^^^^
../src/app.wat.patched:292538:19: error: type mismatch at end of `if true` branch, expected [] but got [... i32, i32, i32, i32]
                  end
                  ^^^
../src/app.wat.patched:292548:21: error: type mismatch in call, expected [f64, i32, i32] but got []
                    call 233
                    ^^^^
../src/app.wat.patched:292549:21: error: type mismatch in local.tee, expected [i32] but got [f64]
                    local.tee 0
                    ^^^^^^^^^
../src/app.wat.patched:292565:19: error: type mismatch at end of `if true` branch, expected [] but got [... i32, i32, i32, i32]
                  end
                  ^^^
../src/app.wat.patched:292572:19: error: type mismatch in call, expected [i32, f64, f64, f64, f64] but got [i32, i32]
                  call 128
                  ^^^^
../src/app.wat.patched:292720:23: error: type mismatch in call, expected [f64, i32, i32] but got []
                      call 233
                      ^^^^
../src/app.wat.patched:292721:23: error: type mismatch in local.tee, expected [i32] but got [f64]
                      local.tee 0
                      ^^^^^^^^^
../src/app.wat.patched:292733:21: error: type mismatch at end of `if true` branch, expected [] but got [... i32, i32, i32, i32]
                    end
                    ^^^
../src/app.wat.patched:292738:19: error: type mismatch at end of `if false` branch, expected [] but got [i32, i32, i32, i32]
                  end
                  ^^^
../src/app.wat.patched:292744:21: error: type mismatch in call, expected [f64, i32, i32] but got []
                    call 233
                    ^^^^
../src/app.wat.patched:292745:21: error: type mismatch in local.tee, expected [i32] but got [f64]
                    local.tee 0
                    ^^^^^^^^^
../src/app.wat.patched:292757:19: error: type mismatch at end of `if true` branch, expected [] but got [... i32, i32, i32, i32]
                  end
                  ^^^
../src/app.wat.patched:292767:21: error: type mismatch in call, expected [f64, i32, i32] but got []
                    call 233
                    ^^^^
../src/app.wat.patched:292768:21: error: type mismatch in local.tee, expected [i32] but got [f64]
                    local.tee 0
                    ^^^^^^^^^
../src/app.wat.patched:292784:19: error: type mismatch at end of `if true` branch, expected [] but got [... i32, i32, i32, i32]
                  end
                  ^^^
../src/app.wat.patched:292788:19: error: type mismatch in call, expected [i32, i32, i32] but got [i32, i32]
                  call 302
                  ^^^^
../src/app.wat.patched:292816:25: error: type mismatch in call, expected [i32, i32] but got [i32]
                        call 407
                        ^^^^
../src/app.wat.patched:292846:25: error: type mismatch in call, expected [i32, i32] but got [i32]
                        call 405
                        ^^^^
../src/app.wat.patched:292859:23: error: type mismatch at end of block, expected [] but got [i32]
                      end
                      ^^^
../src/app.wat.patched:292864:23: error: type mismatch in call, expected [i32, i64, i32, i32, i32, i32] but got [i32]
                      call 513
                      ^^^^
../src/app.wat.patched:292906:23: error: type mismatch in call, expected [i32, i32] but got [i32]
                      call 405
                      ^^^^
../src/app.wat.patched:292907:21: error: type mismatch at end of `if true` branch, expected [] but got [i32]
                    end
                    ^^^
../src/app.wat.patched:292953:11: error: type mismatch in call, expected [i32, i32, i32] but got [i32]
          call 302
          ^^^^
../src/app.wat.patched:292987:13: error: type mismatch in call, expected [i32, i32, i32] but got [i32, i32]
            call 325
            ^^^^
../src/app.wat.patched:293016:15: error: type mismatch in call, expected [i32, f64, f64, i32] but got [... i32, i32, i32, i32]
              call 246
              ^^^^
../src/app.wat.patched:293026:13: error: type mismatch at end of `if true` branch, expected [] but got [i32]
            end
            ^^^
../src/app.wat.patched:293055:15: error: type mismatch in call, expected [i32, f64, f64, i32] but got [... i32, i32, i32, i32]
              call 246
              ^^^^
../src/app.wat.patched:293062:13: error: type mismatch at end of `if true` branch, expected [] but got [i32]
            end
            ^^^
../src/app.wat.patched:293078:13: error: type mismatch in local.set, expected [i32] but got []
            local.set 3
            ^^^^^^^^^
../src/app.wat.patched:293097:11: error: type mismatch in call, expected [i32, f64, f64, i32] but got [... i32, i32, i32, i32]
          call 246
          ^^^^
../src/app.wat.patched:293104:9: error: type mismatch at end of `if true` branch, expected [] but got [i32]
        end
        ^^^
../src/app.wat.patched:293593:15: error: type mismatch in call, expected [i32, i32] but got [i32]
              call 355
              ^^^^
../src/app.wat.patched:293642:13: error: type mismatch in call, expected [i32, i32] but got [i32]
            call 355
            ^^^^
../src/app.wat.patched:294482:39: error: type mismatch in call, expected [i32, i32, i32] but got [i32]
                                      call 302
                                      ^^^^
../src/app.wat.patched:295149:17: error: type mismatch in call, expected [i32] but got [... f64]
                call 330
                ^^^^
../src/app.wat.patched:295270:13: error: type mismatch in call, expected [i32] but got [... f64]
            call 330
            ^^^^
../src/app.wat.patched:295796:5: error: type mismatch in call, expected [i32, i32, i32, i32] but got [... f64, f64, f64, i32]
    call 413
    ^^^^
../src/app.wat.patched:295797:5: error: type mismatch in local.set, expected [i64] but got [... i32]
    local.set 12
    ^^^^^^^^^
../src/app.wat.patched:296067:5: error: type mismatch at end of function, expected [] but got [i32, f64]
    i32.store8 offset=29)
    ^^^^^^^^^^
../src/app.wat.patched:296074:7: error: type mismatch in call, expected [i32, i32, i32, i32, i32] but got []
      call 463
      ^^^^
../src/app.wat.patched:296120:15: error: type mismatch in call, expected [i32, i32, i32, i32, i32] but got [i64, i64, i32, i32]
              call 338
              ^^^^
../src/app.wat.patched:296121:15: error: type mismatch in local.tee, expected [i64] but got [i32]
              local.tee 10
              ^^^^^^^^^
../src/app.wat.patched:296235:15: error: type mismatch in call, expected [i32, i32, f64, f64, f64, f64] but got [i32]
              call 167
              ^^^^
../src/app.wat.patched:296236:15: error: type mismatch in i32.eqz, expected [i32] but got []
              i32.eqz
              ^^^^^^^
../src/app.wat.patched:296272:15: error: type mismatch in call, expected [i32, i32] but got [... f64, f64]
              call 166
              ^^^^
../src/app.wat.patched:296323:13: error: type mismatch in call, expected [f64, i32, i32] but got []
            call 233
            ^^^^
../src/app.wat.patched:296324:13: error: type mismatch in local.tee, expected [i32] but got [f64]
            local.tee 4
            ^^^^^^^^^
../src/app.wat.patched:296338:11: error: type mismatch at end of `if true` branch, expected [] but got [... i32, i32, i32, i32]
          end
          ^^^
../src/app.wat.patched:296345:11: error: type mismatch in call, expected [f64, i32, i32] but got []
          call 233
          ^^^^
../src/app.wat.patched:296346:11: error: type mismatch in local.tee, expected [i32] but got [f64]
          local.tee 6
          ^^^^^^^^^
../src/app.wat.patched:296350:11: error: type mismatch in call, expected [i32, i32, f64] but got [... i32, i32, i32]
          call 177
          ^^^^
../src/app.wat.patched:296383:9: error: type mismatch at end of `if false` branch, expected [] but got [i32]
        end
        ^^^
../src/app.wat.patched:297565:9: error: type mismatch in call, expected [i32, f64, f64, f64, i32, f32, f32, i32] but got [i32, i32]
        call 240
        ^^^^
../src/app.wat.patched:297572:9: error: type mismatch in i32.eq, expected [i32, i32] but got [i32]
        i32.eq
        ^^^^^^
../src/app.wat.patched:297584:11: error: type mismatch in call, expected [f64, f64] but got [... i32, i32]
          call 331
          ^^^^
../src/app.wat.patched:297585:9: error: type mismatch at end of `if true` branch, expected [] but got [i32, f64]
        end
        ^^^
../src/app.wat.patched:297595:9: error: type mismatch in call, expected [i32, i32] but got [i32]
        call 261
        ^^^^
../src/app.wat.patched:298094:23: error: type mismatch in call, expected [i32, f64, f64, i32] but got [... i32, i32, i32, i32]
                      call 246
                      ^^^^
../src/app.wat.patched:298098:21: error: type mismatch at end of `if true` branch, expected [] but got [i32]
                    end
                    ^^^
../src/app.wat.patched:298275:15: error: type mismatch in call, expected [i32, i32, i32, i32] but got [i32, i32]
              call 209
              ^^^^
../src/app.wat.patched:298325:21: error: type mismatch in call, expected [i32, f64, f64, i32] but got [... i32, i32, i32, i32]
                    call 246
                    ^^^^
../src/app.wat.patched:298329:19: error: type mismatch at end of `if true` branch, expected [] but got [i32]
                  end
                  ^^^
../src/app.wat.patched:298477:11: error: type mismatch at end of `if true` branch, expected [] but got [i32]
          end
          ^^^
../src/app.wat.patched:298612:37: error: type mismatch in call, expected [i32, i32] but got [i32]
                                    call 405
                                    ^^^^
../src/app.wat.patched:298613:35: error: type mismatch at end of `if true` branch, expected [] but got [i32]
                                  end
                                  ^^^
../src/app.wat.patched:298617:35: error: type mismatch in call, expected [i32, f64, f64, f64, i32, f32, f32, i32] but got [i32]
                                  call 240
                                  ^^^^
../src/app.wat.patched:298658:37: error: type mismatch in call, expected [i32, i32] but got [i32]
                                    call 405
                                    ^^^^
../src/app.wat.patched:298659:35: error: type mismatch at end of `if true` branch, expected [] but got [i32]
                                  end
                                  ^^^
../src/app.wat.patched:298664:35: error: type mismatch in call, expected [i32, i32] but got [i32]
                                  call 261
                                  ^^^^
../src/app.wat.patched:298705:37: error: type mismatch in call, expected [i32, i32] but got [i32]
                                    call 405
                                    ^^^^
../src/app.wat.patched:298706:35: error: type mismatch at end of `if true` branch, expected [] but got [i32]
                                  end
                                  ^^^
../src/app.wat.patched:298747:33: error: type mismatch in call, expected [i32, f64, f64, i32] but got [... i32, i32, i32, i32]
                                call 246
                                ^^^^
../src/app.wat.patched:298751:31: error: type mismatch at end of `if true` branch, expected [] but got [i32]
                              end
                              ^^^
../src/app.wat.patched:298785:35: error: type mismatch in call, expected [i32, i32, i32, i32] but got [i32, i32, i32]
                                  call 308
                                  ^^^^
../src/app.wat.patched:298786:33: error: type mismatch at end of `if true` branch, expected [] but got [i32]
                                end
                                ^^^
../src/app.wat.patched:299248:9: error: type mismatch in call, expected [i32, i32, i32, i32] but got [i32, i32]
        call 209
        ^^^^
../src/app.wat.patched:299285:7: error: type mismatch at end of `if true` branch, expected [] but got [i32]
      end
      ^^^
../src/app.wat.patched:299392:9: error: type mismatch in call, expected [i32, i32, i32, i32] but got [i32, i32]
        call 209
        ^^^^
../src/app.wat.patched:299407:7: error: type mismatch at end of `if true` branch, expected [] but got [i32]
      end
      ^^^
../src/app.wat.patched:299416:9: error: type mismatch in call, expected [i32, i32, i32, i32] but got [i32, i32]
        call 209
        ^^^^
../src/app.wat.patched:299458:7: error: type mismatch at end of `if true` branch, expected [] but got [i32]
      end
      ^^^
../src/app.wat.patched:299480:7: error: type mismatch at end of `if true` branch, expected [] but got [i32, i32]
      end
      ^^^
../src/app.wat.patched:299508:7: error: type mismatch at end of `if true` branch, expected [] but got [i32, i32]
      end
      ^^^
../src/app.wat.patched:299826:5: error: type mismatch at end of function, expected [] but got [i32]
    local.get 5)
    ^^^^^^^^^
../src/app.wat.patched:300287:9: error: type mismatch at end of block, expected [] but got [... i32, i32, i32, i32]
        end
        ^^^
../src/app.wat.patched:300411:31: error: type mismatch at end of `if true` branch, expected [] but got [... i32, i32, i32, i32]
                              end
                              ^^^
../src/app.wat.patched:300440:31: error: type mismatch at end of `if true` branch, expected [] but got [... i32, i32, i32, i32]
                              end
                              ^^^
../src/app.wat.patched:300694:13: error: type mismatch at end of block, expected [] but got [i32]
            end
            ^^^
../src/app.wat.patched:300695:13: error: type mismatch in local.set, expected [i32] but got []
            local.set 10
            ^^^^^^^^^
../src/app.wat.patched:300708:7: error: type mismatch at end of loop, expected [] but got [i32]
      end
      ^^^
../src/app.wat.patched:300764:5: error: type mismatch at end of `if true` branch, expected [] but got [... i32, i32, i32, i32]
    end)
    ^^^
../src/app.wat.patched:300795:45: error: type mismatch in call, expected [i32, i32, i32, i32, i32, i32] but got []
                                            call 389
                                            ^^^^
../src/app.wat.patched:300799:43: error: type mismatch in call, expected [i32, i32] but got [i32]
                                          call 193
                                          ^^^^
../src/app.wat.patched:300800:43: error: type mismatch in i32.eqz, expected [i32] but got []
                                          i32.eqz
                                          ^^^^^^^
../src/app.wat.patched:300999:45: error: type mismatch in call, expected [i32, i32] but got [i32]
                                            call 405
                                            ^^^^
../src/app.wat.patched:301000:43: error: type mismatch at end of block, expected [] but got [i32]
                                          end
                                          ^^^
../src/app.wat.patched:301058:39: error: type mismatch in call, expected [i32, i32] but got [i32]
                                      call 405
                                      ^^^^
../src/app.wat.patched:301117:51: error: type mismatch in call, expected [i32, i32] but got [... i64, i32]
                                                  call 372
                                                  ^^^^
../src/app.wat.patched:301125:51: error: type mismatch in call, expected [i32, i32] but got [... i64, i32]
                                                  call 418
                                                  ^^^^
../src/app.wat.patched:301128:49: error: type mismatch at end of `if true` branch, expected [] but got [i32]
                                                end
                                                ^^^
../src/app.wat.patched:301220:47: error: type mismatch in call, expected [i32, i32] but got [i32]
                                              call 405
                                              ^^^^
../src/app.wat.patched:301262:45: error: type mismatch in call, expected [i32, i32] but got [i32]
                                            call 405
                                            ^^^^
../src/app.wat.patched:301291:41: error: type mismatch at end of block, expected [] but got [i32]
                                        end
                                        ^^^
../src/app.wat.patched:301426:21: error: type mismatch in call, expected [i32, i32] but got [i32]
                    call 405
                    ^^^^
../src/app.wat.patched:301427:19: error: type mismatch at end of block, expected [] but got [i32]
                  end
                  ^^^
../src/app.wat.patched:301478:21: error: type mismatch in call, expected [i32, i32] but got [i32]
                    call 405
                    ^^^^
../src/app.wat.patched:301479:19: error: type mismatch at end of `if true` branch, expected [] but got [i32]
                  end
                  ^^^
../src/app.wat.patched:301505:23: error: type mismatch in call, expected [i32, i32, i32] but got [i32, i32]
                      call 198
                      ^^^^
../src/app.wat.patched:301522:19: error: type mismatch in call, expected [f64] but got [i32]
                  call 500
                  ^^^^
../src/app.wat.patched:301551:23: error: type mismatch in call, expected [i32, i32, i32] but got [i32]
                      call 302
                      ^^^^
../src/app.wat.patched:301679:41: error: type mismatch in call, expected [i32] but got [... f64]
                                        call 129
                                        ^^^^
../src/app.wat.patched:301689:37: error: type mismatch at end of block, expected [] but got [i32, f64, i32]
                                    end
                                    ^^^
../src/app.wat.patched:301698:37: error: type mismatch in local.tee, expected [f64] but got [i32]
                                    local.tee 49
                                    ^^^^^^^^^
../src/app.wat.patched:301989:43: error: type mismatch in call, expected [i32] but got [... f64]
                                          call 7
                                          ^^^^
../src/app.wat.patched:301997:41: error: type mismatch at end of block, expected [] but got [i32, f64, f64, f64]
                                        end
                                        ^^^
../src/app.wat.patched:302027:35: error: type mismatch at end of block, expected [] but got [i32, i32]
                                  end
                                  ^^^
../src/app.wat.patched:302055:33: error: type mismatch at end of loop, expected [] but got [i32, i32]
                                end
                                ^^^
../src/app.wat.patched:302196:45: error: type mismatch in call, expected [i32, i32] but got [i32]
                                            call 405
                                            ^^^^
../src/app.wat.patched:302237:43: error: type mismatch in call, expected [i32, i32] but got [i32]
                                          call 405
                                          ^^^^
../src/app.wat.patched:302367:39: error: type mismatch at end of loop, expected [] but got [i32, i32]
                                      end
                                      ^^^
../src/app.wat.patched:302384:31: error: type mismatch in call, expected [i32, i32] but got [i32]
                              call 220
                              ^^^^
../src/app.wat.patched:302393:29: error: type mismatch in call, expected [i32] but got [... f64]
                            call 7
                            ^^^^
../src/app.wat.patched:302407:31: error: type mismatch in call, expected [i32, i32, i32, i32] but got [i32]
                              call 380
                              ^^^^
../src/app.wat.patched:302424:29: error: type mismatch in call, expected [i32, i32, i32, i32] but got [... f64, f64, f64, i32]
                            call 226
                            ^^^^
../src/app.wat.patched:302563:45: error: type mismatch in call, expected [i32, i32, i32] but got [i32]
                                            call 302
                                            ^^^^
../src/app.wat.patched:302613:43: error: type mismatch in call, expected [i32, i32, i32] but got [i32]
                                          call 302
                                          ^^^^
../src/app.wat.patched:302733:41: error: type mismatch in call, expected [i32, i32, i32, i32] but got [i32]
                                        call 347
                                        ^^^^
../src/app.wat.patched:302951:39: error: type mismatch in call, expected [f64, f64] but got [... i32, i32]
                                      call 331
                                      ^^^^
../src/app.wat.patched:303174:47: error: type mismatch in call, expected [i32] but got [... f64]
                                              call 7
                                              ^^^^
../src/app.wat.patched:303182:47: error: type mismatch in call, expected [i32, i32] but got [... i64, i32]
                                              call 319
                                              ^^^^
../src/app.wat.patched:303444:49: error: type mismatch in call, expected [i32, i32] but got [... i64, i32]
                                                call 319
                                                ^^^^
../src/app.wat.patched:303632:49: error: type mismatch in call, expected [f64, f64] but got [... i32, i32]
                                                call 331
                                                ^^^^
../src/app.wat.patched:303633:47: error: type mismatch at end of block, expected [] but got [i32, f64]
                                              end
                                              ^^^
../src/app.wat.patched:303637:45: error: type mismatch at end of block, expected [] but got [i32, f64, f64, f64]
                                            end
                                            ^^^
../src/app.wat.patched:303776:45: error: type mismatch at end of loop, expected [] but got [i32, i32]
                                            end
                                            ^^^
../src/app.wat.patched:303995:49: error: type mismatch in call, expected [i32, i32] but got [i32]
                                                call 405
                                                ^^^^
../src/app.wat.patched:304032:47: error: type mismatch in call, expected [i32, i32] but got [i32]
                                              call 405
                                              ^^^^
../src/app.wat.patched:304047:35: error: type mismatch at end of loop, expected [] but got [i32, i32]
                                  end
                                  ^^^
../src/app.wat.patched:304050:33: error: type mismatch in call, expected [i32, i32] but got [i32]
                                call 220
                                ^^^^
../src/app.wat.patched:304272:19: error: type mismatch in call, expected [i32] but got [... f64]
                  call 129
                  ^^^^
../src/app.wat.patched:304273:17: error: type mismatch at end of block, expected [] but got [i32]
                end
                ^^^
../src/app.wat.patched:304275:17: error: type mismatch in call, expected [i32, i32] but got [i32]
                call 22
                ^^^^
../src/app.wat.patched:304277:17: error: type mismatch in call, expected [i32, i32] but got [i32]
                call 66
                ^^^^
../src/app.wat.patched:304301:17: error: type mismatch in call, expected [i32] but got [... f64]
                call 94
                ^^^^
../src/app.wat.patched:304335:19: error: type mismatch in call, expected [i32, i32, i32] but got [i32, i32]
                  call 140
                  ^^^^
../src/app.wat.patched:304341:19: error: type mismatch in call, expected [i32, i32] but got [i32, f64]
                  call 106
                  ^^^^
../src/app.wat.patched:304372:19: error: type mismatch in call, expected [i32, f64] but got [... f64, f64]
                  call 130
                  ^^^^
../src/app.wat.patched:304373:17: error: type mismatch at end of `if true` branch, expected [] but got [i32, i32, i32]
                end
                ^^^
../src/app.wat.patched:304404:19: error: type mismatch in call, expected [i32, f64, f64, f64, f64] but got [i32, i32]
                  call 8
                  ^^^^
../src/app.wat.patched:304436:17: error: type mismatch in call, expected [i32, f64, f64, f64, f64, f64] but got [i32, i32, i32, f64, f64]
                call 80
                ^^^^
../src/app.wat.patched:304438:17: error: type mismatch in call, expected [i32, i32, i32, i32, i32] but got [i32]
                call 186
                ^^^^
../src/app.wat.patched:304464:15: error: type mismatch in call, expected [i32, i32, i32, i32, i32] but got []
              call 463
              ^^^^
../src/app.wat.patched:304506:21: error: type mismatch in call, expected [i32, i32, i32, i32, i32] but got [i64, i64, i32, i32]
                    call 338
                    ^^^^
../src/app.wat.patched:304507:21: error: type mismatch in local.tee, expected [i64] but got [i32]
                    local.tee 38
                    ^^^^^^^^^
../src/app.wat.patched:304620:21: error: type mismatch in call, expected [i32, i32, f64, f64, f64, f64] but got [i32]
                    call 167
                    ^^^^
../src/app.wat.patched:304621:21: error: type mismatch in i32.eqz, expected [i32] but got []
                    i32.eqz
                    ^^^^^^^
../src/app.wat.patched:304673:21: error: type mismatch in call, expected [i32, i32] but got [... f64, f64]
                    call 166
                    ^^^^
../src/app.wat.patched:304693:19: error: type mismatch in call, expected [i32, i32, i32] but got [i32]
                  call 302
                  ^^^^
../src/app.wat.patched:304712:19: error: type mismatch in call, expected [f64, i32, i32] but got []
                  call 233
                  ^^^^
../src/app.wat.patched:304713:19: error: type mismatch in local.tee, expected [i32] but got [f64]
                  local.tee 8
                  ^^^^^^^^^
../src/app.wat.patched:304729:17: error: type mismatch at end of `if true` branch, expected [] but got [... i32, i32, i32, i32]
                end
                ^^^
../src/app.wat.patched:304738:17: error: type mismatch in call, expected [f64, i32, i32] but got []
                call 233
                ^^^^
../src/app.wat.patched:304739:17: error: type mismatch in local.tee, expected [i32] but got [f64]
                local.tee 13
                ^^^^^^^^^
../src/app.wat.patched:304789:17: error: type mismatch in call, expected [i32, i32] but got [i32]
                call 57
                ^^^^
../src/app.wat.patched:304856:5: error: type mismatch in call, expected [i32, i32] but got [i32]
    call 57
    ^^^^
../src/app.wat.patched:304912:5: error: type mismatch in call, expected [i32, i32] but got [i32]
    call 57
    ^^^^
../src/app.wat.patched:304940:5: error: type mismatch in call, expected [i32, i32] but got [i32]
    call 57
    ^^^^
../src/app.wat.patched:304967:5: error: type mismatch in call, expected [i32, i32] but got [i32]
    call 57
    ^^^^
../src/app.wat.patched:305001:7: error: type mismatch in call, expected [i32, i32] but got [i32]
      call 57
      ^^^^
../src/app.wat.patched:305033:5: error: type mismatch in call, expected [i32, i32] but got [i32]
    call 57
    ^^^^
../src/app.wat.patched:305066:7: error: type mismatch in call, expected [i32, i32] but got [i32]
      call 57
      ^^^^
../src/app.wat.patched:305099:5: error: type mismatch in call, expected [i32, i32] but got [i32]
    call 57
    ^^^^
../src/app.wat.patched:305129:7: error: type mismatch in call, expected [i32, i32] but got [i32]
      call 57
      ^^^^
../src/app.wat.patched:305159:7: error: type mismatch in call, expected [i32, i32] but got [i32]
      call 57
      ^^^^
../src/app.wat.patched:305189:7: error: type mismatch in call, expected [i32, i32] but got [i32]
      call 57
      ^^^^
../src/app.wat.patched:305194:5: error: type mismatch in call, expected [i32, i32] but got [i32]
    call 329
    ^^^^
../src/app.wat.patched:305196:5: error: type mismatch at end of function, expected [] but got [i32]
    call 517)
    ^^^^
../src/app.wat.patched:305260:43: error: type mismatch in call, expected [i32, i32, i32, i32] but got [f64, i32, f64, f64]
                                          call 124
                                          ^^^^
../src/app.wat.patched:305268:43: error: type mismatch in call, expected [i32, i32, f64, f64] but got [i32, f64, f64]
                                          call 142
                                          ^^^^
../src/app.wat.patched:305270:43: error: type mismatch in i32.and, expected [i32, i32] but got [i32]
                                          i32.and
                                          ^^^^^^^
../src/app.wat.patched:305302:43: error: type mismatch in call, expected [i32, i32] but got [i32, f64]
                                          call 106
                                          ^^^^
../src/app.wat.patched:305320:43: error: type mismatch in call, expected [i32, i32] but got [i32]
                                          call 104
                                          ^^^^
../src/app.wat.patched:305435:39: error: type mismatch in call, expected [i32, i32, i32] but got [i32]
                                      call 302
                                      ^^^^
../src/app.wat.patched:305481:39: error: type mismatch in call, expected [i32, i32] but got [... i64, i32]
                                      call 372
                                      ^^^^
../src/app.wat.patched:305489:39: error: type mismatch in call, expected [i32, i32] but got [... i64, i32]
                                      call 418
                                      ^^^^
../src/app.wat.patched:305495:39: error: type mismatch at end of `if true` branch, expected [] but got [i32]
                                      select
                                      ^^^^^^
../src/app.wat.patched:305589:39: error: type mismatch in call, expected [i32, i32] but got [i32]
                                      call 405
                                      ^^^^
../src/app.wat.patched:305590:37: error: type mismatch at end of block, expected [] but got [i32]
                                    end
                                    ^^^
../src/app.wat.patched:305596:37: error: type mismatch in call, expected [i32, i32, f64, f64, f64, f64, f64, f64, f64, f64] but got [i32, f64]
                                    call 27
                                    ^^^^
../src/app.wat.patched:305671:37: error: type mismatch in call, expected [i32, i32] but got [... f64, f64]
                                    call 553
                                    ^^^^
../src/app.wat.patched:305675:37: error: type mismatch in call, expected [i32, i32, f64, f64, f64, f64, f64, f64, f64, f64] but got [i32, i32, f64, f64, f64, f64, f64, f64, i32, f64]
                                    call 27
                                    ^^^^
../src/app.wat.patched:305710:37: error: type mismatch in call, expected [i32, i32, i32] but got [i32]
                                    call 302
                                    ^^^^
../src/app.wat.patched:305766:37: error: type mismatch in call, expected [i32, i32] but got [... i64, i32]
                                    call 372
                                    ^^^^
../src/app.wat.patched:305774:37: error: type mismatch in call, expected [i32, i32] but got [... i64, i32]
                                    call 418
                                    ^^^^
../src/app.wat.patched:305780:37: error: type mismatch at end of `if true` branch, expected [] but got [i32]
                                    select
                                    ^^^^^^
../src/app.wat.patched:305818:37: error: type mismatch in call, expected [i32, i32] but got [i32]
                                    call 405
                                    ^^^^
../src/app.wat.patched:305819:35: error: type mismatch at end of `if true` branch, expected [] but got [i32]
                                  end
                                  ^^^
../src/app.wat.patched:305872:35: error: type mismatch in call, expected [i32, i32] but got [... f64, f64]
                                  call 553
                                  ^^^^
../src/app.wat.patched:305875:35: error: type mismatch in call, expected [i32, i32, f64, f64, f64, f64, f64, f64, f64, f64] but got [i32, i32, f64, f64, f64, f64, f64, f64, i32, f64]
                                  call 27
                                  ^^^^
../src/app.wat.patched:305929:37: error: type mismatch in call, expected [i32, i32] but got [i32]
                                    call 66
                                    ^^^^
../src/app.wat.patched:305948:37: error: type mismatch in call, expected [i32, i32, i32, i32, i32, i32] but got [... i32, f64, f64, f64, f64, f64]
                                    call 79
                                    ^^^^
../src/app.wat.patched:305971:37: error: type mismatch in call, expected [i32, i32] but got [... i32, f64]
                                    call 106
                                    ^^^^
../src/app.wat.patched:305974:35: error: type mismatch at end of `if true` branch, expected [] but got [... i32, i32, f64, f64]
                                  end
                                  ^^^
../src/app.wat.patched:305976:35: error: type mismatch in call, expected [i32, i32] but got [i32]
                                  call 66
                                  ^^^^
../src/app.wat.patched:305984:35: error: type mismatch in call, expected [i32, i32, i32, i32, i32, i32] but got [... i32, f64, f64, f64, f64, f64]
                                  call 79
                                  ^^^^
../src/app.wat.patched:306004:35: error: type mismatch in call, expected [i32, i32, f64, f64, f64, f64, f64] but got [f64, i32, i32, f64]
                                  call 16
                                  ^^^^
../src/app.wat.patched:306006:35: error: type mismatch in call, expected [i32, i32] but got [i32]
                                  call 146
                                  ^^^^
../src/app.wat.patched:306014:33: error: type mismatch in call, expected [i32, i32] but got [i32]
                                call 66
                                ^^^^
../src/app.wat.patched:306022:33: error: type mismatch in call, expected [i32, i32, i32, i32, i32, i32] but got [... i32, f64, f64, f64, f64, f64]
                                call 79
                                ^^^^
../src/app.wat.patched:306048:33: error: type mismatch in call, expected [i32, i32] but got [... i32, f64]
                                call 106
                                ^^^^
../src/app.wat.patched:306052:31: error: type mismatch in call, expected [i32, i32, i32, f64, f64] but got [i32]
                              call 81
                              ^^^^
../src/app.wat.patched:306059:29: error: type mismatch in call, expected [i32, i32] but got [i32]
                            call 66
                            ^^^^
../src/app.wat.patched:306134:35: error: type mismatch in call, expected [i32, i32, f64, f64] but got [i32, f64, f64]
                                  call 142
                                  ^^^^
../src/app.wat.patched:306164:31: error: type mismatch in call, expected [i32, i32] but got [i32]
                              call 100
                              ^^^^
../src/app.wat.patched:306193:31: error: type mismatch in call, expected [i32, i32] but got [... i32, f64]
                              call 106
                              ^^^^
../src/app.wat.patched:306213:35: error: type mismatch in call, expected [i32, i32] but got [i32]
                                  call 77
                                  ^^^^
../src/app.wat.patched:306214:33: error: type mismatch at end of block, expected [] but got [i32]
                                end
                                ^^^
../src/app.wat.patched:306221:29: error: type mismatch at end of block, expected [] but got [i32, i32, f64, f64]
                            end
                            ^^^
../src/app.wat.patched:306251:29: error: type mismatch in call, expected [i32, i32, f64, f64, f64, f64, f64] but got [f64, i32, i32, f64]
                            call 16
                            ^^^^
../src/app.wat.patched:306253:29: error: type mismatch in call, expected [i32, i32] but got [i32]
                            call 146
                            ^^^^
../src/app.wat.patched:306297:27: error: type mismatch in call, expected [i32, i32] but got [... i32, f64]
                          call 106
                          ^^^^
../src/app.wat.patched:306317:31: error: type mismatch in call, expected [i32, i32] but got [i32]
                              call 77
                              ^^^^
../src/app.wat.patched:306318:29: error: type mismatch at end of block, expected [] but got [i32]
                            end
                            ^^^
../src/app.wat.patched:306328:27: error: type mismatch in call, expected [i32, i32, i32, i32, i32] but got [... i32, f64, f64, f64, f64]
                          call 38
                          ^^^^
../src/app.wat.patched:306329:25: error: type mismatch at end of block, expected [] but got [i32, i32, f64, f64]
                        end
                        ^^^
../src/app.wat.patched:306359:25: error: type mismatch in call, expected [i32, i32, f64, f64, f64, f64, f64] but got [i32, i32, f64]
                        call 16
                        ^^^^
../src/app.wat.patched:306369:25: error: type mismatch in call, expected [i32, i32, f64, f64, f64, f64, f64, i32, f64, i32, i32, i32] but got [i32, f64, f64, f64, f64]
                        call 127
                        ^^^^
../src/app.wat.patched:307299:5: error: type mismatch in call, expected [i32, i32, i32, i32] but got [i32, i32, i32]
    call 394)
    ^^^^
../src/app.wat.patched:307299:5: error: type mismatch in implicit return, expected [i32] but got []
    call 394)
    ^^^^
../src/app.wat.patched:307756:5: error: type mismatch in call, expected [i32, i32] but got [... i64, i32]
    call 372
    ^^^^
../src/app.wat.patched:307891:31: error: type mismatch in call, expected [i32, i32, i32] but got [i32]
                              call 302
                              ^^^^
../src/app.wat.patched:307904:33: error: type mismatch in call, expected [i32, i32, i32, i32] but got [i32, i32, i32]
                                call 308
                                ^^^^
../src/app.wat.patched:307905:31: error: type mismatch at end of `if true` branch, expected [] but got [i32]
                              end
                              ^^^
../src/app.wat.patched:308007:25: error: type mismatch in call, expected [i32, i32] but got [... i64, i32]
                        call 372
                        ^^^^
../src/app.wat.patched:308139:21: error: type mismatch in br_if, expected [i32] but got []
                    br_if 6 (;@2;)
                    ^^^^^
../src/app.wat.patched:308392:17: error: type mismatch in call, expected [i32, i32] but got [... i64, i32]
                call 372
                ^^^^
../src/app.wat.patched:308806:9: error: type mismatch at end of block, expected [] but got [i32]
        end
        ^^^
../src/app.wat.patched:308808:9: error: type mismatch in i32.sub, expected [i32, i32] but got [i32]
        i32.sub
        ^^^^^^^
../src/app.wat.patched:308809:9: error: type mismatch in i32.store, expected [i32, i32] but got [i32]
        i32.store offset=8
        ^^^^^^^^^
../src/app.wat.patched:308810:7: error: type mismatch in block, expected [i32] but got []
      end
      ^^^
../src/app.wat.patched:308811:5: error: type mismatch at end of block, expected [] but got [i32, i32]
    end
    ^^^
../src/app.wat.patched:309295:19: error: type mismatch in call, expected [i32, i32] but got [i32]
                  call 405
                  ^^^^
../src/app.wat.patched:309332:17: error: type mismatch in call, expected [i32, i32] but got [i32]
                call 405
                ^^^^
../src/app.wat.patched:309575:13: error: type mismatch in call, expected [i32, i32] but got [i32]
            call 405
            ^^^^
../src/app.wat.patched:311232:5: error: type mismatch in call, expected [i32] but got [... f64]
    call 26)
    ^^^^
../src/app.wat.patched:311232:5: error: type mismatch at end of function, expected [] but got [... f64, f64, f64, i32]
    call 26)
    ^^^^
../src/app.wat.patched:311372:13: error: type mismatch in call, expected [i32, i32] but got [i32]
            call 405
            ^^^^
../src/app.wat.patched:312023:5: error: type mismatch at end of function, expected [] but got [i32]
    call 297)
    ^^^^
../src/app.wat.patched:312818:23: error: type mismatch in call, expected [i32, i32] but got [i32]
                      call 405
                      ^^^^
../src/app.wat.patched:312819:21: error: type mismatch at end of `if true` branch, expected [] but got [i32]
                    end
                    ^^^
../src/app.wat.patched:312870:23: error: type mismatch in call, expected [i32, i32] but got [i32]
                      call 405
                      ^^^^
../src/app.wat.patched:312871:21: error: type mismatch at end of `if true` branch, expected [] but got [i32]
                    end
                    ^^^
../src/app.wat.patched:312876:21: error: type mismatch in call, expected [i32, i32] but got [i32]
                    call 261
                    ^^^^
../src/app.wat.patched:312919:23: error: type mismatch in call, expected [i32, i32] but got [i32]
                      call 405
                      ^^^^
../src/app.wat.patched:312920:21: error: type mismatch at end of `if true` branch, expected [] but got [i32]
                    end
                    ^^^
../src/app.wat.patched:313077:29: error: type mismatch in call, expected [i32, i32, i32] but got [i32]
                            call 302
                            ^^^^
../src/app.wat.patched:313094:31: error: type mismatch in call, expected [i32, i32, i32, i32] but got [i32, i32, i32]
                              call 308
                              ^^^^
../src/app.wat.patched:313095:29: error: type mismatch at end of `if true` branch, expected [] but got [i32]
                            end
                            ^^^
../src/app.wat.patched:313207:23: error: type mismatch in call, expected [i32, i32, i32, i32, i32] but got [i32, i64, i64, i32, i32]
                      call 338
                      ^^^^
../src/app.wat.patched:313208:23: error: type mismatch in i32.wrap_i64, expected [i64] but got [i32]
                      i32.wrap_i64
                      ^^^^^^^^^^^^
../src/app.wat.patched:313213:23: error: type mismatch in i32.add, expected [i32, i32] but got [i32]
                      i32.add
                      ^^^^^^^
../src/app.wat.patched:313341:19: error: type mismatch in br_if, expected [i32] but got []
                  br_if 6 (;@1;)
                  ^^^^^
../src/app.wat.patched:313603:17: error: type mismatch in call, expected [i32, i32, i32, i32, i32] but got [i32, i64, i64, i32, i32]
                call 338
                ^^^^
../src/app.wat.patched:313604:17: error: type mismatch in i32.wrap_i64, expected [i64] but got [i32]
                i32.wrap_i64
                ^^^^^^^^^^^^
../src/app.wat.patched:313610:17: error: type mismatch in i32.add, expected [i32, i32] but got [i32]
                i32.add
                ^^^^^^^
../src/app.wat.patched:313828:7: error: type mismatch at end of block, expected [] but got [i32]
      end
      ^^^
../src/app.wat.patched:313829:7: error: type mismatch in local.set, expected [i32] but got []
      local.set 1
      ^^^^^^^^^
../src/app.wat.patched:313835:5: error: type mismatch in block, expected [i32] but got []
    end
    ^^^
../src/app.wat.patched:313836:5: error: type mismatch at end of function, expected [] but got [i32, i32]
    i32.const -2147483647)
    ^^^^^^^^^
../src/app.wat.patched:314049:7: error: type mismatch in call, expected [i32, i32, i32] but got [i32]
      call 302
      ^^^^
../src/app.wat.patched:314192:19: error: type mismatch in call, expected [i32, f64, f64, i32] but got [... i32, i32, i32, i32]
                  call 246
                  ^^^^
../src/app.wat.patched:314200:17: error: type mismatch at end of `if true` branch, expected [] but got [i32]
                end
                ^^^
../src/app.wat.patched:314269:21: error: type mismatch in call, expected [i32, i32, i32] but got [i32, i32]
                    call 281
                    ^^^^
../src/app.wat.patched:314270:21: error: type mismatch in local.set, expected [i32] but got []
                    local.set 3
                    ^^^^^^^^^
../src/app.wat.patched:314294:17: error: type mismatch in call, expected [i32, i32] but got [i32]
                call 454
                ^^^^
../src/app.wat.patched:314345:17: error: type mismatch in call, expected [i32, f64, f64, i32] but got [... i32, i32, i32, i32]
                call 246
                ^^^^
../src/app.wat.patched:314352:15: error: type mismatch at end of `if true` branch, expected [] but got [i32]
              end
              ^^^
../src/app.wat.patched:314477:13: error: type mismatch at end of `if false` branch, expected [] but got [i32]
            end
            ^^^
../src/app.wat.patched:314478:13: error: type mismatch in local.tee, expected [i32] but got []
            local.tee 5
            ^^^^^^^^^
../src/app.wat.patched:314479:13: error: type mismatch in i32.store, expected [i32, i32] but got [i32]
            i32.store
            ^^^^^^^^^
../src/app.wat.patched:314483:13: error: type mismatch in br_if, expected [i32] but got []
            br_if 1 (;@3;)
            ^^^^^
../src/app.wat.patched:314484:11: error: type mismatch at end of `if true` branch, expected [] but got [i32]
          end
          ^^^
../src/app.wat.patched:314523:15: error: type mismatch in call, expected [i32, i32] but got [i32]
              call 405
              ^^^^
../src/app.wat.patched:314524:13: error: type mismatch at end of `if true` branch, expected [] but got [i32]
            end
            ^^^
../src/app.wat.patched:314533:13: error: type mismatch in br, expected [i32] but got []
            br 3 (;@1;)
            ^^
../src/app.wat.patched:314556:7: error: type mismatch in call, expected [i32, i32] but got [i32]
      call 310
      ^^^^
../src/app.wat.patched:314557:5: error: type mismatch at end of `if true` branch, expected [] but got [i32]
    end
    ^^^
../src/app.wat.patched:315326:11: error: type mismatch at end of block, expected [] but got [i32]
          end
          ^^^
../src/app.wat.patched:315348:9: error: type mismatch at end of loop, expected [] but got [i32]
        end
        ^^^
../src/app.wat.patched:315835:5: error: type mismatch at end of block, expected [] but got [i32]
    end
    ^^^
../src/app.wat.patched:315878:7: error: type mismatch in call, expected [i32] but got [... f64]
      call 129
      ^^^^
../src/app.wat.patched:315879:5: error: type mismatch at end of block, expected [] but got [i32]
    end
    ^^^
../src/app.wat.patched:315881:5: error: type mismatch in call, expected [i32, i32] but got [i32]
    call 22
    ^^^^
../src/app.wat.patched:315883:5: error: type mismatch in call, expected [i32, i32] but got [i32]
    call 66
    ^^^^
../src/app.wat.patched:315903:5: error: type mismatch in call, expected [i32] but got [... f64]
    call 94
    ^^^^
../src/app.wat.patched:315932:7: error: type mismatch in call, expected [i32, i32, i32] but got [i32, i32]
      call 140
      ^^^^
../src/app.wat.patched:315942:7: error: type mismatch in call, expected [i32, i32] but got [i32, f64]
      call 106
      ^^^^
../src/app.wat.patched:315967:7: error: type mismatch in call, expected [i32, f64] but got [... f64, f64]
      call 130
      ^^^^
../src/app.wat.patched:315968:5: error: type mismatch at end of `if true` branch, expected [] but got [i32, i32, i32]
    end
    ^^^
../src/app.wat.patched:315992:7: error: type mismatch in call, expected [i32, f64, f64, f64, f64] but got [i32, i32]
      call 8
      ^^^^
../src/app.wat.patched:316023:5: error: type mismatch in call, expected [i32, i32, i32, i32, i32] but got [i32]
    call 186)
    ^^^^
../src/app.wat.patched:316023:5: error: type mismatch at end of function, expected [] but got [i32]
    call 186)
    ^^^^
../src/app.wat.patched:316163:13: error: type mismatch at end of block, expected [] but got [i32]
            end
            ^^^
../src/app.wat.patched:316198:7: error: type mismatch at end of block, expected [] but got [i32, i32]
      end
      ^^^
../src/app.wat.patched:316243:9: error: type mismatch in call, expected [i32, f64, f64, f64, f64, f64] but got [i32, i32, i32]
        call 535
        ^^^^
